time_bkjd,flux,flux_err
169.76577163039474,1.0019361819888462,0.00016679595153130223
169.78620567242615,1.0019779770239121,0.0001668037268018759
169.8066395142232,1.0020039639737595,0.00016681995509057937
169.82707355578168,1.002116933948615,0.00016680961944034943
169.84750739711308,1.0017369230024797,0.0001667977965107604
169.86794143821317,1.001719804002877,0.00016676466218579742
169.88837527907162,1.0015980431903877,0.00016678153056941494
169.9088092197053,1.002274012336861,0.00016682281669137163
169.92924325987406,1.0020775294044844,0.00016678591710220833
169.94967710003402,1.002205613451061,0.00016682714674520202
169.97011103973637,1.0018993221608727,0.00016675916490006495
169.99054507920664,1.0018205130726117,0.00016676304312219129
170.01097901843605,1.0018763426028474,0.00016676449274890843
170.03141285743914,1.00213335893472,0.00016674449919600463
170.05184679621016,1.0018662408508296,0.0001667454216857337
170.07228073474107,1.0018453433332968,0.00016672994644987034
170.09271467304643,1.0019857653976052,0.0001667407339318043
170.11314861111896,1.0019375700158408,0.00016671296510832682
170.1335826487193,1.0020614128688223,0.00016674173172681738
170.15401658632618,1.0017762504339993,0.00016672205822137063
170.19488436060055,1.0017927525327155,0.00016671091303933764
170.2153182972761,1.0025533913258724,0.0001667529898667764
170.2357522337188,1.00199370799652,0.00016670193288421985
170.25618616992142,1.001942659448155,0.00016668022613610493
170.27662020589923,1.0018241373653205,0.00016672458094838487
170.2970540416427,1.0020071255908032,0.00016673373054039168
170.31748797691398,1.0020187695950373,0.00016671840591509632
170.33792191219254,1.0016835610757904,0.00016671987436813444
170.35835584723827,1.0013348578496493,0.00016672186995816062
170.37878978181107,0.9975629716038594,0.00016653791797565322
170.3992237161583,0.9935212683328003,0.00016633165680275886
170.4196577505063,0.9925943747507094,0.00016627815239847208
170.44009158437984,0.9927101978921653,0.0001663176311936126
170.4605255180286,0.992823553430075,0.00016628551348998375
170.48095935144374,0.9952141214781948,0.00016640752687639563
170.50139338462031,1.0011327456966825,0.00016665902769865703
170.52182731733774,1.001935719313181,0.00016668256059990913
170.5422611500544,1.0015577132949274,0.00016668860384895067
170.56269518253248,1.0017526539750876,0.00016672179465287661
170.5831291145514,1.0015140675572016,0.00016667241321288923
170.6035630463375,1.0020486892880367,0.00016668879211216068
170.62399687811558,1.0019099637011664,0.00016668397257398426
170.64443090943678,1.0016065255775783,0.00016668071562045097
170.6648648405244,1.0015297214171988,0.00016667695035625063
170.68529867137113,1.001836552495663,0.00016666725480093475
170.70573270199384,1.0017605194613914,0.00016667762810380668
170.72616663215013,1.0015449897141415,0.00016667188607590117
170.74660046229837,1.0017931380957696,0.00016668186402603205
170.7670344922226,1.0015085154492225,0.00016666243526275833
170.7874684216804,1.002065114274142,0.00016669502362441223
170.8079022508973,1.001715485696671,0.00016666975870162798
170.82833618012228,1.002084238201626,0.00016668139336800702
170.84877020888234,1.00171163006613,0.00016667169781269117
170.86920403740078,1.0020135259375014,0.0001666778163670167
170.88963796569442,1.001772934591734,0.00016667346748686532
170.910071993756,1.0020461445718793,0.0001666888862437657
170.93050592134387,1.0016133114873307,0.00016666343305777142
170.95093974893825,1.0018017747081818,0.00016669178549719995
170.97137367630057,1.0021809374155979,0.0001666531162338625
170.99180770319072,1.001813033149362,0.00016666478855288354
171.01224152985378,1.0016564174367806,0.00016664048377247037
171.0326754565176,1.0022357644818929,0.00016669206789201498
171.05310948270926,1.001804319424339,0.00016666115507293021
171.07354330867383,1.001975432307755,0.00016667429584498939
171.09397723440634,1.001748952569768,0.0001666531727128255
171.1144111596659,1.0014789813192773,0.00016664837200097007
171.13484508493275,1.0016356741444694,0.0001666544529026536
171.15527900996676,1.0014269303069718,0.00016663942949849428
171.17571293452784,1.0017231969577534,0.00016665119594912032
171.1961468590962,1.0015723646909838,0.00016664679059000593
171.21658078319888,1.001616241766542,0.00016666158807831326
171.23701470706146,1.001626189293338,0.00016663445934974984
171.25744853069773,1.0015449897141415,0.00016666138098878224
171.2778825541027,1.0016344403426962,0.00016664810843247606
171.29831647726678,1.0015190798769051,0.00016664003194076635
171.31875030020456,1.0015567108309866,0.00016662195867260472
171.33918432291102,1.0013439571377265,0.00016663440287078684
171.3596182451438,1.0017422437726264,0.00016664825904304408
171.38005216738384,1.0013692500740763,0.00016666821494330585
171.40048598915746,1.0015129879806501,0.0001666553189134197
171.4209200106925,1.0012850431030578,0.0001666711518493821
171.44135393200122,1.0013277634894535,0.00016662643933700312
171.46178775330918,1.0008850599907195,0.00016662024547739357
171.4822217739129,1.001285351553501,0.00016665289031801047
171.50265569452313,1.0015837773573855,0.00016668094153630297
171.52308951489977,1.0013827447809702,0.00016666631348488466
171.54352343504434,1.0013935405464855,0.00016666239761011634
171.56395745471673,1.00112688513826,0.00016663760334535713
171.58439127439487,1.0013481983313217,0.00016662337064667985
171.60482519360085,1.0009849208217352,0.00016664694120057394
171.62525921258202,1.0011550312412103,0.00016663336742313173
171.64569303132885,1.0014058785642173,0.00016665701328230984
171.6661269498436,1.0010452999960093,0.00016660040253505781
171.68656086811825,1.0009961021503044,0.00016663156009631558
171.7069948861681,1.0010934953777737,0.00016661218781200486
171.7274287037435,1.00127401599971,0.00016664146274116245
171.74786262132693,1.0009512226108055,0.00016662536623670603
171.76829663844546,1.0012937568280806,0.00016665394459198658
171.78873045556247,1.0011049080441754,0.0001666264016843611
171.8091643722073,1.0008904578734772,0.00016661329856494395
171.82959818862582,1.0014285496717992,0.00016663918475632125
171.85003220480576,1.001226129068389,0.00016662990338006743
171.87046612075937,1.001065117936991,0.00016661188659086883
171.89090003648016,1.0007744805067995,0.00016660942034281762
171.91133395196812,1.0011265766878168,0.0001666328214598227
171.93176786698314,1.0006926640267164,0.0001665879018579127
171.95220178200543,1.000728984066414,0.00016660394188340613
171.9726355965613,1.000893079702245,0.00016658330823558827
171.9930696108786,1.000658965815787,0.00016660441254143116
172.01350352496956,1.0009374194534681,0.00016660874259526154
172.03393733882695,1.0005341976114754,0.00016658003245573398
172.05437135244574,1.001375419082942,0.00016659991305071175
172.07480526583822,1.001036354933154,0.00016659757858690754
172.09523907898983,1.0011776252361815,0.00016660092967204585
172.11567299168382,1.001049849640048,0.00016660542916276526
172.13610700437857,1.0006966738824792,0.00016658264931435323
172.15654091659962,1.0008384068611718,0.00016658436250956436
172.17697472859436,1.0005358169763028,0.00016657875226590586
172.19740874059062,1.000988930677498,0.00016657476108585353
172.21784265211318,1.0008467350231405,0.0001665856991783555
172.23827646340942,1.0006374513973673,0.00016658605687845454
172.25871037424076,1.0013663969074758,0.00016664656467415393
172.2791443850656,1.0012220421000155,0.00016661075701160873
172.29957819566334,1.0006798633333198,0.00016660420545190014
172.3200121057962,1.0007705477636475,0.00016658662166808459
172.34044611592253,1.0007628365025651,0.0001665825175301062
172.36087992558896,1.0009481381063725,0.00016656918849483702
172.38131383502332,1.0012564343244423,0.00016659754093426555
172.40174774422485,1.0009923236323741,0.0001665533555588746
172.42218165318627,1.0006113102222982,0.0001665174725910454
172.44261556192214,1.0006932038149923,0.00016652997326819052
172.46304947018507,1.0005709803268379,0.00016649194409976714
172.48348347845604,1.00121309703716,0.00016658076668225305
172.50391728625982,1.000572676804276,0.00016651014915217575
172.52435119406437,1.0010251736045848,0.0001665521506743305
172.5447850013952,1.0006579633518462,0.0001665172466751934
172.56521900850203,1.0011953611366706,0.0001665475382256851
172.58565291536797,1.000738160467102,0.00016652268748196288
172.6060867220076,1.0007356157509448,0.0001665397629551114
172.62652072841593,1.0003003150628498,0.00016646993613051618
172.64695463459066,1.0009400412822362,0.00016652481485623607
172.66738854029245,1.000700683738242,0.00016648610794025662
172.68782234576793,1.0005001909501026,0.00016648727517215873
172.70825635123765,1.0006116957853524,0.0001665027504080221
172.72869025624823,1.000546150066153,0.00016647217646271537
172.7491240610252,1.0004257772806584,0.00016649422208460835
172.7695580655709,1.0005646570927504,0.0001664823803286983
172.7899919698757,1.000770856214091,0.00016649120987324807
172.8104257739542,1.0004173720060787,0.00016647040678854122
172.8308596775678,1.0005235560711818,0.00016648767052489976
172.85129368117487,1.0004271653076533,0.00016646730044557595
172.87172748432204,1.0004200709474576,0.0001664769395219288
172.89216138746997,1.0003443463636295,0.00016646534250819176
172.91259539014573,1.0005767637726497,0.00016648426296079845
172.9330291925944,1.0007262080124244,0.0001664746991897296
172.953463094811,1.000277566842657,0.00016646155841767044
172.97389699678752,1.000153492651843,0.00016645762371658108
172.9943309983064,1.0004541547214414,0.0001664769206956078
173.01476479982375,1.0004413540280448,0.0001664836793448474
173.03519870086893,1.000367171696433,0.00016646536133451277
173.05563270192215,1.0002693929059097,0.00016646963490938015
173.07606650250818,1.0004196082717927,0.00016646762049303296
173.09650040285487,1.000258365802562,0.00016646302687070856
173.116934302976,1.000535277188027,0.00016645380197341774
173.1373682028643,1.0006839503016935,0.0001664656625556488
173.17823600170232,1.0004883927206467,0.00016646771462463798
173.19866990089213,1.0003565301561395,0.00016645161812018155
173.219103799609,1.0000621913206287,0.00016643902331143142
173.23953769833315,1.0000775367301824,0.00016643776194792432
173.25997149659088,1.0002218144250319,0.00016643971988530848
173.28040549461002,1.0002010711327207,0.00016644565017642402
173.30083939240285,1.0002095535199111,0.00016645069563045247
173.32127318996208,1.0003810519663812,0.00016645751075865508
173.3417071870499,1.0001927429707518,0.00016643269766757486
173.36214108414424,1.0001881933267132,0.00016643877856925842
173.38257488077215,1.000121645143573,0.00016644047293814856
173.40300877739355,1.0002944545044272,0.00016643292358342688
173.42344277355733,1.0000534004829948,0.00016642245614894994
173.44387656948675,1.0001202571165784,0.00016640485353881337
173.46431046517682,1.0005801567275259,0.00016645304892057769
173.4847444606421,1.0003750371827371,0.00016641447378884524
173.5051783558738,1.000210016195576,0.0001664385526534064
173.5256121506318,1.0003424956609699,0.00016642149600657887
173.54604604539782,1.0002358489202017,0.0001664410942067416
173.56648003969894,1.0006823309368662,0.00016644587609227605
173.58691383399128,1.0002935291530972,0.00016642721920816336
173.60734772782598,1.0001162472608154,0.00016641577280499434
173.62778172142862,0.9999251622111964,0.00016640869410829772
173.64821551478963,1.0004553114106036,0.00016643386489947697
173.668649407693,0.9999995758806405,0.00016641479383630226
173.6890833005964,1.0006139320510663,0.00016644410641810186
173.70951719325967,1.000197909515677,0.00016641225228296704
173.72995108546456,1.0003940839976102,0.00016646014644359532
173.75038497743662,0.9999481417692216,0.00016638885116596197
173.77081896916934,1.0001121602924419,0.0001664219290119619
173.7912527609078,1.0001149363464314,0.0001664208559116648
173.81168665218138,1.000397245614654,0.0001664310409513267
173.83212044298125,1.0000617286449638,0.0001664185591005026
173.85255443378992,0.9998799742212542,0.00016640541832844342
173.872988324365,1.000422075875339,0.00016642789695571944
173.89342211446638,0.9988018628093397,0.00016634748973872127
173.91385610434372,0.992580186030318,0.0001661064186982948
173.9342899942203,0.9910474957776026,0.00016599466565682882
173.95472388362396,0.9907516918024861,0.0001660089360081481
173.9751576728013,0.9912897836008081,0.00016600709102868993
173.99559166151448,0.9919014408298551,0.0001660560394632943
174.01602555021964,0.9972801225473611,0.0001662895423226781
174.03645933869848,0.9999703502011386,0.0001663961934311526
174.05689332671318,0.9999770589982802,0.00016641210167239902
174.07732721471984,1.000119948666135,0.00016639028196635807
174.09776100226736,0.9998418034788968,0.0001663982078474998
174.1181948895828,0.9999826111062594,0.00016638213016936435
174.1386288766589,0.9996972944462148,0.00016639299295658232
174.15906266350794,0.999931871008338,0.00016638147124812928
174.17949654989206,1.0000433758435878,0.00016640319682256524
174.19993053626968,1.000302319990731,0.00016640112592725505
174.22036442218814,1.000021630087336,0.00016640212372226815
174.24079820810584,0.999853524595742,0.00016637840255780603
174.26123209355137,0.9999115132790808,0.00016639304943554532
174.2816660787721,0.9997798049397953,0.00016639120445608715
174.30209986375849,0.9997275997022682,0.00016637616222560682
174.32253374850552,0.9999540023276442,0.00016638474702798358
174.34296773302776,1.000309799913981,0.00016638736388660283
174.36340151708282,1.0001239585218977,0.00016639109149816115
174.38383540113136,1.0001595074354872,0.000166378026031386
174.40426928472152,0.9999031851171118,0.00016639250347223628
174.42470316807885,1.0000858648921513,0.00016638482233326759
174.44513705119607,1.000008058267831,0.00016639830197910478
174.46557093408774,1.000122570494903,0.0001663882675500109
174.48600481674657,1.000332008345898,0.0001663927293880883
174.50643879916606,1.0000112198848747,0.00016638851229218391
174.52687258112564,0.9999199956662713,0.00016637096616101035
174.547306463086,0.9996696881315402,0.0001663692153131572
174.5677403445734,1.0000499304155077,0.0001663678221654031
174.58817422583525,1.0001730792549919,0.00016637392189340763
174.60860810686427,0.9997622232645277,0.00016635180096623064
174.62904198765318,1.0001518732870156,0.0001663659207069819
174.64947586821654,1.0000902603109683,0.00016638461524373657
174.66990974854707,0.9999815315297079,0.00016637561626229778
174.69034362840466,0.9996304378126314,0.00016635502026712194
174.71077750826953,0.9999178365131682,0.0001663512173502796
174.73121138766874,0.9999230030580933,0.00016637629400985382
174.75164526682784,0.9999834593449785,0.00016634931589185842
174.77207914576138,1.0000701339195435,0.00016636409455384474
174.7925130244621,0.9996311318261288,0.000166344364569435
174.8129469029227,0.99987395943761,0.000166366956154637
174.833380681157,0.99993487840016,0.00016636204248485556
174.85381465892715,0.9998457362220489,0.0001663623248796706
174.87424853668927,0.9996342163305617,0.00016635630045695005
174.89468231399223,0.999786899299991,0.0001663514432661316
174.9151162910639,0.9997708598769398,0.00016636445225394378
174.9355501678947,1.0000975088963855,0.00016634250076365582
174.95598404449993,0.9996016748087945,0.00016635415425635586
174.97641782087157,0.999720736679905,0.00016632728909628646
174.9968517967718,0.9998022447095447,0.00016634315968489088
175.01728567267855,0.999921846368931,0.00016633476314572413
175.03771944811888,0.9996726184107515,0.0001663276091437435
175.05815342332062,1.000145241602485,0.000166344703443213
175.07858729829604,0.9998970932208568,0.00016631925025721876
175.09902107303787,0.9994024158224282,0.00016631876077287272
175.13988892181806,0.9997852028225529,0.0001663388484573815
175.1603226958614,0.9996113138851473,0.0001663491088023274
175.18075656943256,0.9998182841325959,0.00016637316884056755
175.20119054277893,1.00034064495831,0.00016634251958997683
175.22162431612378,0.999642390267309,0.00016632589594853234
175.24205818900373,0.9992859757800856,0.00016628929758050507
175.26249206164357,0.9994634890101999,0.000166344496353682
175.2829260338258,0.9996386888619895,0.0001663623437059916
175.3033598059992,0.9995630413907722,0.00016632550059579132
175.32379367794783,0.9994671133029086,0.00016634419513254596
175.34422764943156,0.9997336144859124,0.00016632051162072587
175.36466142067366,0.9995826279939212,0.00016632582064324833
175.38509529169096,0.9999496069088273,0.00016633867902049248
175.40552906247467,0.999325457436827,0.00016631813950427964
175.4259630330198,0.9997235127338946,0.00016633058370246176
175.4463969033386,0.9996786331943956,0.0001663366081251823
175.4668307734246,0.999644549420412,0.00016635948210519933
175.48726464303763,0.9998695640187931,0.00016632896463885562
175.50769851242512,0.9996805610096663,0.00016633813305718344
175.5281323818126,0.9995104505901911,0.00016631134320239805
175.5485661507264,0.9994201517229174,0.0001663289269862136
175.56900011941616,0.999386839075042,0.00016630810507518577
175.5894339876395,0.9994784488566996,0.00016631441189272133
175.60986775586207,0.9996383032989353,0.00016633939442069055
175.63030172384606,0.9992286811102442,0.00016631220921316413
175.6507355913709,0.9996053762141139,0.00016632791036487953
175.67116935865488,0.9995511660487055,0.0001663006875047111
175.69160322571406,0.9992129501376363,0.0001663050363848625
175.71203719254117,0.9995134579820131,0.00016631294343968318
175.73247105912742,0.9992119476736957,0.00016629906844110496
175.75290482548735,0.9996066100158871,0.00016632069988393587
175.77333879161597,0.9988654036006577,0.00016628649245867583
175.7937726572709,0.999052478794514,0.00016631343292402925
175.8142064226995,0.9992754113524029,0.00016628084456237534
175.83464028812887,0.999496955883297,0.0001663254252905073
175.85507425308606,0.9994011049080441,0.00016629150026006227
175.87550801781617,0.9992373948352672,0.00016630046158885907
175.8959418820814,0.9994671904155193,0.0001662739164762467
175.9163758463401,0.9994114379978944,0.00016627662746647096
175.93680961013888,0.9995235597340308,0.00016630716375913568
175.95724347393843,0.9992477279251175,0.0001662715443598005
175.97767733727233,0.9993623943774111,0.0001662950772610526
175.9981112003661,0.9995780012372718,0.0001662815223099314
176.01854506323434,0.9994651083750271,0.0001663098370967179
176.03897892586247,0.999560496674615,0.00016628189883635143
176.0594128882658,0.9996538800463215,0.0001663017041260452
176.07984665020194,0.9996352959071132,0.00016627022651733038
176.10028051213885,0.9994358055829144,0.00016626497397377092
176.12071427360206,0.9999240055220341,0.00016629918139903096
176.16158209583955,0.9995227114953118,0.00016626734609021714
176.18201585661154,0.9993187486396854,0.00016624882099035147
176.20244981715223,0.9996254254929279,0.00016625394174966392
176.2228836772265,0.9996896602977433,0.00016627728638770602
176.24331753729348,0.9994331837541465,0.0001662748766186178
176.26375129690132,0.9993145074460901,0.00016625725518216024
176.28418525627058,0.9995643523051562,0.0001662524732966258
176.30461911541352,0.9993685633862769,0.00016627728638770602
176.32505287432286,0.999319751103626,0.00016625450653929397
176.3454868330009,0.9994531559203497,0.00016627077248063942
176.36592069143808,0.9995081372118663,0.00016625083540669865
176.3863544494161,0.9994447506457699,0.000166254751281467
176.4067883073949,0.9996251941550954,0.00016625450653929397
176.4272222649015,0.9997279852653224,0.000166254487712973
176.44765602218104,0.9995968938269234,0.0001662616040623116
176.4680898792285,0.9993091866759433,0.00016622238883566513
176.48852383603662,0.999492637577091,0.00016624931047469753
176.50895759238483,0.9989750577332478,0.0001662052945361956
176.5293914487338,0.9990318126148134,0.00016622076977205897
176.54982530460984,0.9992590634789085,0.0001662369604081204
176.5702592604939,0.9996021374844594,0.0001662456958210652
176.5906930159108,0.9995388280309738,0.00016624172346733383
176.61112687108835,0.9994842323025113,0.00016623155725399295
176.63156082580826,0.9995526311883112,0.0001662569539610242
176.65199458052666,0.9993886126650908,0.00016622172991443007
176.6724284350057,0.9992314571642339,0.00016623908778239362
176.69286228902638,0.9993184401892421,0.00016621050942711307
176.71329614281422,0.9994910182122636,0.0001662198096296879
176.73372999636194,0.9995714466653519,0.000166243493141508
176.75416384968412,0.9994670361902978,0.00016621252384346025
176.77459770277346,0.9994048063133637,0.00016623391054411814
176.7950315556227,0.9993067961850078,0.0001662085891423709
176.81546540824638,0.9994967245454646,0.00016623639561849036
176.83589916040364,0.9990770006047557,0.00016620841970548187
176.85633311232232,0.999592267070274,0.00016620320481456442
176.87676696401468,0.9995571808323497,0.00016623641444481137
176.89720071547345,0.9996817176988286,0.00016621056590607606
176.91763466669363,0.9994573971139449,0.00016622690715270552
176.9380685176875,0.9996783247439524,0.00016620463561496055
176.95850226844777,0.9996048364258382,0.00016622572109448243
176.97893611873587,0.9995051298200442,0.00016621510304943747
176.99937006879918,0.9995837846830835,0.0001662277731634716
177.01980381862813,0.9998071028040266,0.00016622737781073056
177.04023766821774,0.9997608352375329,0.00016621284389091727
177.06067161758256,0.9993772771112999,0.00016622481743107433
177.08110546671378,0.9995411414092985,0.00016620230115115635
177.10153921560413,0.9994671904155193,0.0001662075536947158
177.12197306403687,0.9995766903228879,0.00016619326451707553
177.14240701223025,0.9992795754333873,0.00016620499331505958
177.16284076019656,0.9995023537660546,0.00016619955250829008
177.1832746079308,0.9998007795699391,0.00016621499009151147
177.20370855543297,0.9998960136443054,0.00016622250179359113
177.2241423026935,0.9995490068956024,0.0001661905535268513
177.24457614972926,0.9998707207079555,0.00016623253622268503
177.26500999629934,0.9994957991941347,0.0001661673218467352
177.28544384262932,0.9993460465039167,0.0001661770174020511
177.30587768873374,0.9997249007608894,0.00016619923246083307
177.32631153460534,0.9996169431057373,0.00016617537951212394
177.3467454802376,0.999661514194793,0.0001662154607495365
177.36717922564276,0.9995092939010287,0.00016618774840502202
177.38761307081586,0.9995443801389531,0.00016621608201812955
177.40804681551526,0.9994327981910924,0.0001661904405689253
177.42848075999063,0.9940403904288598,0.00016594454999032236
177.4489146042324,0.9908449980615818,0.00016580628948888605
177.46934834823332,0.990736886181208,0.00016577801235474152
177.4897822920102,0.9908129963280903,0.00016581317992237266
177.5102161355535,0.991439150727972,0.00016579668806517519
177.53064997885667,0.9945186428411833,0.00016597100097132973
177.5510837217007,0.9995383653553089,0.00016617112476357757
177.57151766431343,0.9991549614542976,0.00016616297296658382
177.5919515066853,0.9991118555048476,0.00016617238612708467
177.61238524883083,0.9996820261492719,0.00016616658762021614
177.63281919074507,0.9995712153275195,0.00016619441292265664
177.65325303241843,0.9997178064006937,0.00016616863968920535
177.67368677363265,0.9994246242543452,0.0001661906288321353
177.69412061484763,0.9995369002157033,0.0001661516206950198
177.71455455559044,0.9994572428887232,0.00016616517564614102
177.73498829610617,0.9995248706484149,0.00016618797432087405
177.75542213638983,0.9997227416077864,0.00016617479589617289
177.77585607643414,0.9996098487455417,0.00016620009847159915
177.79628991625214,0.999907040747653,0.00016615467055902208
177.8167236556037,0.9994659566137463,0.00016618643056255192
177.83715749471594,0.9996103114212066,0.00016614764834128846
177.8575914338362,0.9998193637091475,0.00016616690766767318
177.8780251724893,0.9998583826902238,0.00016618208168240052
177.89845901090303,0.9997132567566551,0.00016615997958154455
177.91889294885914,0.9993626257152436,0.00016617793989178017
177.93932668681373,0.9997589845348731,0.0001661850374147978
177.95976052429614,0.9994410492404504,0.00016617660322298903
177.98019436178583,0.9994019531467633,0.00016613158948947402
178.00062819880986,0.9997559000304402,0.00016617549247004994
178.0210620355938,0.9997453356027575,0.00016616526977774603
178.04149587215215,0.999594888899042,0.000166142433450371
178.0619297084777,0.9996108512094823,0.00016617761984432313
178.0823635443303,0.9992863613431398,0.0001661165472589937
178.10279738019017,0.9997535866521156,0.00016614318650321107
178.12323111558362,0.9999639498544403,0.00016617242377972666
178.1436650507385,0.9997305299814795,0.00016615847347586444
178.16409888566704,0.9996939786039495,0.0001661515453897358
178.184532620362,0.9995806230660398,0.00016614651876202836
178.20496655481838,0.9995713695527411,0.00016616225756638575
178.22540038881561,0.9995545590035817,0.00016613703029624353
178.24583412281208,0.999478680194532,0.00016616594752530208
178.26626795633638,0.9995837846830835,0.0001661478930834615
178.28670188963588,0.9998724171853935,0.00016616005488682856
178.3071357227018,0.9997574422826566,0.00016616286000865782
178.3275694555341,0.9992253652679789,0.00016614966275763565
178.348003387895,0.9996357585827782,0.00016618206285607954
178.36843722026242,0.999768623611226,0.00016615781455462937
178.38887095215614,0.9995378255670331,0.00016614154861328392
178.40930478382506,1.00003327409157,0.00016620595345743066
178.42973871549475,0.9997589074222623,0.0001661302339943619
178.45017244646442,0.9999611738004507,0.00016617142598471357
178.47060627742758,0.9996325198531236,0.00016615527300129415
178.49104020816594,0.9999447488143454,0.00016616967513686043
178.51147393842984,0.999811266885011,0.00016613518531678536
178.53190776870179,0.999691588113014,0.00016613878114409667
178.55234159850806,0.9996389201998219,0.00016614644345674435
178.57277542807424,0.9998694869061823,0.00016612518854033345
178.59320925741486,0.9996226494389383,0.00016612238341850421
178.6136430862898,0.9996373779476054,0.00016612082083386108
178.63407701515825,0.9995100650271369,0.00016612181862887417
178.6545107435668,0.9999618678139481,0.0001661287278886818
178.67494457174325,0.9999605568995641,0.00016611837341213084
178.69537839991244,0.9997134109818768,0.00016612829488329875
178.71581222739042,0.9995325047968864,0.0001660942945475697
178.7362460548684,0.999479065757586,0.0001661346017008343
178.75667988210625,0.9995648920934319,0.00016613100587352297
178.77711370888574,0.9996033712862326,0.00016611462697425152
178.79754753566522,0.9999778301243885,0.00016611927707553894
178.81798136197176,0.9995224030448685,0.00016607832982736028
178.83841518805275,0.9998313932764358,0.00016613940241268972
178.8588490139009,0.9997913718314188,0.0001660739056419249
178.87928283950896,0.9998399527762372,0.00016610191920757539
178.89971656465787,0.9997077046486759,0.00016609152707838245
178.9201504898083,0.9998960907569162,0.00016610176859700737
178.94058431448502,0.99993487840016,0.00016611376096348543
178.9610181389362,0.9996173286687915,0.00016607686137432216
178.98145186315378,0.9993976348405571,0.0001661020509918224
179.00188578713278,0.9995199354413222,0.00016606149909638478
179.02231961065263,0.9999631787283321,0.00016610163681276036
179.04275333417172,1.0000473856993506,0.00016610417836609558
179.0631872572194,0.9997656162194039,0.0001660694249775265
179.08362108004076,1.0001531070887888,0.000166142358145087
179.12448862497695,0.9999809146288213,0.000166097702111671
179.14492254710058,0.9995122241802399,0.00016608008067521345
179.16535636899062,0.9996474796996232,0.00016606660102937623
179.18579009041423,0.9998788175320918,0.00016610250282352644
179.20622401159926,0.9993418053103214,0.00016603621534727953
179.22665783255798,0.9996355272449458,0.00016607993006464544
179.24709155327582,0.9996590465912467,0.0001660673917348583
179.26752537376888,0.9995407558462444,0.00016609824807498007
179.28795929402986,0.9998251471549592,0.0001660909058097894
179.30839301382366,0.9995870234127381,0.00016606532083954812
179.32882683361095,0.999347203193079,0.00016606645041880824
179.34926065293985,0.999557026607128,0.00016603969821666484
179.3696945720294,0.9999718153407442,0.00016610299230787248
179.41056210928946,0.9998317788394899,0.00016606658220305525
179.43099602768052,0.9994600189427129,0.0001660694814564895
179.45142974561168,0.9996527233571592,0.00016608055133323849
179.4718635635436,0.9996561934246462,0.00016608113494918954
179.49229748100333,0.999618408245343,0.00016603199825137517
179.512731198236,0.999530499869005,0.00016605357321524308
179.53316501500376,0.999331549333082,0.00016603297722006725
179.55359883177152,0.9995716008905735,0.00016602563495487658
179.57403264829918,0.9996999933875936,0.00016606471839727608
179.59446646436845,0.9994641830236973,0.00016602761171858176
179.61490028019762,0.9997234356212837,0.00016606581032389418
179.635334195802,0.9993212933558425,0.00016603051097201604
179.655767911172,0.9995995156556914,0.00016599741429969509
179.67620172630996,0.9993471260804682,0.00016604451775484126
179.6966354409742,0.9995693646248597,0.000165962811521694
179.71706935541442,0.9994562404247825,0.00016605415683119414
179.7375031698466,0.9994464471232081,0.00016597246942436786
179.75793688381964,0.9992889060592969,0.0001659909380452705
179.77837079756137,0.999463874573254,0.00016597770314160631
179.79880461083667,0.9991873487508431,0.0001659595545681607
179.8192384241047,0.9995248706484149,0.00016600844652380205
179.83967213691358,0.9996240374659331,0.0001659774395731123
179.8601060497167,0.9994881650456632,0.00016600848417644407
179.8805398620607,0.9995955057999286,0.00016597828675755737
179.90097357417108,0.999316281036139,0.00016597045500802067
179.92140748605016,0.9996723099603082,0.0001660010666059694
179.94184129745554,0.999543069224569,0.00016598026352126254
179.96227500886744,0.999674546226022,0.00016599792261036214
179.98270881981443,0.9993785109130731,0.00016597141515039177
180.0031427305221,0.999682411712326,0.0001659493883548198
180.02357644100266,0.9996065329032763,0.00016600492600177475
180.04401025125117,0.9995153086846729,0.00016596657678589433
180.06444416126033,0.9997395521569458,0.00016600797586577702
180.08487787080958,0.9993848341471605,0.000165974032009011
180.1053116803596,0.9994742847757151,0.00016597312834560292
180.12574548943667,0.999307567311116,0.00016600953845042016
180.14617939828895,0.9992567501005838,0.00016596320687443502
180.16661310690688,0.9993942418856809,0.00016599108865583852
180.18704691528546,0.9990778488434747,0.0001659797175579535
180.20748082320642,0.9992582152401894,0.00016598037647918857
180.22791453089303,0.9992290666732984,0.00016600398468572466
180.24834833857312,0.9991637522919313,0.000165985064233118
180.26878214579483,0.9994156791914897,0.0001659909192189495
180.2892159527837,0.9990617323078127,0.00016598175080062167
180.30964975953248,0.9993838316832199,0.00016601145873516233
180.33008356582286,0.9990869481315519,0.0001659727706455039
180.35051737210597,0.9990209397366874,0.00016594400402701332
180.3709511779307,0.9992171913312317,0.00016598248502714075
180.39138498352258,0.9993173606126905,0.00016597687478348225
180.41181868888089,0.9994634890101999,0.00016600415412261368
180.4322525940006,0.9990029724983657,0.00016597041735537868
180.45268639866117,0.9996875011446403,0.0001660032504592056
180.47312010332098,0.9992843564152584,0.00016598222145864673
180.49355400750937,0.9992543596096483,0.0001659662755647583
180.51398781170428,0.9999329505848895,0.00016603154641967112
180.53442151543277,0.9992368550469914,0.00016598577963331605
180.5548553189219,0.9994102041961213,0.0001660179914685499
180.57528922195343,0.9994398154386772,0.0001660012736955004
180.59572292498342,0.9992290666732984,0.00016596023231571676
180.61615672754124,0.9997108662657197,0.00016599935341075824
180.63659062987426,0.999381595417506,0.00016597806084170535
180.6570244319737,0.9991525709633621,0.0001659696643025386
180.67745813383226,0.9993476658687439,0.0001659896013764794
180.69789193546603,0.999355068679383,0.00016600070890587036
180.71832583686046,0.9991932093092657,0.00016599814852621413
180.73875953779498,0.9993517528371175,0.00016596478828539917
180.75919333849743,0.9992070895792138,0.00016597021026584766
180.7796272389678,0.999188736777838,0.0001659752368935551
180.80006093919656,0.999133447035878,0.0001659538501928972
180.8204947392005,0.9991672994720292,0.00016597830558387838
180.84092853897164,0.9990668988527378,0.00016594436172711236
180.86136233826983,0.9995763047598337,0.0001660056790546148
180.88179613734246,0.9987730998055027,0.0001659325576238443
180.90222993618227,0.9993082613246135,0.00016596298095858302
180.92266383478272,0.9989713563279283,0.00016597344839305994
180.9430975331561,0.9961740963703287,0.0001658204657086003
180.96353133129742,0.9910324588184921,0.00016559229069806
180.98396502896503,0.9904096973734866,0.00016553097337055752
181.0043989264086,0.9902315672424858,0.0001655487077649411
181.0248327236186,0.990338599546308,0.00016556941671804295
181.04526642058772,0.9918192387867178,0.00016561000626612256
181.0657003173328,0.9976221169763605,0.0001659192097622541
181.0861341138443,0.999156966382179,0.00016594302505832124
181.10656790988287,0.9989444440267511,0.00016595772841502355
181.12700160592794,0.9992579067897461,0.00016596599316994327
181.14743550150888,0.9991693043999106,0.0001659360404932296
181.16786929684895,0.9991780181249336,0.00016599069330309747
181.18830299172987,0.9994163732049871,0.00016595087563417893
181.20873678661155,0.9991405413960737,0.00016596678387542535
181.22917068102106,0.9992085547188194,0.00016595464089837927
181.24960437543632,0.999273175086689,0.00016594136834207309
181.27003816938668,0.9995466164046669,0.0001659921805824566
181.2904720630977,0.9994353429072496,0.00016594786342281865
181.31090575658163,0.9994776006179804,0.0001659684782443155
181.33133954960067,0.999171772003457,0.00016594965192331381
181.35177334261243,0.9991947515614822,0.00016594645144874353
181.37220723516657,0.9992775705055059,0.0001659616254634709
181.39264092748635,0.9992129501376363,0.00016591777896185798
181.4130747195668,0.9993563795937669,0.00016596145602658187
181.43350861142244,0.9991976047280826,0.00016590512767414485
181.45394230304373,0.9994184552454793,0.00016593189870260923
181.47437609419285,0.9996061473402222,0.00016596915599187157
181.49480978534848,0.9996332909792318,0.0001659482587755597
181.51524367603997,0.9991669910215859,0.0001658854541686981
183.72209077198931,1.001032422190002,0.00016681387418889584
183.74252453311055,1.0002446397578355,0.00016670620645908724
183.76295829376613,1.0002595996043353,0.00016671324750314187
183.7833920541816,1.0000861733425945,0.00016669489184016522
183.80382581437152,0.9997489598954662,0.00016669824292530353
183.8242595743286,0.9998809766851949,0.00016677432008847128
183.8446933340456,0.9998217542000829,0.00016675251920875134
183.86512709330418,0.9999344157244952,0.00016678962588744566
183.88556085256278,0.999664136023561,0.00016673696866760396
183.90599451134767,0.999769471849945,0.00016674105397926134
183.92642836990854,0.9996868071311429,0.00016671748342536724
183.94686212800298,0.9998239904657968,0.00016673429533002173
183.96729578608938,0.9996130874751963,0.00016676808857621974
183.98772964371892,0.9995896452415061,0.00016675812945240984
184.0081634013477,1.0001837207952855,0.00016676475631740244
184.02859705850278,1.0000568705504818,0.00016671678685149018
184.04903091543383,1.0001442391385442,0.00016676159349547417
184.06946467189846,1.0000288015601424,0.00016674440506439964
184.0898984283558,0.999791680281862,0.0001667519355928003
184.110332084354,0.9999449801521779,0.00016674800089171095
184.13076594035374,0.9996318258396262,0.0001667442168011896
184.15119969587977,0.9997006102884802,0.00016676392795927838
184.17163335094665,0.9996021374844594,0.00016678021272694484
184.19206720601505,0.9995294974050642,0.0001667576587943848
184.2125009608426,1.0000112198848747,0.00016678855278714856
184.23293461521098,0.9993248405359404,0.00016670439913227107
184.2533683693473,0.9993142761082576,0.00016670402260585102
184.27380222324427,0.9994472953619271,0.00016672555991707695
184.29423587691417,0.9993739612690345,0.00016670390964792502
184.31466963011917,0.9991646776432612,0.00016669767813567348
184.33510348331765,0.9995908019306684,0.00016669609672470933
184.35553713605623,0.9992019230342887,0.0001666836525265272
184.37597088856273,0.9991546530038543,0.00016667743984059667
184.3964047408299,0.9991192583154865,0.00016668192050499508
184.41683849287074,0.9988721895104101,0.00016668519628484937
184.43727214444516,0.9990807020100752,0.00016670754312787835
184.45770589578024,0.9978000928821398,0.00016664018255133434
184.47813974712335,0.9924834097037353,0.00016635050195008155
184.49857339799928,0.9902595591202145,0.0001662929310604584
184.51900714840303,0.9897850852258214,0.00016625866715623536
184.53944099881483,0.989996836455141,0.00016625670921885117
184.55987464899226,0.9906182869857625,0.00016629005063334515
184.58030839869753,0.9951954602263756,0.00016646831706691005
184.60074214817723,0.998870030357307,0.00016668067796780895
184.6211758974241,0.9991423920987335,0.00016666955161209697
184.64160964643088,0.9995034333426062,0.00016663788574017215
184.66204339497926,1.00025443305941,0.0001667452522488447
184.6824772435284,0.9992561331996972,0.00016664432434195471
184.7029108916031,0.9994140598266624,0.00016662263642016077
184.723344639453,0.999615400853521,0.00016664952040655118
184.7437784870708,0.9993818267553385,0.00016659735267105554
184.76421213421418,0.9992484990512257,0.00016661744035556433
184.78464588136558,0.9994567031004474,0.0001666195112508745
184.80507952805056,0.9998327813034306,0.00016664123682531045
184.82551337449695,0.9996170202183482,0.00016661631077630423
184.84594712071703,0.9995615762511666,0.0001666226928991238
184.86638086670428,0.9993765830978025,0.00016661452227580907
184.8868146122186,0.9995987445295832,0.00016661376922296898
184.90724835774017,0.9993741154942561,0.000166613844528253
184.9276821027961,0.9994412034656721,0.0001665981622028586
184.94811574761115,0.9994883963834956,0.0001665869981945046
184.96854959220218,0.9995277238150153,0.00016657873343958488
184.98898323655885,0.9997715538904373,0.00016659277787505213
185.00941698044335,0.9993751179581969,0.0001665588528446071
185.02985082433588,0.9995982047413075,0.0001665721254009133
185.050284567762,0.9995991300926373,0.00016654960912099528
185.09115195367485,0.9994764439288181,0.00016650804060422357
185.11158569640247,0.9994344946685305,0.00016654770766257412
185.13201943865715,0.9996357585827782,0.00016651592883272327
185.1524531809191,0.999388998228145,0.00016650030298629188
185.1728869227154,0.9992822743747661,0.00016650316458708414
185.1933206642716,0.9993698743006609,0.00016647628060069373
185.2137544053694,0.9990393696506741,0.0001664399269748395
185.2341881464672,0.9992653096003851,0.0001664321893569078
185.25462188709207,0.9993551457919937,0.00016645860268527316
185.27505562749138,0.9991647547558721,0.00016646266917060953
185.2954892676571,0.9995484671073267,0.00016645736014808706
185.31592310758424,0.9993980204036113,0.00016645363253652872
185.33635684728506,0.999160436449666,0.00016642913949290554
185.35679048651946,1.0002856636667934,0.00016648202262859927
185.37722432551527,0.9994448277583807,0.00016643232114115481
185.39765806428477,0.9993840630210523,0.00016641899210588564
185.41809180282144,0.9991595110983361,0.00016645171225178654
185.43852544111724,0.9991192583154865,0.00016642509183389018
185.45895927895617,0.9994095101826239,0.00016641345716751114
185.47939301679435,0.9995185474143274,0.00016642672972381732
185.4998266541661,0.999375040845586,0.00016641507623111728
185.52026049129927,0.9993945503361242,0.0001664064161234565
185.54069422820612,0.9991780181249336,0.00016637079672412135
185.56112786463927,0.9989222355948342,0.00016635308115605876
185.58156160108047,0.998919228203012,0.00016638186660087033
185.60199543705676,0.9992427927180249,0.0001663860648704537
185.6224290727987,0.9994666506272436,0.00016639257877752028
185.6428628083013,0.9988997958250847,0.00016636947888165122
185.6632966435791,0.9989442898015295,0.00016634257606893983
185.68373027838243,0.9987592966481654,0.00016635582979892502
185.70416401296097,0.9991736998187275,0.0001663712862084674
185.72459774753952,0.998841344466081,0.00016633318173476
185.7450315816459,0.9994759812531532,0.0001663801910583012
185.76546521529235,0.9994088161691265,0.00016632781623327451
185.78589894893958,0.9992525089069885,0.00016633905554691252
185.80633278211462,0.99913082520711,0.00016631043953898997
185.82676641529542,0.9989907115932448,0.00016630151586283516
185.84720014801132,0.9990493171774703,0.00016630953587558187
185.8676337802608,0.99913082520711,0.00016628980589117212
185.88806761250453,0.9993758890843051,0.0001663267243066564
185.90850134452194,0.9990911122125362,0.00016628097634662235
185.9289350760664,0.9993229127206698,0.00016627109252809647
185.94936880738533,0.9993704140889367,0.00016629304401838443
185.9698025384714,0.9992304547002931,0.00016626098279371856
185.99023626932467,0.9992220494257135,0.00016626058744097753
186.01066989970423,0.9994466784610405,0.0001662625830310037
186.03110373009258,0.9992431782810789,0.00016623940782985064
186.05153746000724,0.999490401311377,0.00016633705995688634
186.07197108969558,0.999349362346182,0.00016623976552994967
186.0924049191526,0.9996504870914453,0.00016626945463816932
186.11283864814322,0.9994970329959079,0.00016625667156620918
186.1332722771258,0.9994307161506002,0.00016621643971822858
186.15370600565075,0.9993823665436142,0.0001662512872384027
186.17413983393635,0.9995035875678278,0.00016622526926277838
186.19457356199564,0.9993300841934764,0.0001662142558649924
186.21500718982134,0.9996875782572512,0.00016624145989883982
186.2354410171829,0.9991794061519285,0.00016619382930670558
186.2558747445364,0.999682411712326,0.00016623714867133044
186.2763083714308,0.9993640137422384,0.00016620791139481485
186.2967420980931,0.9991738540439492,0.000166153804548256
186.31717592451605,0.9993104975903273,0.00016619806522893095
186.3376095504791,0.9992463398981227,0.00016616374484574488
186.3580432764429,0.999275796915457,0.0001661917207587534
186.37847710193455,0.9993718021159315,0.00016616807489957527
186.3989107271991,0.9992151864033503,0.00016615414342203405
186.41934445222432,0.9998286943350569,0.00016619098653223433
186.43977817702398,0.9991688417242457,0.00016614552096701527
186.46021190135798,0.9992336163173369,0.00016615175247926682
186.48064562569198,0.9996205673984461,0.0001661726496955787
186.50107934955304,0.999554867454025,0.00016615239257418088
186.5215131731893,0.9994918664509826,0.00016615555539610917
186.5419467963511,0.9998907699867694,0.0001661525808373909
186.56238051952096,0.9995171593873325,0.00016613767039115758
186.58281414222438,0.9998226795514128,0.0001661602996290016
186.60324796492932,0.9997157243602015,0.0001660842224658338
186.62368168716057,0.9995416040849634,0.0001661154176797336
186.64411530893267,0.999578386800326,0.00016609158355734548
186.66454913069902,0.9996396913259301,0.00016609007745166534
186.68498285223905,0.999600595232243,0.00016611033457306315
186.7054165733134,0.999435574245082,0.0001660683895298714
186.7258501941542,0.9994947196175832,0.00016606998976715655
186.74628401475638,0.9995018910903897,0.00016608205743891863
186.76671773513226,0.9993344796122933,0.00016606093430675473
186.78715135504171,1.0000594923792498,0.00016610946856229707
186.80758517471259,0.9995621160394423,0.00016606957558809452
186.82801889438997,0.9995720635662385,0.0001660782356957553
186.84845251360093,0.9995220945944253,0.0001660649443131281
186.86888623233972,0.9994629492219241,0.00016604316225972914
186.88932005108654,0.9993845256967172,0.00016604762409780656
186.90975366936618,0.9992225892139892,0.00016600867243965408
186.9301873876393,0.999354606003718,0.00016603327844120328
186.9506212054548,0.9994959534193563,0.00016605528641045424
186.97105482280313,0.9993145845587009,0.0001660255973022346
186.99148854014493,0.9993579218459834,0.00016601497925718963
187.01192225726118,0.9995932695342148,0.00016603710018436662
187.03235607390525,0.9996171744435699,0.00016602085306934218
187.05278969032224,0.9992190420338913,0.00016603649774209455
187.07322340650717,0.9994854661042843,0.00016601976114272407
187.09365722246002,0.9991935948723198,0.00016600065242690736
187.11409083793842,0.9997685464986151,0.000166041562022444
187.13452455342485,0.9992294522363525,0.00016598850944986128
187.15495826844563,0.9995116843919641,0.00016602388410702344
187.1753919832263,0.999404652088142,0.00016599293363529668
187.19582569754857,0.999597125164756,0.00016600481304384875
187.21625941187085,0.9994412034656721,0.0001660155816994617
187.2366931257202,0.9996142441643586,0.00016599477861475485
187.2571268395768,0.9991923610705467,0.00016598143075316466
187.27756055296777,0.9995594942106744,0.00016597489801977708
187.29799416611786,0.9997178835133045,0.00016597664886763022
187.3184279788111,0.9994383502990716,0.00016597967990531149
187.33886169150355,1.0006124669114607,0.00016609480285823675
187.35929530372232,0.9994540812716795,0.00016596010053146975
187.37972911571705,0.9991348350628728,0.00016597235646644186
187.4001628274782,0.9989992710930462,0.0001659167246878819
187.42059643899847,0.9993939334352376,0.00016596889242337753
187.44103015006112,0.9991666825711426,0.00016594198961066613
187.46146396112454,0.9993774313365216,0.00016594200843698714
187.4818975717135,0.9993759661969159,0.0001659605900158158
187.50233128207765,0.9992086318314303,0.0001659348356086855
187.5227650919769,0.9993317806709144,0.00016594654558034854
187.54319880186813,0.9993834461201657,0.00016596475063275718
187.5636324113002,0.9993535264271665,0.00016591538801909078
187.58406612073304,0.9993713394402666,0.00016594759985432463
187.6044999296937,0.9994457531097106,0.00016595196756079704
187.62493353819445,0.9993101120272732,0.00016593519330878454
187.64536724669597,0.9991487153328209,0.00016595238173985907
187.66580105495814,0.9992685483300396,0.0001659447759061744
187.6862346627604,0.9992254423805896,0.00016594400402701332
187.7066683703306,0.998980609841227,0.00016593321654507937
187.72710207766067,0.9991611304631633,0.00016592508357440663
187.74753578453237,0.9991703068638513,0.00016592073469425523
187.76796949140407,0.9995206294548197,0.000165917797788179
187.78840319780284,0.9991607449001093,0.00016593308476083236
187.8088370039768,0.9991770927736038,0.0001659314656972262
187.82927060991642,0.9993330144726876,0.0001659166682089189
187.8497043156167,0.9994152936284356,0.00016591877675687107
187.87013792109065,0.9992561331996972,0.0001659135806922746
187.89057172610046,0.9993696429628285,0.00016589857611443628
187.9110054308694,0.9993233753963348,0.0001659450394746684
187.93143903541204,0.999036362258852,0.00016589859494075727
187.95187283972336,0.99908771925766,0.0001659089305909872
187.97230654379382,0.9998882252706123,0.0001659932536827537
187.9927402474059,0.9948464485497913,0.00016572185343919352
188.01317385078437,0.9908811638760576,0.00016554458480064172
188.03360765392426,0.9901381838707793,0.0001654610524143573
188.07447495951783,0.9905886757432065,0.00016556399473759446
188.0949087617264,0.992920175531436,0.00016563026338752037
188.11534246370866,0.9985999819942054,0.00016588714853758824
188.13577606545732,0.9994402010017314,0.00016594680914884256
188.15620976696664,0.9989883982149201,0.00016589609104006406
188.17664356825117,0.9989311806576896,0.00016591495501370773
188.19707716930134,0.9993994855432169,0.00016591380660812663
188.21751086987933,0.9993391834815534,0.00016591083204940837
188.23794467023254,0.9993012440770286,0.0001659437969374823
188.25837837035215,0.9994041894124771,0.0001659507815025739
188.2788119702309,0.9994920206762044,0.00016594899300207878
188.299245669652,0.9987833557827421,0.00016591503031899174
188.3196794690739,0.9993534493145556,0.00016592393516882552
188.3401130680213,0.9995470019677211,0.00016597216820323182
188.36054676674394,0.9990726051859388,0.0001659078010117271
188.3809805652345,0.9993187486396854,0.0001659189461937601
188.4014141632506,0.9993583074090375,0.00016592843465954493
188.42184786127473,0.999160436449666,0.00016589590277685403
188.4422815588332,0.9990182407953087,0.0001658865837479582
188.46271525615157,0.9993347880627365,0.00016589872672500427
188.48314895324438,0.9994028784980931,0.00016589942329888136
188.50358264987153,0.9991473273058261,0.00016591497384002874
188.5240163464914,0.9994614069697076,0.00016589938564623934
188.5444500426529,0.9991844955842427,0.000165895356813545
188.56488373858156,0.9994947967301939,0.0001659247070479866
188.58531733427662,0.9991577375082872,0.0001658797497934346
188.6057511297331,0.9994338777676439,0.00016592150657341632
188.62618482473044,0.9995612678007233,0.00016592064056265024
188.6466184194869,0.9991957540254228,0.00016583799301345288
188.66705221401935,0.9995382111300872,0.00016593846908863883
188.6874859083182,0.9994611756318752,0.0001658641615996452
188.70791950238345,0.9991379195673057,0.0001658516609225001
188.72835319620935,0.999208786056652,0.00016590554185320688
188.74878688957688,0.9992340789930019,0.0001658291822952241
188.7692205827043,0.998949302121233,0.0001658597374142098
188.78965427560615,0.9993479743191872,0.0001658572335135166
188.81008796827518,0.9994209999616365,0.00016584409274145742
188.83052166047855,0.9993957070252866,0.0001658829502680049
188.85095535267465,0.9994414348035046,0.00016585045603795598
188.8713889444116,0.9992534342583184,0.00016584582476298956
188.89182273590995,0.9989716647783716,0.00016585039955899298
188.912256427182,0.9991582001839522,0.00016583085783779323
188.93269001798762,0.999176090309663,0.0001658460695051626
188.95312380879477,0.9990012760209276,0.00016581937378198222
188.97355749912822,0.9990701375823924,0.00016586835986922858
188.9939911892361,0.9987880596520023,0.00016584475166269246
189.0144247791104,0.9992528944700426,0.0001658866214006002
189.0348585685133,0.9993328602474659,0.0001658449210995815
189.0552922579227,0.9992009976829588,0.0001658225177775895
189.07572584686568,0.9992695507939804,0.00016586472638927525
189.09615963557007,0.9993650162061791,0.00016589586512421204
189.11659332404815,0.999615400853521,0.0001658898595278125
189.13702691229264,0.9995075974235905,0.00016589142211245563
189.15746060006495,0.9993199824414585,0.00016591964276763715
189.17789438761247,0.9992582923528002,0.0001658762669240493
189.19832797492563,0.9993355591888448,0.00016585919145090076
189.21876166199945,0.9993168208244148,0.0001658811241148677
189.23919544884848,0.9992690881183154,0.0001658853412107721
189.25962903546315,0.9989293299550298,0.00016588129355175673
189.28006272160565,0.9992682398795963,0.00016588310087857288
189.3004964075226,0.9994318728397625,0.0001659023602049576
189.32093019320746,0.9992525089069885,0.0001658775659401984
189.3413637786507,0.99905116788013,0.0001658696400590567
189.36179746363632,0.999156503706514,0.00016587389480760307
189.3822312483826,0.9994977270094052,0.00016587698232424736
189.40266483313462,0.9994459073349322,0.00016586167652527298
189.42309851742175,0.9994862372303926,0.00016590928829108623
189.44353210124245,0.9991922068453251,0.00016586835986922858
189.4639658850574,0.9995803917282073,0.00016590704795888702
189.4843995684132,0.9994610214066535,0.00016589191159680167
189.50483325153618,0.9994167587680413,0.0001658787331721005
189.52526693441905,0.9992984680230389,0.0001658830632259309
189.54570061707636,0.9993273081394867,0.00016588182068874477
189.56613429950085,0.9992318427272879,0.0001658743089866651
189.58656788145163,0.9993815183048952,0.00016588835342213235
189.60700166317838,0.9994298679118812,0.0001658672491162895
189.62743534466426,0.9992632275598928,0.00016588803337467533
189.64786892592383,0.9994501485285275,0.00016590919415948122
189.66830260695133,0.9994375020603525,0.0001658697153643407
189.68873638751393,0.9997292961797063,0.00016592030168887222
189.7091699678349,0.9998323957403765,0.00016591041787034633
189.7296036481639,0.9995835533452511,0.00016587611631348128
189.7500374277879,0.9997412486343839,0.00016590919415948122
189.77047110741842,0.9995399847201362,0.0001658707319856748
189.7909046865825,0.999805174988756,0.00016587598452923427
189.81133836574736,0.9995358977517625,0.00016589819958801624
189.83177214444004,0.9994719713973904,0.00016588703557966224
189.85220572290564,1.0002148742900578,0.00016594456881664337
189.87263940090634,0.9992396311009811,0.000165861845962162
189.89307317890052,0.9993474345309115,0.00016585337411771124
189.9135067564348,0.9995001175003407,0.00016590763157483808
189.933940433737,0.9993253803242161,0.0001658852094265251
189.95437401079835,0.9995582604089012,0.00016589610986638504
189.97480778763565,0.9996202589480028,0.00016588278083111587
189.99524146400654,0.9994860830051709,0.00016586156356734698
190.01567514037015,0.999459556267048,0.00016589300352341978
190.03610881627537,0.9995974336151991,0.00016585986919845683
190.05654249194777,0.9995851727100784,0.000165861883614804
190.07697616714722,0.9995684392735298,0.00016589829371962123
190.0974097423532,0.999668917005432,0.00016587624809772828
190.11784351709503,0.9996864986806996,0.000165873198233726
190.138277191596,0.9996861131176455,0.00016589471671863093
190.15871076587064,0.9994948738428048,0.00016588059697787968
190.17914453991398,0.9997340000489665,0.00016589678761394112
190.19957821348362,0.999885294991401,0.00016590418635809478
190.22001178705978,0.999818207019985,0.00016587798011926045
190.24044546017103,0.9997514274990125,0.000165895676861002
190.26087923304294,0.9998654770504195,0.00016587248283352795
190.28131290568854,0.9994277858713889,0.00016589833137226325
190.3017464778677,0.9995221717070361,0.00016591823079356203
190.32218025004113,0.9996935159282845,0.000165873028796837
190.3426139217554,0.9992783416316142,0.00016588729914815626
190.36304749323608,0.9998940858290348,0.00016589194924944369
190.38348116447742,0.9995658174447618,0.00016585561444991043
190.40391493526113,0.9998299281368301,0.00016590017635172141
190.42434850581049,0.9995153857972837,0.00016584347147286435
190.44478217635333,0.9998926978020399,0.00016588246078365882
190.46521594643855,0.9998610045189917,0.0001658898218751705
190.48564951605658,0.9995888741153979,0.00016588827811684837
190.5060831856681,0.9993640137422384,0.00016589659935073109
190.52651685482124,0.9994883192708849,0.00016586707967940046
190.54695052397437,0.9997517359494558,0.00016586817160601857
190.56738419265457,0.9996303607000205,0.0001658876568482553
190.58781786087638,0.9994584766904964,0.0001658652346999423
190.60825162909896,0.999641464915979,0.00016587206865446592
190.62868519684707,0.9995350495130435,0.00016587707645585235
190.64911886460322,0.999745104264925,0.0001658987643776463
190.66955243189295,0.9996531089202133,0.00016587762241916142
190.6899861989441,1.0000257170557094,0.00016590712326417103
190.7104198655361,0.9995227114953118,0.0001658574782556896
190.7308535321281,0.9997982348537819,0.00016591316651321257
190.75128719824716,0.9997535866521156,0.00016587380067599805
190.77172086414066,0.9997814243046226,0.00016589616634534804
190.79215452980134,0.9996052219888923,0.0001658899913120595
190.8125880949956,0.9998188239208716,0.0001658752126500732
190.8330218601841,0.999570521314022,0.00016588729914815626
190.85345552491344,0.999826535181954,0.0001658785260825695
190.87388908940193,0.9996012892457403,0.00016586124351988994
190.89432285366638,0.9999663403453758,0.0001658976536247072
190.91475651769724,0.9995507804856514,0.00016587479847101114
190.93519008126168,0.9997005331758694,0.00016587969331447158
190.95562374458677,0.9999487586701082,0.00016589610986638504
190.97605750768707,0.9998975558965219,0.00016588615074257515
190.99649107054574,0.9997379327921184,0.00016587594687659225
191.01692473317962,0.9998767354915996,0.00016588857933798437
191.05779205750878,0.9997954587997924,0.00016590633255868895
191.07822571921133,0.9996322885152912,0.00016586916940103166
191.09865938068106,0.9997838919081689,0.00016586800216912955
191.1190931416786,0.9996669120775507,0.00016590925063844422
191.1395267026819,0.9996393828754868,0.00016586691024251144
191.1599603632203,0.9997558229178294,0.00016590301912619267
191.18039412351936,0.9998699495818473,0.00016588006984089162
191.20082768359134,0.9997171123871963,0.00016587628575037027
191.22126134343125,0.9996961377570525,0.0001658820842572388
191.24169500279822,0.9995597255485068,0.00016586099877771693
191.26212866217247,1.0001505623726317,0.00016586450047342323
191.28256232108106,0.9993176690631338,0.00016584657781582965
191.30299597974954,0.999454698172566,0.00016586167652527298
191.32342963795963,0.9992921447889515,0.00016585224453845114
191.34386329616973,0.99968372262671,0.00016587146621219385
191.3642969539069,0.9998817478113031,0.00016584697316857067
191.38473051141773,0.9992773391676735,0.00016585472961282337
191.40516426869726,0.9996497159653371,0.00016584130644594917
191.42559792573593,0.9997919116196945,0.00016586508408937428
191.44603148231545,0.9995803917282073,0.00016588615074257515
191.4664652388965,0.9998584598028346,0.00016586677845826443
191.48689889500383,0.9997953045745707,0.0001658449587522235
191.50733245088486,0.9977879090896298,0.00016580190295609266
191.527766106301,0.9921067917124764,0.00016550075712534984
191.5481998617106,0.9904157892697416,0.00016546293504645745
191.56863351666107,0.9906012450987707,0.00016545768250289799
191.58906707137794,0.9907112847944148,0.00016544806225286614
191.60950082585623,0.9919621284545727,0.00016554025474681134
191.6299344801082,0.997559655761594,0.00016576938989972277
191.65036803389376,0.9996150924030777,0.00016584815922679377
191.67080168768007,0.9995734515932333,0.00016586828456394457
191.6912354409942,0.9992982366852065,0.00016582138819832938
191.71166899408126,0.9991985300794125,0.0001658459377209156
191.73210264669615,0.9998437312941675,0.00016588289378904186
191.75253639931907,0.9997734817057078,0.00016586015159327186
191.7729699514748,0.9997290648418738,0.00016588505881595707
191.79340360339847,0.9995843244713594,0.0001658540142126253
191.81383725508203,0.9996572730011978,0.00016585335529139023
191.8342710065408,1.0001283539407146,0.0001658988585092513
191.85470455775794,0.999937114665874,0.00016586101760403791
191.87513820851746,0.9994829213881272,0.00016585680050813355
191.916005509338,0.9998606189559377,0.00016586604423174538
191.93643915939174,0.9995459995037803,0.00016587056254878578
191.95687270898634,0.9997861281738828,0.00016587564565545622
191.97730645857519,0.9999826882188703,0.00016586945179584669
191.99774010770489,0.9997044659190214,0.00016588272435215287
192.01817375660175,0.9999550819041957,0.00016587225691767592
192.03860740503296,0.9996934388156736,0.00016588191482034978
192.0590410534569,0.9997125627431578,0.0001658855859529451
192.07947470142244,1.0003283069405784,0.00016592212784200937
192.0999082491544,0.9996359128079998,0.00016588650844267418
192.12034199664777,0.9996827201627693,0.00016586250488339704
192.14077564391482,1.00023006547439,0.00016589976217265938
192.16120919094828,1.0005843208085103,0.00016592756864877885
192.18164293751033,1.000190429592427,0.0001658774529822724
192.20207658384606,0.9999057298332691,0.0001658788084773845
192.2225101299482,1.000004125524679,0.00016589029253319553
192.242943775811,1.0000368983842787,0.0001658583819190977
192.26337752121617,0.9998796657708109,0.00016589010426998552
192.28381106661982,0.9998817478113031,0.00016587487377629515
192.3042447115513,0.9999826882188703,0.0001658650464367323
192.3246783562572,1.0000761487031875,0.00016590277438401963
192.34511210049095,1.0002700098067963,0.00016588571773719214
192.36554564473045,1.000128585278547,0.0001658809170253367
192.38597928850504,1.0000717532843706,0.00016589571451364402
192.4064129320468,1.000189504241097,0.0001659033203473287
192.42684657534846,0.9999111277160266,0.00016589496146080394
192.44728021842457,0.9999346470623276,0.00016588639548474818
192.46771386126784,0.999790832043143,0.0001658810111569417
192.48814750363817,0.9997163412610881,0.00016588613191625417
192.5085810457822,1.0001014416395375,0.00016588726149551427
192.5290147876949,0.9996591237038575,0.00016584215363039424
192.54944842936675,1.0000887180587517,0.00016590770688012209
192.5698820705802,0.9999570868320771,0.0001658920810336907
192.59031561156007,0.9999286322786834,0.00016586709850572147
192.61074935253419,0.9997810387415684,0.00016584305729380232
192.63118299304915,1.0001314384451476,0.00016587958035654558
192.6516165330977,1.000141308859333,0.0001658888617327994
192.67205017313972,1.000027721983591,0.00016587830016671746
192.69248391272413,0.9999383484676471,0.00016585478609178637
192.71291745207418,1.0000030459481275,0.00016587848842992747
192.7333510911849,0.9998930062524832,0.0001658576100399366
192.7537848300708,0.999791680281862,0.00016587781068237142
192.77421836848953,0.9999378857919822,0.0001658908949754676
192.79465200690174,1.0003395653817586,0.0001659044499265888
192.81508564485557,0.9995924212954957,0.0001658743089866651
192.83551928257657,0.9998628552216515,0.00016589424606060587
192.85595291982463,0.9999115132790808,0.000165895695687323
192.87638655707997,0.9998688700052957,0.00016589850080915228
192.8968202938704,0.9998102644210703,0.00016587675640839533
192.9172538304192,0.9999643354174944,0.00016590621960076296
192.93768746674323,0.9998817478113031,0.00016589925386199233
192.95812100283365,0.999936651990209,0.00016588530355813008
192.9785547386855,1.0000660469511697,0.00016589482967655693
192.99898837407818,1.0000131477001453,0.0001659036215684647
193.01942190923728,0.999920998130212,0.0001658719180438979
193.0398556441578,0.9999519973997628,0.000165884192805191
193.060289278852,0.9995709839896869,0.000165861695351594
193.08072291308054,0.9997880559891533,0.00016589396366579085
193.1011564470682,1.0001639028543041,0.00016591482322946073
193.12159018083184,0.9996087691689902,0.00016589225047057972
193.1420238143619,0.9998299281368301,0.00016589772892999118
193.16245734765107,0.9998438855193891,0.00016591384426076864
193.18289108071622,0.9994319499523733,0.00016586242957811306
193.20332471331494,1.0002137947135064,0.00016592250436842941
193.2237582456728,0.9996270448577552,0.00016587159799644086
193.24419187780586,0.9997745612822594,0.00016587383832864007
193.26462560947402,0.9997183461889695,0.00016589618517166905
193.2850591411334,0.9996582754651384,0.00016589290939181476
193.30549277233513,0.9996524149067159,0.00016586773860063553
193.3259265033048,0.9999674199219274,0.00016583895315582396
193.3463601340336,1.0002909073243293,0.0001659348544350065
193.3667936645361,1.0000118367857613,0.00016586248605707606
193.38722729457368,1.0000107572092098,0.00016585369416516828
193.40766102460475,0.999753355314283,0.00016585469196018135
193.4280945541759,0.9995331988103837,0.00016588133120439873
193.448528183515,0.9995148460090079,0.0001658572899924796
193.46896191238193,0.9998321644025441,0.0001658571017292696
193.4893954412546,1.0000999764999319,0.0001658932859182348
193.50982906966237,1.0000126079118696,0.00016587837547200147
193.53026259783655,0.9999913248312824,0.00016588729914815626
193.55069632577215,1.000332779472006,0.00016590252964184663
193.57112995348143,1.0001255007741143,0.00016588970891724447
193.59156358071778,0.9998953196308079,0.0001658788084773845
193.6119971077278,1.0005704405385623,0.00016592960189144705
193.63243083450652,0.9998198263848124,0.00016587133442794684
193.65286446104437,1.0000238663530496,0.00016587969331447158
193.6732979873559,0.9999566241564122,0.00016589501793976696
193.6937317132033,0.9999069636350422,0.00016585555797094743
193.71416533904267,0.9997735588183186,0.00016587001658547674
193.73459886442288,0.9999081203242045,0.00016586901879046364
193.75503248957102,0.9999066551845989,0.00016590320738940268
193.775466214247,1.0001879619888807,0.00016588844755373736
193.7958997389287,0.9997846630342772,0.00016587110851209482
193.81633336314553,1.0002115584477926,0.0001658922692969007
193.836767087123,1.000288439720783,0.00016587075081199578
193.85720071087417,1.0002826562749711,0.0001658551437918854
193.8776342341589,0.9997506563729043,0.000165873028796837
193.8980678574444,0.9997026152163616,0.00016583983799291105
193.91850158025773,1.0000222469882225,0.00016588274317847385
193.93893510284397,0.9997437162379302,0.0001658776600718034
193.95936872519087,0.9995809315164831,0.0001658339077017955
193.97980244708015,0.9999267815760237,0.00016587528795535718
194.0002359689679,0.9996202589480028,0.00016587144738587287
194.0411032115735,0.999792991196246,0.0001658901419226275
194.0615368325307,0.9998545270596827,0.00016586781390591954
194.08197045301495,1.0003083347743753,0.00016588624487418017
194.10240407350648,1.0000596466044716,0.0001658942837132479
194.12283769353235,1.0001430824493818,0.00016588616956889616
194.14327131332539,1.0002279063212869,0.00016587107085945282
194.16370493287832,1.0001235729588436,0.00016589821841433725
194.1841384519721,0.9997525841881748,0.00016586436868917622
194.20457217106014,1.0002380080733049,0.00016589017957526953
194.22500578968902,1.0000139959388643,0.00016588788276410732
194.24543930808431,0.9998356344700311,0.00016587668110311132
194.26587302624102,0.9999327192470571,0.00016587344297589902
194.2863066439386,1.0002215059745887,0.00016588605661097016
194.30674026163615,1.0000447638705827,0.00016586721146364747
194.32717377886001,1.0000357416951164,0.0001658764551872593
194.34760749585985,0.9998081823805781,0.00016584697316857067
194.3680411126261,1.0000635022350126,0.00016586457577870723
194.3884746289259,0.9999091999007561,0.00016587735885066737
194.40890834521997,0.9998884566084447,0.00016585892788240674
194.4293419610549,0.9997380870173401,0.00016586835986922858
194.44977547664894,0.9995699044131354,0.0001658182065500801
194.47020909178536,0.9996812550231636,0.0001658484792742508
194.49064280692255,1.0001388412557866,0.00016587666227679032
194.51107632159255,1.0000017350337436,0.00016584736852131172
194.5315099360232,1.0001024441034783,0.00016586092347243292
194.55194365022908,0.999655884974203,0.00016586365328897815
194.5723771641933,0.9998283858846136,0.00016584770739508974
194.59281077793275,0.9996867300185321,0.00016585983154581482
194.61324439120654,0.9998946256173106,0.00016587666227679032
194.63367800424749,0.9995420667606284,0.00016585363768620526
194.65411161704833,1.0001569627193299,0.00016588246078365882
194.67454522962362,1.0001713827775538,0.00016585326115978524
194.69497894172673,0.9998653999378087,0.00016585339294403225
194.7154124538356,0.9999711984398577,0.0001658854165160561
194.73584606547956,0.9998199034974232,0.00016585664989756554
194.75627957688994,1.0001172497247561,0.0001658586078349497
194.7767132878289,0.9996656011631666,0.00016585139735400607
194.79714689877437,0.9997480345441363,0.00016584578711034757
194.8175805092469,1.0002050809884835,0.00016590388513695875
194.8380141194939,0.9996962919822742,0.00016587594687659225
194.85844772950804,0.9995933466468256,0.0001658514914856111
194.87888133928936,1.0000560994243737,0.00016589867024604127
194.899314848597,0.9993976348405571,0.0001658406475247141
194.91974855768058,0.9994313330514868,0.00016584228541464125
194.94018216675613,0.999823913353186,0.00016588637665842718
194.9606156751397,0.9997078588738976,0.0001658832703154619
194.9810493835248,0.9998266894071756,0.0001658707319856748
195.00148299144348,0.9997024609911399,0.00016588310087857288
195.02191649935412,0.9996632106722311,0.00016586468873663326
195.04235010680713,0.9937033312069531,0.0001656058833018232
195.0627838140208,0.9908852508444312,0.00016544277205666466
195.08321732077457,0.9903488555235473,0.00016544358158846774
195.1036509275291,0.990228868301107,0.000165435429791474
195.1240846338187,0.9913294965953818,0.00016548733395847564
195.14451823986747,0.9947073373998668,0.00016563039517176738
195.1649517456899,0.9998482038255951,0.00016588530355813008
195.18538535104744,0.9996800212213905,0.00016585233867005616
195.20581905639847,1.0000719075095923,0.0001658698471485877
195.22625256128958,0.9999320252335596,0.00016587922265644655
195.24668616594863,0.9995832448948078,0.0001658406663510351
195.26711987036833,0.9998677904287442,0.00016589838785122625
195.28755337456096,0.9997741757192052,0.00016587596570291326
195.30798697828868,0.9996243459163764,0.00016588686614277322
195.3284205817763,0.9997811158541793,0.0001658933988761608
195.34885418503836,0.9997941478854083,0.0001658685857850806
195.3692877880676,0.999933181922722,0.00016585689463973854
195.38972139085672,0.999525256211469,0.00016587058137510678
195.41015509318822,0.9998579200145589,0.00016586180830952
195.43058859528537,0.999864397473868,0.00016590524063207087
195.45102219714317,0.9999752854082312,0.00016589061258065257
195.47145569877466,0.9996514124427752,0.00016586239192547105
195.491889399942,0.9997742528318161,0.00016588684731645223
195.51232300110132,0.9995391364814171,0.0001658675126847835
195.5327565018015,0.9994830756133489,0.00016585320468082222
195.55319020227034,0.9995716008905735,0.00016587218161239191
195.57362380249833,0.9997950732367382,0.0001658695835800937
195.59405740226794,0.9997702429760532,0.0001658452599733595
195.61449090203678,0.9996686085549887,0.00016589609104006406
195.6349246013342,0.9998003168942742,0.0001658740642444921
195.65535820040532,0.999608846281601,0.00016587240752824394
195.67579169901,0.9994113608852836,0.000165873311191652
195.69622539760894,0.9996693025684861,0.0001658742713340231
195.71665899574873,0.9996420818168656,0.00016589245756011073
195.73709249365493,0.9996396142133193,0.00016588072876212669
195.75752609132178,0.9998871456940607,0.0001658910267597146
195.77795978876384,0.9994192263715875,0.000165884343415759
195.7983932857387,0.9998305450377167,0.00016588336444706692
195.81882688270707,0.9997261345626626,0.00016586450047342323
195.8392605792178,0.9998526763570229,0.000165872915838911
195.8596940754942,0.9998272291954513,0.0001658807475884477
195.8801276712984,0.9993377183419477,0.00016585789243475164
195.90056126710988,0.99980648590314,0.00016588816515892234
195.92099496245646,0.9995992843178589,0.00016587477964469016
195.94142845756141,0.9997778771245247,0.00016589130915452963
195.96186205244157,0.9996151695156885,0.0001658755703501722
195.9822956470889,0.999943592125183,0.0001658922128179377
196.0027292412633,0.9999594773230126,0.0001659123005024465
196.02316283521213,0.9996325969657345,0.000165884155152549
196.0435963291602,0.9996692254558753,0.00016588411749990698
196.06403002240404,1.0002676193158608,0.00016593784782004576
196.08446351565362,1.0000140730514753,0.0001659090623752342
196.10489720843907,0.9998933918155374,0.00016588825929052736
196.12533080121648,0.9997080130991192,0.00016588362801556094
196.1457643935355,0.9995345868373786,0.00016587333001797302
196.16619788562093,0.9997163412610881,0.00016589166685462866
196.1866314772342,0.9996986824732096,0.0001659012306256975
196.20706516885548,0.9998094161823513,0.00016587830016671746
196.22749876001035,0.9998982499100192,0.00016591034256506232
196.24793225092435,0.9996541884967648,0.00016588063463052167
196.26836594161432,0.9996138586013045,0.00016587553269753022
196.2887994318371,0.9999071949728747,0.00016589833137226325
196.30923302205338,0.9997488056702445,0.00016589134680717162
196.32966661181126,0.9996046050880057,0.00016587479847101114
196.35010020133632,0.9997043116937997,0.00016590034578861044
196.37053379062127,1.000076765604074,0.00016589573333996503
196.39096737944783,0.9996930532526196,0.0001658964299138421
196.41140096804156,1.0001511792735183,0.0001659132606448176
196.43183455662802,0.9994596333796587,0.00016586563005268332
196.4522681447561,1.0000869444687028,0.00016591728947751194
196.47270163241774,1.0001005162882075,0.0001659089305909872
196.49313532007363,0.9996080751554928,0.0001658901984015905
196.51356890727038,0.9996349874566699,0.0001658831761838569
196.5340024942343,0.9995594170980635,0.00016588025810410163
196.5544360809581,0.9995963540386477,0.0001658946790659889
196.57486966745637,0.9996602803930198,0.00016591280881311354
196.59530315372103,0.9995085227749204,0.00016587400776552907
196.6157367395208,0.9993938563226268,0.00016589010426998552
196.63617042508122,0.999784740146888,0.0001659022660733526
196.65660401041532,0.9998415721410644,0.0001659021719417476
196.67703749550856,0.9998104957589028,0.00016591519975588074
196.69747118014493,0.999711560279217,0.00016588377862612896
196.7179047645477,0.9995897994667278,0.00016588910647497243
196.73833824894973,1.0001487887825826,0.00016593758425155174
196.75877183264674,0.999581856867813,0.0001658942837132479
196.7792055163518,0.999803015835653,0.00016590300029987166
196.79963899981522,0.9997708598769398,0.00016590518415310785
196.820072582821,1.0002447168704465,0.00016590881763306118
196.84050626559474,0.9998281545467812,0.00016589531916090297
196.86093974813411,0.9997612979131978,0.0001659023037259946
196.88137333043414,0.9995420667606284,0.00016586787038488254
196.9018069122758,0.9999182220762224,0.0001659348167823645
196.9222405938781,0.9998317788394899,0.00016588944534875046
196.9426740752533,0.9999434378999614,0.0001658944719764579
196.96310765639646,0.9997227416077864,0.00016588953948035547
196.98354133730027,0.9999992674301972,0.00016589827489330025
197.024408397956,0.9998538330461852,0.00016591414548190465
197.04484187793423,0.9997274454770466,0.00016590200250485857
197.06527555767389,0.9998602333928835,0.00016590066583606745
197.08570913718722,0.9999985734166997,0.00016593131508665817
197.10614261623414,1.0001506394852424,0.00016590367804742773
197.12657629504247,0.9997510419359583,0.00016590742448530706
197.14700987362448,0.9999186076392764,0.00016591194280234745
197.1674434519664,0.9997641510797982,0.00016588110528854673
197.18787693008198,0.9996833370636559,0.00016588799572203334
197.20831060773344,0.9996596634921333,0.00016590155067315455
197.2287441851513,0.9996689941180428,0.000165873198233726
197.2491776623283,0.999631054713518,0.0001659168564721289
197.26961133928125,0.9997252092113327,0.00016589944212520234
197.29004491599335,0.9999449801521779,0.00016589170450727065
197.3104783922463,0.9998285401098354,0.00016592225962625638
197.33091196826717,0.9998074112544699,0.00016588355271027693
197.35134564405598,0.9999254706616397,0.00016591708238798092
197.37177911960316,0.9999469079674485,0.00016590271790505663
197.39221269469272,0.9999880089890171,0.00016589838785122625
197.41264636977576,0.9994626407714808,0.00016588925708554045
197.43307994439965,0.9997252092113327,0.00016590505236886084
197.45351341878995,0.9999271671390778,0.00016590979660175328
197.47394699271536,0.9995726033545143,0.00016589498028712495
197.49438066663424,1.000720270341391,0.00016597495449874008
197.51481414009322,0.9998471242490437,0.00016588272435215287
197.53524771331286,0.9996565018750895,0.0001658800510145706
197.5556813863077,0.9999326421344462,0.000165872972317874
197.57611485906818,0.9999599399986775,0.00016590407340016876
197.59654843136377,0.9996935930408953,0.00016589155389670263
197.61698200365208,1.0000386719743277,0.00016589899029349832
197.637415575482,0.9998469700238221,0.000165895695687323
197.65784914707183,0.9997787253632437,0.00016587541973960422
197.67828271820326,0.9999929441961097,0.00016587786716133442
197.6987162893347,0.9998868372436175,0.00016589304117606177
197.71914986000047,1.0000034315111817,0.00016588963361196046
197.73958343042614,1.0002927580269891,0.0001658912150229246
197.7600169006255,0.9999449801521779,0.00016590307560515567
197.78045057058625,0.9999742058316797,0.0001658586078349497
197.80088414008787,1.0001844919213938,0.00016588006984089162
197.8213176093559,1.0000860191173728,0.00016591702590901792
197.84175127839262,1.0001093842384523,0.00016590360274214373
197.86218484718847,1.0000208589612276,0.00016589225047057972
197.88261841575877,1.0001645968678015,0.00016590030813596842
197.90305188386264,0.9999079660989829,0.00016588690379541523
197.92348555172794,1.0001552662418918,0.0001659090247225922
197.9439191193669,0.9999937153222179,0.00016588003218824963
197.9643525867723,1.0001690693992291,0.00016590522180574987
197.98478615393833,0.999896167869527,0.0001658976536247072
198.00521982064674,0.9999480646566108,0.00016591444670304068
198.0256532871208,0.9998477411499302,0.0001659213559628483
198.06652051936544,1.0001001307251536,0.00016589594042949605
198.086953985141,0.9998854492166226,0.0001659023037259946
198.1073875504444,0.9999322565713921,0.0001659000257411534
198.12782111552224,0.9999765192100044,0.00016589130915452963
198.14825468036724,1.0002433288434516,0.00016591109561790238
198.16868824497215,1.0001548806788378,0.00016591670586156088
198.18912180911866,1.0002023820471047,0.00016588281848375786
198.20955537326518,0.9998660939513061,0.00016588720501655127
198.22998893693875,1.0001724623541053,0.00016588884290647842
198.25042250038678,0.9997494996837419,0.00016590573011641691
198.27085596336838,1.0001183293013076,0.00016593573927209358
198.29128962634422,1.0014143609514077,0.00016611858050166186
198.31172318886092,1.0000936532658444,0.0001658911208913196
198.33215665114403,1.000134677174802,0.00016591205576027348
198.35259031318856,1.0000732184239762,0.0001659088552857032
198.37302387500677,1.0001046032565812,0.0001659111897495074
198.3934574363593,1.0001800965025769,0.00016590077879399345
198.41389089770382,0.9999843846963083,0.00016591510562427575
198.43432455859147,1.0005020416527624,0.00016593978693110894
198.45475811924553,1.000338948480872,0.000165918117835636
198.47519157942588,0.9998088763940756,0.00016590637021133097
198.49562523961504,1.000170380313613,0.0001659338189873514
198.51605879933777,0.9999548505663632,0.00016589968686737537
198.53649225881964,1.0001386870305649,0.00016593837495703382
198.5569258180767,0.9966673857417626,0.0001657732869481701
198.5773594771017,0.9922805264246604,0.00016553690366167306
198.59779293565225,0.9911219865596574,0.00016546871472700498
198.618226493978,0.9910008426480548,0.0001654780525822218
198.63866015207168,0.9915430214147504,0.0001654902896908729
198.65909360992373,0.993350309674606,0.00016558270810067011
198.679527167551,0.999231380051623,0.00016588236665205383
198.69996072471258,1.0004770571668558,0.00016592758747509986
198.72039438163483,1.000602750722497,0.0001659493318758568
198.74082783833,1.0007875896506393,0.00016594863530197974
198.7612613947931,1.000488238495425,0.0001659447947324954
198.78169505101687,1.0003501298094413,0.00016595375606129217
198.80212850678072,0.9998877625949473,0.00016590290616826667
198.8225620623125,1.000428167771594,0.0001659346849981175
198.8429955176107,1.0005690525115674,0.00016596096654223583
198.8634291726703,1.000257054888178,0.0001658965616980891
198.88386272727075,1.0002303739248333,0.00016592216549465136
198.90429628186394,1.0001397666071163,0.0001659356451404886
198.92472983599873,1.0002646119240386,0.00016591542567173277
198.9451633899007,0.9998455048842164,0.00016593114564976918
198.96559694356256,1.0000591068161957,0.00016591875793055006
198.98603039676527,1.0000045110877331,0.00016591617872457285
199.0064640499695,1.0004733557615362,0.00016594357102163028
199.02689760270005,1.0002431746182299,0.00016592615667470372
199.04733105520427,1.0000785391941232,0.00016592220314729338
199.06776470724435,1.0000118367857613,0.00016590375335271174
199.0881982592764,1.0003202872290529,0.00016590987190703727
199.1086317108493,1.0003477393185056,0.0001659044687529098
199.12906526219012,1.0001814845295716,0.00016592547892714768
199.1494989132916,1.000499111373551,0.00016594118007886308
199.16993246416678,1.0003431896744672,0.00016593611579851362
199.19036591457552,1.0000897205226924,0.000165951685165982
199.21079956497852,0.9999512262736545,0.00016590518415310785
199.23123311492236,0.9998717231718962,0.0001659346285191545
199.25166656463261,1.000385524497809,0.0001659269473801858
199.2721001138707,1.0000634251224019,0.00016590057170446244
199.2925337631168,1.0000743751131387,0.00016593208696581927
199.31296721189574,1.0000414480283173,0.00016589987513058538
199.33340076043532,0.9996247314794305,0.00016585026777474597
199.35383440875012,0.9999490671205515,0.00016595093211314193
199.37426785659773,1.0000352019068406,0.00016588374097348694
199.39470140443882,1.0000480026002372,0.00016587451607619612
199.41513495182153,1.0001196402156918,0.0001659055606795279
199.4355684989714,1.0002941460539838,0.0001658898407014915
199.45600204588118,0.9999970311644834,0.00016589144093877664
199.4764355925654,1.000083397288605,0.0001659156139349428
199.5173026847624,1.000167372921791,0.00016590806458022112
199.5377362305153,1.0001680669352884,0.00016588607543729117
199.5581696760346,1.0001707658766672,0.000165895545076755
199.5786033213153,1.000035047681619,0.00016591723299854894
199.59903686613688,1.0004075015918934,0.00016590751861691208
199.61947031072486,0.9996430071681955,0.00016586992245387172
199.63990395507426,0.9999034164549444,0.00016589712648771914
199.66033749919734,0.9997384725803943,0.00016587948622494056
199.68077104285476,1.0002542788341884,0.00016590213428910558
199.70120448651141,0.9999964913762076,0.00016590040226757344
199.72163812969666,1.0002402443390186,0.00016589627930327407
199.74207157265482,1.0002621443204924,0.0001659043934476258
199.76250511537364,1.0002492665144849,0.00016592150657341632
199.78293875763484,1.0001579651832706,0.0001658966934823361
199.80337229989527,1.0000480797128481,0.00016591832492516702
199.82380574168928,1.0000992824864345,0.00016591284646575555
199.84423928324395,1.0000274906457582,0.00016589177981255466
199.86467282434023,1.000124729648006,0.00016590913768051822
199.88510636542924,1.0002495749649283,0.00016590371570006973
199.90553990605986,1.0002158767539986,0.00016590290616826667
199.92597344645765,1.000544376476104,0.00016590591837962692
199.9464069866226,1.000528722616107,0.00016591096383365537
199.96684052654746,1.0000257170557094,0.00016587474199204814
200.00770760547312,1.0006348295685994,0.00016591375012916363
200.02814114447392,1.000488238495425,0.0001659046193634778
200.04857458324113,1.0004796018830129,0.00016592052760472422
200.0690082215442,1.0001854943853343,0.00016589179863887567
200.08944175983925,1.0001918947320327,0.00016589592160317504
200.1098752976759,1.0004052653261797,0.00016592881118596497
200.13030873527896,1.0000096005200474,0.00016588460698425302
200.15074237264344,1.000235309131926,0.000165906784390393
200.17117580978083,1.0001912778311461,0.0001658932670919138
200.19160934645333,1.0000958895315581,0.00016589241990746872
200.2120429828865,1.0004287846724806,0.00016590731152738106
200.23247651909332,1.000196984164347,0.0001658787708247425
200.25290995506657,1.0003292322919082,0.0001658796744881506
200.27334349080047,1.0004000216686437,0.0001658934177024818
200.29377712607675,1.0000325800780727,0.00016587133442794684
200.33464409615408,1.000316662936344,0.0001661783917234842
200.35507773049903,1.0003456572780136,0.00016616758541522923
200.37551116484246,1.0002764101534947,0.0001661525808373909
200.39594469871372,1.0005077479859632,0.00016617441936975284
200.41637823259225,1.000563114840534,0.00016616854555760033
200.43681176600512,1.0002759474778296,0.00016615572483299817
200.45724529894505,0.9999744371695122,0.00016615276910060092
200.47767883189226,1.0001885017771566,0.00016613281320033914
200.4981124643673,1.0007090890128216,0.0001661994583766851
200.51854589661525,1.000286666130734,0.00016617332744313476
200.53897942863114,1.000332856584617,0.00016615297619013193
200.55941286041343,1.0005737563808275,0.0001661929632959395
200.57984649195714,1.0006613563067224,0.0001661751159436299
200.6002800230417,1.0003404136204777,0.0001661493427101786
200.62071345389268,1.0003840593582034,0.00016617543599108694
200.64114708450506,1.0003713357774175,0.00016616494973028902
200.66158061489114,1.000343343899689,0.00016615186543719285
200.68201404504362,1.0005355085258594,0.0001661715765952816
200.70244757472392,1.00049433039168,0.00016616577808841308
200.72288120417943,1.0002808055723116,0.00016615284440588493
200.74331473339407,1.001216181541593,0.00016621702333417964
200.7637481623824,1.0004512244422301,0.0001661818181139065
200.7841817909066,1.0001364507648511,0.00016613631489604546
200.80461531943,1.0004243121410528,0.0001661705788002685
200.82504874747974,1.0005877908759973,0.00016616775485211825
200.84548227507184,1.0003780445745591,0.00016615672262801126
200.86591590265743,1.000671149608297,0.00016616461085651097
200.88634933001595,1.0034057941259082,0.0001665388404653823
200.90678285690956,1.0009825303307995,0.0001662007950454762
200.9272164835711,1.0005380532420165,0.0001661548399959111
200.94764990999101,1.000578383137477,0.00016615325858494696
200.96808343618613,1.0004722761849847,0.00016616954335261342
200.9885169619156,1.0010917989003356,0.0001661696374842184
201.0089505874057,1.0003910766057882,0.00016616082676598965
201.02938401290157,1.0005281828278312,0.0001661593771392725
201.0498175376997,1.0004001758938652,0.00016614311119792706
201.07025116249133,1.0003552963543665,0.00016615312680069995
201.09068458682304,1.0002730171986183,0.00016617761984432313
201.11111811115552,1.000605758114319,0.00016616519447246202
201.1315515350143,1.0003403365078667,0.0001661513006475628
201.15198515864904,1.0002806513470899,0.00016617637730713703
201.17241868181736,1.0005334264853671,0.0001661705034949845
201.1928522049784,1.0003849075969224,0.00016615184661087184
201.21328572768107,1.0003680199351521,0.0001661602431500386
201.2337192501509,1.0004540004962197,0.00016612644990384058
201.25415277238062,1.0003657065568274,0.0001661617116030767
201.2745861941512,1.0005276430395555,0.00016615775807566637
201.2950198159233,1.000767771709658,0.00016616233287166976
201.3154533372217,1.0001830267817882,0.00016616781133108125
201.33588675829378,1.000509598688623,0.00016616400841423893
201.3563202791338,1.0003657065568274,0.00016615527300129415
201.37675389973447,1.00039593470027,0.0001661625964401638
201.39718731987523,1.0005503141471375,0.00016615559304875116
201.41762083978392,1.0003751914079586,0.00016613940241268972
201.43805445945327,1.0005201631163056,0.000166165025035573
201.4584879788963,1.000405959339677,0.00016614875909422755
201.4789213978729,1.0001228018327355,0.0001661434688980261
201.499354916843,1.0003648583181084,0.00016615107473171077
201.51978853535547,0.9999637185166078,0.00016613957184957875
201.5402219536336,1.0003213668056044,0.000166164855598684
201.56065547167236,1.0003321625711195,0.00016616212578213875
201.5810890892535,1.0001449331520416,0.0001661639707615969
201.60152250683313,1.0004389635371091,0.0001661860916887739
201.62195602394058,1.0003339361611685,0.000166153823374577
201.64238954082248,1.0004601695050854,0.00016613177775268406
201.66282305747154,1.000225747168184,0.00016616756658890825
201.68325657364767,1.0004356476948437,0.000166131382399943
201.70369008959824,1.000480758572175,0.00016614491852474323
201.7241236055488,1.0002480327127117,0.0001661415297869629
201.74455712102645,1.0003708731017527,0.00016614889087847458
201.7649906360457,1.0002390105372454,0.00016616165512411371
201.78542405106418,1.0001811760791284,0.00016615301384277395
201.80585766561126,1.000271860509456,0.00016613271906873412
201.826291179932,1.0002606020682758,0.00016617121889518256
201.84672459401918,1.0002844298650202,0.00016614433490879217
201.86715820786776,1.0002973076710275,0.0001661569673701843
201.8875917212572,1.0003303118684597,0.0001661433559401001
201.90802513464587,1.0003917706192855,0.00016619358456453255
201.92845874756313,0.9999558530303039,0.00016613369803742623
201.94889226025407,1.0005051261571951,0.00016615826638633342
201.96932577271218,1.0003542938904257,0.00016618870854739312
201.9897591846966,1.0002028447227695,0.00016615768277038236
202.01019279645698,1.0003884547770203,0.00016615760746509835
202.03062630798377,1.00046996280666,0.00016618249586146256
202.05105971927696,0.9999496069088273,0.0001661234941714433
202.07149333033158,0.9991443970266148,0.00016612042548112002
202.09192684092704,0.9928826216899653,0.00016577818179163055
202.11236025151447,0.9917345691400343,0.00016571989550180936
202.13279376164428,0.9911075665014336,0.00016571624319553502
202.15322737154202,0.9911539882931489,0.00016568258173358402
202.1736607809653,0.9919670636616653,0.00016572172165494652
202.1940942903966,0.9967256057629339,0.0001659876999180582
202.21452789936302,1.0002340753301528,0.000166175944301754
202.2349613080878,1.0003675572594872,0.00016615444464317006
202.2553948165878,1.0000945015045635,0.00016616562747784507
202.27582832485496,1.0001027525539214,0.00016617466411192588
202.29626193264994,1.0002685446671906,0.000166131231789375
202.31669534021785,1.0000314233889103,0.00016612708999875464
202.33712884755369,1.0004988029231077,0.00016614670702523837
202.35756245465018,1.000588330664273,0.00016617793989178017
202.3779958615196,1.0003216752560475,0.00016615890648124748
202.3984293679241,1.0002698555815746,0.00016615372924297202
202.41886277432786,1.000141231746722,0.00016615339036919397
202.4392963802602,1.000234923568872,0.00016617884355518825
202.45972988596623,1.000301934427677,0.00016614296058735904
202.4801633911993,1.0001272743641632,0.00016615152656341482
202.50059689643967,1.0003038622429474,0.0001661841525777107
202.52103040121438,1.0003083347743753,0.00016620928571624795
202.54146390574897,1.0002949942927029,0.00016619477062275567
202.56189731005725,1.0003670945838223,0.0001661883508472941
202.5823309139014,1.0010290292351258,0.00016621209083807721
202.6027644177375,1.0004996511618267,0.00016621564901274653
202.62319782111445,1.0004659529508972,0.0001661683949470323
202.6436314242601,1.0003238344091507,0.0001661860916887739
202.66406492716487,1.0004106632089371,0.00016618467971469877
202.6844983296105,1.000590566929987,0.00016617869294462023
202.7049318320569,1.000240475676851,0.00016618419023035273
202.72536543403112,1.0007278273772517,0.00016618467971469877
202.74579893577902,1.0006449313206172,0.0001661660228305861
202.76623233729333,1.0004180660195763,0.00016618211933504254
202.78666593833623,1.0001812531917391,0.00016615548009082516
202.80709943938564,1.0002800344462033,0.0001661525055321069
202.82753283996863,1.0002955340809787,0.00016617669735459405
202.84796634031227,1.00017477573243,0.00016615011458933967
202.86839994043112,1.0001366049900726,0.00016615322093230497
202.88883334008278,1.00018788487627,0.00016617647143874202
202.9092668397352,1.0000544029469356,0.00016616626757275912
202.92970043891546,1.0001654451065205,0.00016616626757275912
202.95013383786863,1.0001339831613048,0.0001661795401290653
202.9910008348379,1.000219192596264,0.0001662061981996037
203.01143433309335,1.0002473386992143,0.00016613601367490943
203.03186783088313,1.000017234668519,0.0001661670017992782
203.0523013284328,1.0000635022350126,0.00016617588782279097
203.07273492552486,1.0005133000939423,0.0001662187553557118
203.0931683226081,1.000149097233026,0.00016618686356793496
203.11360181923374,0.9999782156874425,0.00016618328656694463
203.1340352158586,0.9999349555127709,0.00016616771719947626
203.15446881201933,1.0002974618962492,0.00016616093972391565
203.17490230770636,1.0000273364205368,0.00016619264324848248
203.1953357033999,1.0000587212531415,0.00016615320210598396
203.21576929862204,1.0000304980375805,0.00016615642140687526
203.23620279361785,1.000221428861978,0.00016620105861397022
203.25663628838083,0.9996878095950836,0.0001661344699165873
203.27706968291022,0.9999417414225233,0.00016611826045420485
203.29750327720103,0.9999978022905915,0.0001661694492210084
203.3179367710327,1.0002651517123144,0.0001661546517327011
203.33837016463076,0.9999097396890319,0.00016612147975509614
203.35880375799024,1.000147400755588,0.00016617325213785076
203.3792372511234,1.0003788157006674,0.0001661348464430073
203.39967064379016,0.9995911103811117,0.00016610562799281272
203.4201041364504,1.000117712400421,0.00016618650586783593
203.440537728653,1.0000011952454677,0.00016613305794251217
203.46097112062125,0.9998280003215596,0.00016610937443069205
203.48140461235016,0.9995729889175684,0.00016611276316847234
203.50183810362068,1.0002068545785323,0.00016613512883782234
203.52227159465838,1.0001837979078962,0.0001661492297522526
203.5427050856888,1.0000972004459423,0.00016613558066952639
203.563138576028,0.9995796977147099,0.00016612247755010923
203.5835720663672,0.9999483731070541,0.00016613863053352866
203.6040055564663,1.0000634251224019,0.0001661381787018246
203.624439046107,0.9998107270967352,0.00016613556184320538
203.64487253551488,0.9999886258899037,0.00016612535797722248
203.66530602468265,0.9998370996096367,0.00016614324298217407
203.68573951362487,0.9999925586330556,0.00016612379539257934
203.70617290210066,0.9997784169128004,0.0001661404566866658
203.7266064905707,1.0001862655114426,0.00016614665054627537
203.74703987858084,1.00044559522164,0.00016614951214706763
203.7674733663589,1.0000089836191608,0.00016613646550661348
203.7879069536648,0.9996928219147871,0.0001661053832506397
203.8083404409772,0.9996584296903601,0.0001660964407481639
203.82877382782317,0.9997336144859124,0.0001661290479361388
203.8492073144298,1.0000334283167918,0.00016613200366853606
203.86964090081165,0.9998773523924862,0.00016612733474092765
203.89007428695913,1.000078153631069,0.00016615905709181547
203.91050777286728,1.0000532462577731,0.00016613825400710861
203.9309413583178,0.9998365598213609,0.0001661288031939658
203.95137474353396,1.0001325180216991,0.00016615642140687526
203.97180822851078,0.9998396443257939,0.0001661401554655298
203.99224171326205,1.0002328415283797,0.0001661770738810141
204.01267519754765,0.9998224482135804,0.00016614194396602494
204.03310868159315,0.9999755167460638,0.000166131062352486
204.05354216564592,0.9997153387971474,0.00016614250875565502
204.07397574922652,0.9998022447095447,0.00016611263138422534
204.0944091323472,0.9998522907939688,0.00016613222958438808
204.11484261546866,0.9997454898279791,0.00016613285085298116
204.1352759981237,0.9995680537104757,0.00016612966920473185
204.15570958054013,0.9998257640558458,0.00016611718735390775
204.17614306273026,0.9996755486899628,0.00016614393955605112
204.1965764446868,1.00021788168188,0.0001661480813466715
204.21701002617192,1.000079541658064,0.0001661277112673477
204.23744350766356,1.0002233566772485,0.00016618219464032655
204.25787688868877,1.0002110957721275,0.00016615455760109608
204.27831036947464,0.9997967697141763,0.00016614717768326343
204.29874394980288,1.000280188671425,0.00016616752893626623
204.31917743013037,0.9999418956477449,0.00016612368243465334
204.33961080998415,1.0000253314926553,0.000166153823374577
204.3600443896139,1.000080312784172,0.00016617313917992473
204.38047786901006,0.9997076275360651,0.00016613426282705628
204.40091124816536,0.9995994385430806,0.0001661390258862697
204.42134472709586,1.0000914170001305,0.00016615293853748994
204.44177830556146,0.9998967076578028,0.00016614712120430043
204.46221168378543,1.0000271050827043,0.00016613420634809325
204.4826451617846,0.9999219234815419,0.00016615241140050189
204.5030787395517,1.0001534155392322,0.00016617639613345802
204.52351211684436,1.0000295726862505,0.00016616886560505734
204.5439455939122,0.9998746534511074,0.00016614990749980866
204.56437907098007,0.9999260104499155,0.00016613802809125662
204.58481264734291,1.000341107633975,0.00016618419023035273
204.60524602371152,1.0002842756397985,0.0001661660228305861
204.62567949984805,1.0001001307251536,0.0001661334344689322
204.6461130755124,1.0001767035477007,0.000166153748069293
204.66654645094968,1.0000358188077272,0.0001661511688633158
204.6869799261549,0.9998411094653995,0.0001661523737478599
204.70741330111923,1.0002401672264079,0.00016617810932866917
204.7278468756267,1.0001010560764834,0.00016615056642104372
204.74828035013343,1.0002808055723116,0.0001661740051906908
204.7687138241672,0.9999262417877479,0.0001661738734064438
204.78914729797543,1.0004332572039083,0.0001661679995942913
204.809580771318,1.0002606020682758,0.0001661615233398667
204.83001424465328,1.0003312372197897,0.00016618435966724173
204.85044761752943,1.0003118819544732,0.00016616408371952294
204.87088119017426,1.0003888403400742,0.00016616873382081034
204.89131466257822,1.0000838599642699,0.00016618801197351607
204.91174803475587,1.0003900741418474,0.00016616193751892874
204.93218160670222,1.0000716761717598,0.00016616809372589628
204.95261507817486,1.0001322866838667,0.00016615199722143985
204.97304844942119,1.0004108174341588,0.00016617383575380179
204.9934820204362,1.0000990511486019,0.00016614721533590542
205.01391549121035,1.0001866510744968,0.00016616860203656333
205.03434896152612,1.0004116656728779,0.0001661626717454478
205.05478233184112,0.9999370375532631,0.00016614924857857362
205.07521590168471,0.9999824568810378,0.00016617735627582912
205.095649371302,1.0000568705504818,0.0001661703905370585
205.11608274068567,1.000127351476774,0.00016618601638348989
205.13651630959794,1.000348510444614,0.00016614764834128846
205.1569497782839,1.00024880383882,0.0001661661734411541
205.17738314696908,1.0005219367063547,0.000166209775200594
205.1978166151821,1.0001745443945975,0.00016615885000228445
205.21825018293748,1.000632284852442,0.00016616532625670903
205.23868355069135,1.000496566657394,0.00016620563340997364
205.25911701798032,1.000094732842396,0.00016616075146070564
205.27955058502994,1.000411202997213,0.00016616124094505168
205.29998395185248,1.0001463982916472,0.00016617383575380179
205.32041741843568,1.0001524130752915,0.00016616645583596913
205.34085088479333,1.0001811760791284,0.0001661693739157244
205.3612843506853,1.000527026138669,0.00016618355013543867
205.3817178163372,1.0000018892589653,0.000166153635111367
205.4021512817635,1.0000907229866332,0.00016617786458649617
205.42258484695776,1.0001690693992291,0.00016616769837315525
205.44301821191038,1.0000362043707813,0.00016616877147345235
205.46345167640538,1.000056793437871,0.0001661908735743083
205.4838850406668,1.0003008548511254,0.00016618788018926906
205.50431860468962,1.0003451946023485,0.0001662076666526418
205.52475206848612,1.0003474308680624,0.00016619541071766973
205.5451855320498,0.9999222319319852,0.00016617633965449502
205.56561899514054,1.000300083725017,0.00016618505624111879
205.58605245800572,0.9996551909607055,0.0001661929256432975
205.60648592063808,0.9948269390592531,0.00016594298740567922
205.62691928303684,0.9919416165000938,0.00016580981001091335
205.64735284519702,0.9909351427036337,0.0001657887057050705
205.66778630689805,0.9907993473959746,0.00016576809088357365
205.68821966835822,0.991448712691714,0.00016578917636309552
205.70865322959435,0.9941324628861824,0.00016593332950300536
205.7290866905969,0.9997262887878843,0.00016615532948025715
205.74952005136583,1.000177860236863,0.00016616636170436414
205.7699535116626,1.0007215041431643,0.00016622355606756722
205.79038707173459,1.0004302498120863,0.0001661741181486168
205.81082043156493,1.0000178515694056,0.0001661782787655582
205.8312538911705,1.0004603237303071,0.00016620898449511192
205.85168745054398,1.0003533685390957,0.0001661673030204142
205.87212090944377,1.0002057750019808,0.00016618136628220246
205.89255426835007,1.000277104166992,0.00016620139748774825
205.91298772679147,1.0000810067976695,0.000166165043861894
205.9334212847607,1.000401178357806,0.00016619915715554906
205.9742881004786,1.0000325800780727,0.00016611268786318834
205.99472165774932,1.0003021657655093,0.00016618349365647565
206.01515501479298,0.9999618678139481,0.0001661794836501023
206.03558847160457,1.0001876535384375,0.00016616773602579725
206.05602192794322,0.999776026421865,0.00016618098975578244
206.07645538428915,0.9998591538163321,0.00016617200960066463
206.0968888401694,1.0001610496877036,0.00016617767632328613
206.11732229581685,1.0001806362908525,0.00016618530098329182
206.13775585122494,0.999995874475321,0.00016617963426067032
206.15818920640595,0.9999897054664552,0.00016616065732910062
206.1786226611148,0.9999232343959258,0.00016617895651311425
206.19905601583014,0.9998254556054025,0.00016615169600030382
206.21948957008135,1.0002195781593182,0.00016618082031889342
206.23992302409897,0.9999651836562135,0.00016620143514039026
206.2603563776429,0.9996839539645425,0.00016615378572193502
206.2807899311956,0.9999647980931594,0.0001661548211695901
206.30122338427464,0.9999644125301053,0.00016618191224551153
206.3216568371281,0.9997956901376248,0.00016613392395327823
206.34209018974798,1.0003074865356563,0.00016617249908501067
206.36252374213655,0.9999866209620222,0.00016617206607962763
206.38295719405141,1.000463022671686,0.00016617089884772554
206.4033905459728,1.000280188671425,0.00016616084559231063
206.42382409742277,1.0003758083088452,0.00016619687917070785
206.44425754864642,1.000297616121471,0.00016617532303316092
206.46469089963648,1.0000420649292039,0.00016617449467503685
206.48512435016164,1.0004644106986806,0.00016621724925003166
206.5055579006803,1.0001104638150038,0.00016618897211588714
206.52599125073903,1.0000957353063367,0.00016617571838590197
206.5464247005657,1.0001149363464314,0.00016615188426351383
206.56685825015302,1.0014561559864736,0.00016628982471749313
206.58729159928043,1.0001763950972573,0.00016617553012269196
206.60772504817578,1.000170457426224,0.00016616308592450985
206.62815849706385,0.9997353109633504,0.00016615905709181547
206.6485920454943,0.9997191944276885,0.00016615342802183598
206.66902539345756,1.0000227096638874,0.00016615990427626057
206.6894588414143,1.000090800099244,0.0001661727061745417
206.70989238891343,1.0002909073243293,0.00016618780488398505
206.73032573641103,1.0003121904049164,0.00016618437849356274
206.75075918343646,1.000199605993115,0.00016617436289078984
206.77119253023557,1.0001153990220963,0.0001661897439950482
206.79162607657054,1.0005693609620108,0.0001661907041374193
206.81205952289747,1.0002705495950721,0.0001661839078355377
206.83249296876602,1.0004772113920772,0.00016620900332143293
206.85292641440174,1.0000069015786686,0.0001661772056652611
206.87335985979735,1.000327612927081,0.00016619900654498104
206.89379330473457,1.0005868655246675,0.00016620964341634698
206.91422664967104,1.000661973207609,0.00016619693564967085
206.9346601941361,1.000292372463935,0.0001662042402622195
206.95509363837482,1.0003804350654946,0.00016619121244808635
206.97552698237996,1.000333627710725,0.000166176132564964
206.99596052614652,1.0005747588447682,0.00016620953045842098
207.01639396945393,1.0004071160288392,0.00016619710508655988
207.03682731276058,1.0005002680627133,0.00016617660322298903
207.05726075559505,1.0003882234391877,0.0001662007009138712
207.07769419820397,1.0004419709289314,0.00016620314833560142
207.09812764034723,1.0005137627696075,0.00016619991020838911
207.1185610824832,1.0004347994561247,0.00016622252061991214
207.13899462416157,1.0004370357218386,0.00016618230759825255
207.15942796560557,1.0006285063345117,0.0001662020375826623
207.17986140681023,1.0005473838679262,0.00016621839765561277
207.20029484778934,1.0007127904181412,0.00016621032116390306
207.2207282885356,1.000525715224285,0.00016621146956948414
207.24116172880895,1.0003077178734887,0.00016623372228090813
207.26159516885673,1.000461634644691,0.00016619913832922805
207.28202860867168,1.0001979866282877,0.00016619772635515293
207.30246204824653,1.0006952858554845,0.0001662131639383743
207.32289548759582,1.0004064991279527,0.0001661927750327295
207.34332882647868,1.0006967509950901,0.000166209906984841
207.36376236512297,1.0007050791570589,0.0001662423070832849
207.38419580354093,1.0002235109024702,0.000166198498234314
207.4046291417253,1.0001287395037688,0.00016620034321377216
207.4250626796711,1.0004071931414502,0.00016621785169230373
207.44549611715775,1.0004430505054829,0.00016619495888596568
207.4659294544108,1.000565736669302,0.00016624588408427522
207.4863628914245,1.0004700399192707,0.00016622728367912557
207.50679642821342,1.000344115025797,0.00016620226349851433
207.52722976476798,1.000549157457975,0.00016624255182545793
207.54766320085037,1.0008123427987135,0.00016621126247995312
207.58853007256403,1.0005203173415274,0.0001662368474501944
207.6089635077151,1.0003415703096399,0.00016620390138844148
207.62939694287343,1.0005005765131567,0.0001662153477916105
207.6498304777997,1.0000972004459423,0.0001662342494178962
207.6702638122515,1.0006199468347106,0.00016621723042371065
207.69069724647852,1.000583164119348,0.00016623419293893316
207.71113078047347,1.000358920647075,0.00016625219090181078
207.73156411422679,1.000614934515007,0.00016623300688071006
207.75199754752248,1.0009184497512058,0.0001662456205157812
207.7724308808174,1.0004670325274487,0.00016625104249622967
207.79286441364093,1.0002173418936042,0.00016621401112281939
207.81329784623813,1.0002554355233508,0.00016623850416644257
207.83373117860174,1.0009225367195793,0.0001662962068403127
207.85416471049393,1.000304479143834,0.00016622833795310166
207.87459814239264,1.0003290009540757,0.00016624808676383242
207.8950315738257,1.0003172027246199,0.0001662556737711961
207.91546490501787,1.0001608954624819,0.0001662356049130083
207.93589843598602,1.0002180359071016,0.00016624083863024677
207.95633186648774,1.0005022729905948,0.00016625881776680338
207.9767651969887,1.000177860236863,0.00016623816529266454
207.99719872701826,1.000014150164086,0.0001662254763523094
208.0176321568215,1.0002982330223575,0.00016624142224619783
208.03806548638386,1.0001356796387428,0.00016622148517225703
208.0584989154886,1.0003879149887445,0.00016626616003199401
208.0789324445941,1.000095581081115,0.00016623901247710962
208.09936577323242,1.0002638407979305,0.00016622766020554558
208.1197992016314,0.9999221548193743,0.00016623841003483755
208.14023272980558,1.0002443313073923,0.000166254487712973
208.1606661577389,0.9999632558409429,0.0001662266624105325
208.18109948521305,1.000330620318903,0.00016626966172770033
208.20153291268798,1.0003710273269741,0.00016625269921247783
208.22196643969073,0.999814351389444,0.0001662277355108296
208.2423997664664,1.000070673707819,0.00016623714867133044
208.26283319301,1.0002383936363588,0.0001662443403259531
208.28326671908144,1.0002134091504522,0.0001662401608826907
208.30370004515862,1.000267927766304,0.00016625076010141465
208.3241334707709,1.0000458434471342,0.00016622073211941697
208.34456689615035,0.999961482250894,0.00016623473890224223
208.3650003212897,1.0001689151740074,0.00016623319514392007
208.38543374597066,1.0004166008799706,0.00016623398584940215
208.40586717064434,1.0002454879965545,0.00016624727723202933
208.42630059485964,1.000587945101219,0.00016627962085151023
208.4467340188421,0.9996209529615002,0.00016621604436548756
208.46716744259174,0.9999604026743425,0.0001662412904619508
208.48760076586768,0.999939736494642,0.0001662356049130083
208.50803428915242,0.9997891355657048,0.00016624183642525986
208.52846771196346,0.9997230500582297,0.00016624603469484324
208.54890103454818,1.000070288144765,0.00016623961491938165
208.5693345569016,1.000275330576943,0.00016625446888665198
208.58976797901414,0.999920998130212,0.00016624481098397812
208.6102014006683,1.000084245527324,0.00016624752197420237
208.6306347223217,0.9999439776882372,0.0001662244032520123
208.6510682435037,0.9999678054849814,0.00016625595616601111
208.67150166445936,0.9998399527762372,0.00016624435915227407
208.69193498518143,0.9999510720484329,0.00016624215647271688
208.7123685054321,1.0005402895077304,0.0001662815787888944
208.73280192568927,1.000052475131665,0.00016623744989246648
208.75323524548003,1.0002072401415865,0.00016625998499870547
208.77366866503144,1.0001767035477007,0.00016627414239209874
208.79410218435805,1.00024880383882,0.0001662488774693145
208.81453550321748,1.0000990511486019,0.00016623607557103334
208.83496892207768,1.0002046183128186,0.00016626305368902874
208.8554024404657,0.9997809616289577,0.00016623929487192464
208.87583575862664,1.0000275677583692,0.00016625411118655295
208.89626917654823,0.9999548505663632,0.0001662616040623116
208.91670259424427,0.9999097396890319,0.00016625992851974247
208.9575694284722,0.999725980337441,0.00016625155080689672
208.97800284546247,1.0001035236800297,0.00016625514663420803
208.9984363617623,1.0002181130197125,0.00016628528757413173
209.0188696780533,1.0002667710771418,0.000166277305214027
209.03930309411953,1.0001319782334233,0.0001662679673588102
209.05973640971933,1.0000253314926553,0.00016626719547964912
209.08016992508783,0.9996285871099716,0.00016623536017083528
209.10060334021546,0.9999139037700162,0.00016625042122763662
209.12103675511753,0.9974165347559067,0.0001661323613686351
209.1414701697795,0.9921702553911836,0.00016590972129646928
209.16190358398308,0.9914834904791952,0.00016585572740783646
209.18233699795383,0.9911854502383647,0.00016588014514617563
209.20277031169098,0.9913322726493715,0.00016582780797379096
209.22320382518956,0.9926700222219266,0.00016591373130284262
209.24363723846182,0.9977409475096386,0.00016615738154924633
209.26407055150048,0.9998827502752439,0.00016623688510283643
209.28450406406773,0.9999304058687324,0.0001662458087789912
209.30493747640867,0.9999469850800593,0.0001662592695985074
209.325370788516,1.0000301124745263,0.00016624746549523937
209.345804200384,1.000047617037183,0.00016625424297079996
209.36623771179438,0.999881824923914,0.00016624176111997585
209.38667102320323,1.0000405226769875,0.0001662424012148899
209.4071044341399,1.0001362194270187,0.00016625271803879884
209.4275379448518,0.9995981276286966,0.00016623639561849036
209.44797135509725,1.0000413709157066,0.00016624716427410334
209.46840466533467,1.0004093522945532,0.00016629487017152158
209.4888380753473,1.000113394094215,0.000166254487712973
209.50927158488776,0.9999152146844003,0.00016623272448589504
209.52970489420113,1.0001449331520416,0.00016626681895322908
209.55013830328244,1.000034585005954,0.00016624283422027295
209.57057181189884,0.9999260104499155,0.00016623509660234126
209.59100512050645,1.0004276279833182,0.0001662858147111198
209.61143852865644,1.0005571000568898,0.0001662680803167362
209.6318719365736,1.0003226777199883,0.0001662623759414727
209.65230534425064,0.9998488978390926,0.00016624823737440043
209.67273875170213,1.00036501254333,0.00016625490189203502
209.6931721589208,1.0002733256490617,0.00016624080097760475
209.71360566566727,1.0000776138427931,0.00016626685660587107
209.73403897218668,1.000627966546236,0.0001662602862198415
209.75447237847402,1.0000907229866332,0.00016625791410339528
209.7749056845205,1.0003434210122997,0.00016626199941505265
209.79533919034293,0.9999789868135508,0.00016623737458718247
209.81577259569895,1.0002099390829653,0.00016624840681128943
209.8362059008141,1.0003242970848156,0.00016626655538473507
209.8566394057052,1.0000955039685042,0.0001662535652232439
209.87707281036273,0.9999752854082312,0.0001662412339829878
209.89750621478015,1.0002491894018741,0.00016627879249338614
209.91793951897125,1.0000052051012305,0.00016624498042086715
209.93837302269822,1.0000556367487088,0.00016628005385689327
209.9588064261843,1.000069439906046,0.00016626145345174361
209.9792397294441,1.0001400750575598,0.00016624829385336343
209.99967323247256,1.0001794024890793,0.00016627340816557966
210.02010663502733,1.0001170183869237,0.00016624631708965826
210.04053993758862,1.000594885236193,0.00016625503367628203
210.06097343968577,1.0014706531573083,0.0001664073574395066
210.08140684154205,1.0000609575188555,0.0001662623759414727
210.101840143172,1.0001784000251388,0.00016627423652370375
210.1222735445699,0.9999999614436946,0.00016627514018711183
210.14270704549563,1.0003179738507282,0.00016625878011416136
210.16314034619427,1.0003290780666867,0.00016625970260389044
210.18357374666084,1.00009511840545,0.00016627658981382894
210.20400724688807,1.0000552511856546,0.00016623814646634353
210.22444064688898,1.0003343988368334,0.00016626570820029
210.2448739466563,1.000122493382292,0.0001662671578270071
210.26530734595144,1.0001872679753834,0.00016626561406868497
210.2857408450218,1.0002178045692691,0.00016626725195861212
210.3061741438578,1.000283196063247,0.00016627626976637193
210.32660754245444,0.9999701188633061,0.0001662526050808728
210.3470410408263,1.0001371447783485,0.0001662726362864186
210.36747433873097,1.0001774746738088,0.00016626789205352618
210.3879077363963,1.0001445475889874,0.00016626738374285913
210.4083411340689,1.0004592441537556,0.00016628080690973333
210.42877453104302,1.0001787855881927,0.0001662557679028011
210.44920792800986,1.0003626220523945,0.00016627254215481358
210.46964132475114,1.000333704823336,0.00016628997532806115
210.49007472102676,1.000088949396584,0.00016627621328740893
210.51050811706227,1.0002927580269891,0.00016626766613767415
210.53094151287223,0.9999651065436026,0.00016626171702023763
210.5513748084486,1.0001840292457287,0.0001662603426988045
210.57180830378638,1.000203153173213,0.0001662683062325882
210.59224169866502,1.0003717213404717,0.00016627129961762748
210.61267499331007,0.9999524600754277,0.0001662558055554431
210.63310848771653,1.0000940388288986,0.0001662591566405814
210.6535417818959,0.999890538648937,0.00016626764731135315
210.67397517584322,1.0001292021794337,0.00016624631708965826
210.69440856955043,1.0004244663662745,0.00016625857302463034
210.71484206280002,1.0000449180958044,0.0001662591378142604
210.73527535581525,1.0002492665144849,0.00016626519988962294
210.75570874859113,0.9998603105054944,0.00016624882099035147
210.77614224114222,0.9996099258581526,0.00016624985643800657
210.7965756332269,1.0003279213775242,0.00016627414239209874
210.81700892530353,1.0002167249927176,0.000166254864239393
210.83744231692253,0.9999030308918903,0.0001662557679028011
210.8578757083087,1.0002476471496577,0.00016625428062344198
210.87830909945478,1.000170380313613,0.00016626719547964912
210.8987424903753,1.0002808826849223,0.0001662637690892268
210.91917588083015,1.0003370977782122,0.00016626410796300483
210.93960927127773,1.0002595224917243,0.00016628007268321425
210.96004266126693,1.0004132850377052,0.00016629460660302756
210.9804760510233,1.0001507937104641,0.0001662672331322911
211.00090944053954,1.000145164489874,0.00016626649890577207
211.02134282959742,1.000084708202989,0.00016627327638133265
211.04177611865452,1.0002622214331032,0.0001662850804846007
211.06220960724022,1.0000745293383604,0.0001662635619996958
211.0826429955996,1.0001968299391253,0.00016627231623896158
211.1030762837254,1.0001476320934204,0.0001662615475833486
211.12350967161183,0.9999934839843855,0.00016627587441363087
211.14394315904065,0.9997562084808835,0.00016623970905098667
211.1643764462351,0.9998206746235314,0.00016626292190478174
211.1848098331975,0.9997829665568391,0.0001662638820471528
211.20524331992056,0.9997455669405899,0.0001662593449037914
211.2256767064173,0.9997208909051266,0.000166254600670899
211.24610999267315,0.9997157243602015,0.00016626391969979483
211.26654347847216,0.9998157394164388,0.00016626465392631387
211.2869768642704,0.9996108512094823,0.0001662478796743014
211.30741014960222,0.9998666337395818,0.00016626883336957627
211.3278435346947,0.9998440397446108,0.00016627192088622053
211.34827701932954,1.000080389896783,0.0001662929310604584
211.3687103039556,0.9997741757192052,0.0001662748389659758
211.38914368812402,1.0001669873587369,0.0001662578952770743
211.40957717206038,0.9995406016210228,0.00016627807709318807
211.43001045576239,1.00002857022231,0.0001662948325188796
211.45044383922504,0.9998911555498236,0.0001662680991430572
211.47087722246215,0.9994779090684237,0.00016627321990236965
211.49131060522632,0.9997289106166521,0.00016626446566310387
211.51174398776493,0.9997574422826566,0.0001662499505696116
211.5321773700707,0.9998489749517034,0.00016629025772287617
211.55261085213715,0.9996073040293846,0.00016627288102859163
211.5730441339765,0.9993385665806668,0.0001662133898542263
211.5934775155838,0.9995187787521599,0.00016626215002562067
211.61391079672467,0.9996383804115462,0.00016621395464385636
211.63434427762695,0.999779496489352,0.000166243267225656
211.65477765830292,0.9998669421900251,0.00016629150026006227
211.6752109387453,0.9996971402209932,0.00016622397024662925
211.6956444189491,0.9998286943350569,0.00016625051535924164
211.71607779869373,0.9998046352004802,0.0001662490469062035
211.7365111784311,0.9999820713179837,0.00016623869242965257
211.75694445770932,0.9997518901746774,0.00016623502129705725
211.77737793675624,0.9998624696585974,0.00016624513103143514
211.79781131532945,0.9995702128635787,0.00016623379758619214
211.81824459390918,1.0000826261624967,0.0001662297122745348
211.83867807202478,0.9998686386674632,0.00016625648330299917
211.85911145013233,0.9993468947426357,0.00016621564901274653
211.87954472778074,0.999673697987303,0.00016624061271439475
211.89997810519708,0.9999809146288213,0.00016626497397377092
211.94084485909116,0.9997336144859124,0.00016625898720369238
211.96127823557617,1.000079850108507,0.0001662803927306713
211.98171171182184,0.9996247314794305,0.00016624202468846987
212.00214458784467,0.9995942719981554,0.00016625081658037765
212.02257786362316,1.0001345229495806,0.00016625953316700144
212.0430111391761,0.9999722780164092,0.00016625608795025812
212.06344461426488,0.9997230500582297,0.00016625085423301966
212.08387798934564,0.9999232343959258,0.00016623852299276355
212.10431126396725,0.9998384876366315,0.00016623844768747957
212.12474473835755,0.9999250850985856,0.00016624368140471802
212.14517811227415,0.9998531390326878,0.00016622250179359113
212.16561138619727,0.9998068714661941,0.00016622253944623315
212.1860447596555,0.9997745612822594,0.00016625883659312436
212.20647823287436,0.9998947027299214,0.00016622235118302311
212.226911506099,0.999813888713779,0.00016622186169867707
212.24734487862588,0.9999341843866627,0.00016626081335682956
212.26777835114626,0.9999516118367087,0.00016624262713074193
212.28821172344033,0.9996295124613015,0.00016621726807635267
212.30864499526797,1.0000422191544256,0.00016628671837452786
212.32907836686354,1.0001918947320327,0.0001662457146473862
212.34951183821977,0.9997715538904373,0.0001662422506043219
212.36994510934892,1.0000982029098828,0.0001662512872384027
212.3903784800059,1.000006747353447,0.00016626567054764797
212.4108119506709,0.9997815785298442,0.00016623189612777098
212.43124522086873,0.9996191793714513,0.0001662187365293908
212.4516785908345,1.0000243290287145,0.0001662344188547852
212.4721120605609,0.9999060382837124,0.00016624153520412383
212.49254533006024,0.9999285551660726,0.00016624627943701624
212.5129786990874,0.9999082745494262,0.00016621566783906752
212.53341206812183,0.9997648450932957,0.0001662445662418051
212.5538454366906,1.0000951955180608,0.00016623185847512896
212.57427880502655,0.9996766282665143,0.00016621826587136576
212.59471207312163,1.0000183142450705,0.00016625612560290014
212.61514554099267,1.0000582585774767,0.00016624166698837083
212.63557890839002,0.999728987729263,0.00016621719277106866
212.65601217579388,0.9936586830052867,0.00016595686240425747
212.67644554273284,0.9918956573840434,0.00016586005746166684
212.69687900943973,0.9911592319506849,0.00016581478015965782
212.717312275905,0.9910980816503024,0.0001658415888407642
212.73774564191262,0.991657225191379,0.00016585109613287004
212.75817910791375,0.9950640603375335,0.0001660267833604577
212.77861237345496,0.999581856867813,0.00016625644565035715
212.7990457387641,0.9997340000489665,0.0001662377699399235
212.81947910384042,1.0000177744567946,0.0001662581211929263
212.8399125686774,0.9999158315852869,0.0001662570104399872
212.86034583305445,0.9999202270041038,0.0001662366591869844
212.880779197425,0.9997728648048212,0.00016623584965518132
212.90121266133792,0.9998518281183039,0.00016625156963321773
212.9216459250165,0.999860927406381,0.00016624204351479088
212.942079288463,0.9999610195752291,0.00016624481098397812
212.96251255166862,0.9997080130991192,0.00016625275569144083
212.9829460144174,1.0000899518605249,0.0001662468065740043
213.00337937715813,1.0000249459296011,0.00016625945786171743
213.02381273944047,0.9996274304208093,0.0001662332892755251
213.04424610149,0.9997924514079702,0.00016624189290422286
213.06467946330667,0.9997421739857137,0.0001662626959889297
213.08511282488325,0.999747726093693,0.00016624091393553078
213.1055460860007,0.9997346169498531,0.00016624403910481706
213.12597954687953,0.9998161249794929,0.00016626423974725184
213.1464129077649,0.9998335524295389,0.00016625525959213406
213.166846167951,1.0001079962114574,0.00016625205911756377
213.18727962813864,0.9999415871973016,0.0001662501953117846
213.2077129880854,0.9998546812849043,0.00016626094514107657
213.22814624757302,0.9996242688037655,0.00016623263035429002
213.2485796070614,1.000116093035594,0.00016627764408780506
213.2690130660776,0.9998872228066715,0.00016626062509361952
213.2894464248675,0.9997420968731029,0.0001662701888646884
213.3098796834238,1.000149097233026,0.00016627856657753414
213.33031314150867,0.9999413558594692,0.00016625652095564116
213.35074649960006,0.9995756878589471,0.00016623970905098667
213.37117975722504,1.0001609725750928,0.00016629022007023415
213.39161311461066,0.9997892126783157,0.00016623185847512896
213.4120465717715,0.9999895512412335,0.0001662747260080498
213.43247982869798,1.000010294533545,0.00016627175144933153
213.45291318515228,0.999863549235149,0.00016626570820029
213.47334664161463,0.9997236669591163,0.00016627562967145787
213.49377989760978,0.9997582905213757,0.00016628532522677372
213.5142132533656,0.9999985734166997,0.0001662780582668671
213.53464670889662,0.999755977143051,0.00016628402621062462
213.55507996419328,0.9998075654796915,0.0001662759685452359
213.57551331901777,1.000005050876009,0.00016626887102221826
213.59594667384954,0.9999338759362194,0.00016627312577076464
213.61638002821564,1.0000662011763914,0.0001662791878461272
213.63681338234164,0.9998444253076648,0.00016625879894048237
213.6572467362421,0.9998862974553416,0.00016626794853248918
213.67768018967763,1.0001489430078043,0.00016626092631475556
213.69811344310438,0.9997574422826566,0.000166265877637179
213.7185467960735,0.9998580742397805,0.00016626646125313005
213.73898004880903,1.000116941274313,0.00016627355877614768
213.75941350130597,1.0002093221820787,0.0001662725233284926
213.7798468535766,0.9997297588553713,0.00016625834710877832
213.8002802056144,0.9998810537978057,0.00016627325755501165
213.8207135574121,1.0003936213219453,0.0001662872266851949
213.8411469087514,1.0001067624096842,0.00016628912814361607
213.86158025985787,0.9997548975664995,0.00016624388849424904
213.88201351072348,0.9998114982228435,0.00016626422092093086
213.90244696136506,1.0002412468029593,0.00016627760643516304
213.92288031177304,1.0003137326571327,0.00016630273957370028
213.94331356170733,0.9996916652256248,0.0001662525486019098
213.96374701141758,1.00015133349874,0.0001662817858784254
213.98418036089424,0.9999325650218354,0.00016627532845032183
214.00461361013004,1.0001510250482966,0.00016629232861818636
214.02504695914104,0.9998360200330851,0.00016627681572968097
214.0454803079192,1.000025023042212,0.00016628590884272478
214.06591365622444,0.9999132868691297,0.00016628782912746695
214.08634700453695,0.9999445945891238,0.00016630940409133487
214.1067803523838,1.0007929104207862,0.0001664028014698242
214.12721369999053,1.0002188841458206,0.0001663230155214191
214.14764704737172,0.9999711984398577,0.00016629639510352273
214.16808029428648,0.9998293112359435,0.00016628636067442883
214.1885137411955,0.9999869294124655,0.000166333482955896
214.20894708764536,1.0000462290101884,0.0001663254441168283
214.22938033386163,1.0002134091504522,0.00016632796684384253
214.24981377983931,1.0005515479489107,0.00016636183539532455
214.27024712559069,1.0001379159044568,0.000166322318947542
214.29068037087563,1.0001156303599288,0.00016631027010210095
214.31111371616134,0.9997219704816781,0.000166299670883377
214.33154716097488,0.9998057147770317,0.00016630874517009983
214.3519805055621,0.9999132097565189,0.00016629874839364792
214.37241374990845,0.9997326891345825,0.0001663176311936126
214.39284719403076,1.0004461350099156,0.00016632960473376968
214.4132805379195,1.000116401486037,0.00016631008183889094
214.43371378133452,1.0001881162141024,0.00016635362711936783
214.4541472245255,1.0004008699073628,0.0001663177818041806
214.47458056748292,1.000108150436679,0.00016633143088690683
214.49501381019945,1.0000043568625114,0.0001663177818041806
214.5154471526912,1.000237930960694,0.00016631915612561374
214.53588059495087,1.0002769499417703,0.00016632864459139858
214.55631383673608,0.9999173738375033,0.00016631019479681694
214.57674717852933,1.0006044471999351,0.00016632555707475432
214.59718061985768,1.0002808826849223,0.0001663390931995545
214.6176138609444,1.0001946707860223,0.00016632791036487953
214.6380472015735,1.000142157098052,0.00016630149703651418
214.6584805422026,1.0002933749278755,0.00016631262339222616
214.67891398259235,0.9999052671576041,0.0001663016852997242
214.6993472225222,0.9999486815574974,0.00016629010711230815
214.71978056221997,1.0002690844554665,0.00016632913407574462
214.7402140016784,1.0001098469141172,0.00016632858811243558
214.76064724090975,1.0001923574076976,0.00016630560117449254
214.7810805796762,1.000369870637812,0.00016634233132676682
214.80151391843538,0.9999480646566108,0.0001663016852997242
214.82194725673617,1.0001703032010023,0.00016631704757766156
214.84238059480413,1.0001699947505591,0.00016632979299697969
214.86281393263198,1.0001123916302743,0.00016630812390150675
214.88324727023428,1.000164288417358,0.00016632265782132006
214.92411394450028,0.9998960136443054,0.00016631117376550902
214.9445471811705,1.0001342144991372,0.00016632683726458243
214.9649806176094,1.0001689151740074,0.0001663479792230673
214.98541395380744,0.9999686537237005,0.00016630765324348172
215.00584718977916,1.0001841834709504,0.00016630671192743163
215.02628062551958,1.0000079040426093,0.00016632060575233088
215.0467139607863,1.000129510629877,0.00016630706962753066
215.06714719605952,1.0004779054055748,0.00016633361474014302
215.08758053086785,1.0000783849689014,0.00016631691579341456
215.10801396543684,0.9999998072184729,0.00016632124584724494
215.1284472997795,1.0000758402527443,0.00016633689051999732
215.14888053365576,1.000362390714562,0.0001663377753570844
215.16931396752625,1.0000336596546242,0.0001663052058217515
215.1897473009376,0.9997930683088568,0.00016633743648330638
215.21018053411535,1.0003273815892484,0.00016632600890645837
215.23061386705376,0.9997815785298442,0.00016629927553063597
215.25104729976738,1.0000743751131387,0.00016631267987118916
215.27148053224664,1.0000714448339274,0.00016630582709034456
215.291913864261,1.0001135483194368,0.00016631030775474297
215.31234729626885,1.0000660469511697,0.0001663152025982034
215.3327805278168,1.0000734497618087,0.0001663187984255147
215.3532138591254,0.9999206125671578,0.00016630010388876004
215.37364719020843,1.0002365429336992,0.00016633510201950215
215.3940805208258,0.9999159858105084,0.00016629884252525293
215.4145138514432,0.9999106650403617,0.00016629419242396553
215.43494718158763,0.9998470471364328,0.00016630996888096492
215.45538051173935,1.0000052051012305,0.0001663150708139564
215.47581384141813,0.9999469850800593,0.0001663174805830446
215.49624717087136,1.0000259483935419,0.0001663164263090685
215.51668049985892,0.9998431143932809,0.0001662783783143241
215.5371138288465,0.9999459826161186,0.00016628263306287048
215.5575471573611,0.999918376301444,0.00016626872041165024
215.57798038564943,1.0001837207952855,0.00016630369971607138
215.59841381393198,0.9999991132049756,0.00016630236304728023
215.61884704175463,0.9997664644581229,0.00016630179825765019
215.63928036911238,1.0000971233333313,0.0001662948889978426
215.6597137964709,0.9998057147770317,0.00016629323228159443
215.6801471233557,1.0002504232036473,0.0001663164639617105
215.70058035024704,0.9999800663901023,0.00016629953909913
215.72101367667346,1.000106453959241,0.00016631742410408158
215.74144710286055,0.9999484502196649,0.000166299633230735
215.76188032858772,0.9998559921992883,0.00016627120548602247
215.80274707980425,0.9997939165475759,0.00016629025772287617
215.82318030483293,0.9998852178787901,0.00016630319140540433
215.84361362962954,0.9998550668479584,0.00016631943852042877
215.86404695418605,0.9999270129138561,0.0001662861347585768
215.884480278517,0.9995198583287114,0.00016626431505253585
215.90491360261512,0.9998750390141615,0.00016631806419899564
215.9253469262403,1.000147400755588,0.00016629677162994274
215.94578024963994,1.0003015488646227,0.00016629776942495583
215.96621357303957,0.9999362664271549,0.00016632011626798482
215.98664689596626,0.9997828123316174,0.00016629976501498201
216.00708011866664,0.9996220325380517,0.00016631040188634796
216.02751354090287,0.9997026152163616,0.00016632679961194042
216.04794686313107,0.9996822574871044,0.00016629765646702984
216.06838008490013,0.9998842154148495,0.00016633229689767292
216.0888135064306,0.9997395521569458,0.00016630690019064166
216.10924682796758,1.000222277100697,0.00016634688729644923
216.1296800488053,1.0000037399616248,0.00016631682166180954
216.1501133696438,0.9992439494071872,0.00016633276755569795
216.17054679024295,0.9960514873191203,0.00016610858372520998
216.19098011038295,0.9917253927393465,0.0001659416319105671
216.2114133305222,0.9905510447891249,0.00016588784511146533
216.23184675019002,0.9908806240877819,0.00016590380983167474
216.25228006963152,0.9915987738323753,0.00016594790107546067
216.2727132886066,0.9928337322947036,0.0001660133037146205
216.29314670757594,0.9985463887296835,0.00016625953316700144
216.31358002631896,1.0002195010467072,0.00016636526178574686
216.33401324459555,0.9996962919822742,0.00016632442749549422
216.3544465626328,0.9995924212954957,0.0001663197397415648
216.37487998044526,0.9999314854452839,0.00016635404129842986
216.39531319802336,1.000128585278547,0.00016634741443343726
216.41574651536212,0.9994669590776869,0.00016632495463248225
216.43617993224325,0.9995794663768774,0.0001663365516462193
216.45661314912286,0.9998367140465826,0.00016631006301256993
216.4770464655303,1.0000575645639793,0.00016633943207333254
216.49747978171217,0.99960969452032,0.00016634295259535987
216.51791319766198,0.9996879638203052,0.00016630392563192337
216.53834641337016,1.0001486345573611,0.00016634434574311398
216.55877972862072,0.9999673428093165,0.00016633178858700587
216.57921314386476,0.9998883023832231,0.0001663308849235978
216.5996463586489,0.9999203812293254,0.00016629901196214196
216.62007967320096,0.9998378707357449,0.0001663060530061966
216.6405129875202,1.0002959196440329,0.00016633619394612026
216.66094630159932,0.9998340151052038,0.00016631893020976172
216.6813796154529,1.000223048226805,0.00016634073108948166
216.7018129288408,0.999823065114467,0.00016631049601795297
216.72224624222144,0.9997929140836351,0.00016634206775827278
216.7426795551437,0.9998910784372127,0.00016631008183889094
216.76311286783312,0.9998139658263898,0.0001663388108047395
216.78354608028167,1.0001581194084923,0.00016638020988462218
216.8039794925062,1.0000728328609223,0.00016635070903961256
216.82441280426428,0.9998781235185945,0.00016634042986834563
216.84484601601434,1.0000422962670363,0.00016635703468346913
216.86527942730754,0.9999016428648955,0.0001663276844490275
216.88571273836715,0.9998903073111045,0.0001663409005263707
216.90614594918588,0.9997219704816781,0.00016633128027633882
216.92657925977983,0.9998294654611652,0.0001663712862084674
216.9470125699081,0.999648019487899,0.00016632053044704688
216.96744598002988,0.999785125709942,0.00016638286439588342
216.98787918969174,1.0000754546896902,0.0001663490334970434
217.0083125991223,0.9997189630898561,0.0001663578818679142
217.0287458083112,1.00020569788937,0.00016635637576223406
217.04917911727534,1.0000457663345235,0.00016637124855582537
217.06961242600664,1.0000316547267427,0.0001663487887548704
217.09004573449783,1.0002528136945827,0.00016634180418977876
217.11047904253064,0.9996547282850407,0.00016635942562623633
217.13091225032986,0.9999869294124655,0.00016636040459492842
217.15134565812332,1.0001305902064286,0.0001663813206375613
217.17177896545763,1.0001490201204153,0.0001663725663982955
217.19221217232553,1.000032425852851,0.00016638984896097506
217.21264557918767,1.0000364357086138,0.00016638647904951574
217.2330788858235,0.9996008265700754,0.00016633144971322784
217.25351219199365,0.9997238982969487,0.0001663735077143456
217.27394539793022,0.9996459374474068,0.0001663368152147133
217.2943788036282,0.9999769047730586,0.00016636836812871213
217.31481210909988,1.0000799272211178,0.00016641680825264945
217.33524531433068,0.9998852178787901,0.00016634410100094097
217.35567871910462,0.9997862823991044,0.0001663725099193325
217.3761120238778,0.9997720165661022,0.0001663681986918231
217.39654522818455,0.9998540643840177,0.00016636548770159888
217.41697853225196,1.0000100631957123,0.00016637599278871782
217.43741193609458,0.9999396593820311,0.00016637503264634672
217.45784513969556,0.9996618226452363,0.00016635432369324488
217.47827844307176,0.9998123464615626,0.00016638348566447647
217.49871184598305,0.9995937322098797,0.00016634460931160802
217.5191451488863,0.9996516437806077,0.00016634995598677248
217.53957835133042,0.9995366688778707,0.0001663341607034521
217.56001165354246,0.9997862052864936,0.00016636625958075995
217.58044505551516,0.9992941497168328,0.0001663432914691379
217.60087825726077,0.9998884566084447,0.00016636752094426705
217.6213115585415,0.9995200896665438,0.0001663432349901749
217.6417449598157,0.999992789970888,0.0001663478097861783
217.66217816063,0.9997970781646196,0.00016635163152934165
217.68261146121222,0.9997252092113327,0.00016636631605972295
217.70304476155434,0.9995886427775654,0.00016633367121910605
217.7234780616709,0.9997593700979273,0.00016637505147266773
217.74391136155464,0.9996809465727203,0.0001663377000518004
217.76434466119827,0.9995283407159019,0.00016630580826402356
217.80521125933592,0.9997250549861111,0.0001663423125004458
217.82564455804823,0.9999031851171118,0.00016636262610080662
217.8460777565342,0.9994156020788789,0.00016634692494909122
217.8665111547889,0.9997053912703512,0.00016633677756207132
217.90737765035738,0.9993186715270745,0.00016636298380090565
217.92781104791356,0.9990204770610225,0.00016634059930523465
217.94824434499606,0.9995470019677211,0.0001663759363097548
217.968677641853,0.999304945482348,0.00016634406334829896
217.98911083847634,0.9993356363014556,0.00016633700347792334
218.0095442348611,0.9993984059666654,0.00016637416663558064
218.0299775307867,0.9991251959865199,0.00016632979299697969
218.05041072671156,0.9991991469802991,0.00016634086287372867
218.070844122165,0.9992024628225644,0.00016634989950780948
218.09127741762495,0.99929669443299,0.00016638192307983333
218.11171061261848,0.9993706454267691,0.0001663164074827475
218.1321440071406,0.9994409721278396,0.0001663535141614418
218.15257730166923,0.9997548975664995,0.00016637064611355333
218.19344378978712,0.9996543427219865,0.00016636978010278725
218.21387718361802,0.9992572127762487,0.00016634058047891364
218.23431037698174,0.9992665434021583,0.0001663543989985289
218.25474367011338,0.9994496087402518,0.00016636876348145315
218.27517706300569,0.9992141068267987,0.0001663588796629273
218.29561025543808,0.99954222098585,0.00016636170361107754
218.31604354786396,0.9989994253182678,0.00016632832454394156
218.33647683983145,0.9992478050377283,0.0001663231284793451
218.35691013179894,0.999226599069752,0.00016631478841914137
218.37734342330077,0.9990736847624903,0.00016632109523667692
218.3977767145625,0.9995042044687144,0.0001663499936394145
218.41821000559867,0.9993805158409544,0.0001663356291564902
218.4386432961619,0.9994095872952347,0.00016635650754648107
218.45907648673165,0.9992825828252094,0.00016633229689767292
218.47950987683726,0.9992917592258973,0.00016633128027633882
218.4999431669421,0.9991722346791219,0.00016634976772356247
218.52037635657325,0.9993074130858944,0.00016635291171916976
218.5408096459796,0.9992938412663895,0.00016635053960272354
218.56124303514662,0.9992615310824547,0.0001663489770180804
218.58167632385448,0.9992979282347632,0.00016633361474014302
218.60210951256158,0.9995257188871339,0.00016635727942564214
218.62254280080379,0.9991991469802991,0.00016633357708750103
218.64297618880664,0.9992922990141732,0.00016633858488888746
218.66340937681525,0.9990316583895918,0.00016633694699896032
218.68384266412613,0.9991689959494673,0.00016634327264281688
218.7042760514305,0.9991562723686815,0.0001663388484573815
218.72470923850778,0.999188274102173,0.00016633598685658924
218.74514252512017,0.9995672054717566,0.0001663714744716774
218.76557581172528,0.9994267834074482,0.00016634628485417716
218.786009097872,0.9993990999801627,0.00016633478197204514
218.8064423837859,0.9993044828066832,0.0001663500501183775
218.8268756694597,0.9991177160632702,0.0001663153155561294
218.8473090549087,0.9993918513947454,0.00016633267342409296
218.86774224012333,0.999085560104557,0.00016633122379737582
218.8881755248658,0.999510913265856,0.0001663320145028579
218.9086089096163,0.9990106066468372,0.00016633141206058582
218.92904209389962,0.9993411884094348,0.00016632271430028306
218.9494753779436,0.9992566729879729,0.00016630834981735878
218.96990856176126,0.9995414498597418,0.0001663613082583365
218.9903419453476,0.9993521384001717,0.00016635406012475084
219.01077522846026,0.9991122410679018,0.00016633694699896032
219.0312085115802,0.9992451832089604,0.00016634310320592788
219.05164179423446,0.9996058388897789,0.00016635509557240595
219.07207507664862,0.9993956299126757,0.00016634250076365582
219.09250835907005,0.9993770457734674,0.0001663569970308271
219.11294154079224,0.9993906175929723,0.00016634383743244693
219.13337492250866,0.9993660957827306,0.00016633286168730297
219.15380820399878,0.9997117145044387,0.00016636482878036382
219.1742413852553,0.9993441958012569,0.0001663364386882933
219.1946747660404,0.9993114229416572,0.00016636317206411566
219.2151080465992,0.9992932243655029,0.00016635822074169223
219.2355412269244,0.9995124555180724,0.0001663659395333029
219.25597450701025,0.9993334771483525,0.00016633197685021587
219.2764078868713,0.9994096644078455,0.00016636985540807126
219.29684106649802,0.9994843865277329,0.00016637427959350666
219.31727434565255,0.9992346187812776,0.00016634370564819992
219.33770772481512,0.9996424673799198,0.00016636189187428755
219.35814100351126,0.9995167738242785,0.00016637320649320956
219.37857418196654,0.9993640137422384,0.00016635285524020673
219.39900746019703,0.9998261496188998,0.0001663767834941999
219.41944083818817,0.9993324746844118,0.00016635264815067572
219.43987401595223,0.9995559470305765,0.0001663758233518288
219.4603072932514,0.9997771831110274,0.00016636769038115608
219.4807406705513,0.9995703670888004,0.00016634705673333823
219.50117384737678,0.9994438252944401,0.00016634867579694437
219.52160712397745,0.9995272611393504,0.00016636230605334958
219.5420404003453,0.9996808694601096,0.00016636955418693523
219.56247367647302,0.9996396913259301,0.00016638333505390846
219.5829069523752,0.999665446937945,0.00016636311558515266
219.6033402278117,0.9997596014357597,0.00016637403485133363
219.62377350324095,0.9995753794085038,0.00016637416663558064
219.6442067782118,0.9996633648974528,0.00016638026636358518
219.66464005294984,0.9993650933187899,0.0001663354973722432
219.68507342744851,0.9981158690234594,0.00016631350822931325
219.70550660172012,0.9922234630926514,0.00016599703777327504
219.72593987575965,0.9908091406975491,0.00016590996603864228
219.74637304932548,0.9903509375640396,0.00016589949860416537
219.76680642290012,0.9907637984823853,0.000165940483504986
219.78723959600757,0.9913289568071061,0.00016597000317631664
219.80767296887643,0.9964120658873281,0.00016623741223982446
219.8281062417518,0.9995682850483082,0.00016636051755285444
219.84853951416153,0.9995544818909708,0.0001663603104633234
219.86897268609755,0.9997424053235462,0.00016638815459208488
219.8894059580416,0.9994906326492096,0.00016636609014387092
219.90983932952076,0.9994893988474364,0.00016636833047607014
219.93027250099112,0.9997006874010911,0.0001663792497422511
219.95070577200386,0.9994765210414289,0.00016636738916002005
219.97113914278452,0.9992976968969307,0.00016634524940652208
219.99157231332356,0.9998293112359435,0.00016640903298207574
220.0120055836378,0.9998111126597894,0.00016635168800830465
220.03243875371845,0.99964061667726,0.00016635607454109803
220.0528721233277,0.9994820731494082,0.00016638028518990619
220.07330539294344,0.9998570717758398,0.00016634816748627732
220.09373866209353,0.9996819490366611,0.00016632316613198711
220.1141719310035,0.9996744691134113,0.00016637744241543493
220.13460519968794,0.9995292660672318,0.0001663185348570207
220.15503846813954,0.9993666355710064,0.00016632698787515045
220.17547163635027,0.9995923441828849,0.00016635886083660628
220.19590500433696,0.9994687326677358,0.00016633312525579698
220.21633827185724,0.9997474176432497,0.00016634370564819992
220.23677143914392,0.9993270768016542,0.00016631149381296606
220.25720480642485,0.9994238531282369,0.0001663208504945039
220.27763807324664,0.9995211692430954,0.00016633184506596887
220.29807123982755,0.9994659566137463,0.00016633747413594837
220.31850450595084,0.9993853739354364,0.00016631094784965702
220.3389378720749,0.9997070106351785,0.0001663387166731345
220.35937113795808,0.9996942099417819,0.00016633606216187325
220.37980430338212,0.9995150002342296,0.00016631958913099679
220.40023766857485,0.9996352959071132,0.00016633397244024205
220.4206709335267,0.9995668199087026,0.0001663368152147133
220.44110409825225,0.9996876553698619,0.00016633606216187325
220.4615374627465,0.9993121169551545,0.00016632568885900133
220.48197072699986,0.9994094330700131,0.00016630823685943278
220.50240389102692,0.9994681157668492,0.0001663042833320224
220.52283715458907,0.9991460935040529,0.00016631563560358644
220.5432705181447,0.999634524781005,0.00016633111083944982
220.56370368124044,0.9997793422641303,0.00016634927823921643
220.5841369441041,0.9994801453341376,0.00016633156267115384
220.60457030672842,0.9990802393344103,0.00016630560117449254
220.62500346912566,0.9996598177173549,0.00016633293699258697
220.645436731058,0.9995627329403289,0.00016633457488251412
220.66586999298306,0.999318902864907,0.00016631042071266897
220.6863033544505,0.9996457061095744,0.00016633256046616693
220.70673651591642,0.9994406636773963,0.00016631829011484766
220.72716977691744,0.9994952594058589,0.0001663187984255147
220.7476031376791,0.9995385966931414,0.00016630138407858815
220.7680362982137,0.9997005331758694,0.0001663209257997879
220.78846955827612,0.9993195968784044,0.0001662950396084106
220.80890271834505,0.9995131495315698,0.00016630793563829674
220.82933607818268,0.9996064557906654,0.00016632732674892847
220.8497693375466,0.9997067021847352,0.00016631508964027737
220.89063585559052,0.9992693965687587,0.00016631294343968318
220.91106911425595,0.9993449669273651,0.00016629291223413742
220.93150237269583,0.9991447054770581,0.0001662895799753201
220.95193553090212,0.9993586158594808,0.00016632721379100247
220.972368888637,0.9992310716011797,0.00016630469751108447
220.99280214637838,0.9995171593873325,0.00016630541291128253
221.01323530365335,0.9992276015336927,0.00016630915934916186
221.03366866068973,0.9992687796678721,0.0001662940606397185
221.0541019174998,0.9995770758859419,0.0001663309037499188
221.07453507407627,0.999629281123469,0.00016631928790986075
221.09496833042067,0.9994167587680413,0.00016630697549592567
221.11540168652573,0.9991528794138054,0.00016629784473023984
221.13583484217088,0.9994948738428048,0.0001663345372298721
221.15626809780952,0.9993849112597714,0.0001663075591118767
221.17670145299053,0.9995672825843674,0.0001663164074827475
221.19713470793795,0.9991690730620781,0.00016629780707759785
221.21756786265178,0.999624500141598,0.00016631113611286703
221.23800121712702,0.9996734666494705,0.0001663073896749877
221.25843447137595,0.9995746082823956,0.0001663083874700008
221.278867625384,0.9994593249292154,0.00016629490782416357
221.29930087893445,0.999214877952907,0.0001663041703740964
221.31973413248488,0.9994292510109946,0.00016630673075375264
221.34016738556966,0.9995273382519612,0.0001663030031421943
221.36060063841433,0.9994957991941347,0.0001663095923545449
221.38103389103344,0.9997134880944877,0.00016630883930170482
221.40146714341245,0.9996643673613934,0.0001663131881818562
221.4219003955659,0.9995346639499894,0.00016630017919404405
221.44233354725293,0.9995391364814171,0.00016628447804232865
221.46276689894148,0.9992205842861078,0.0001662680803167362
221.48320015015634,0.9998238362405751,0.00016631593682472245
221.5036333013777,0.9994247784795668,0.00016629471956095356
221.52406665212766,0.9998362513709176,0.00016629818360401787
221.5444999026513,0.9995937322098797,0.00016630413272145442
221.56493305294134,0.9993080299867809,0.00016624970582743856
221.5853663027665,0.9993173606126905,0.00016623037119576983
221.60579965258512,0.9997550517917212,0.00016629471956095356
221.62623280194384,0.9994966474328537,0.00016626013560927348
221.64666605130333,0.9997439475757627,0.00016627113018073846
221.66709940019064,0.9993838316832199,0.000166299482620167
221.68753264885163,0.9993388750311101,0.0001662571987031972
221.70796579727903,0.9999169111618383,0.00016630014154140206
221.72839904546709,0.9996015976961836,0.00016631443071904234
221.74883239343035,0.9997951503493491,0.00016632450280077823
221.76926554092643,0.9993072588606727,0.000166254751281467
221.789698788416,0.9997343084994098,0.00016628773499586193
221.81013213544793,0.9995945804485987,0.0001662578952770743
221.83056528247835,0.999744256026206,0.0001662760061978779
221.8509985290366,0.999471277383893,0.00016626224415722566
221.8714316753685,1.000064581811564,0.00016627971498311522
221.89186502146913,0.9999673428093165,0.0001662623006361887
221.91229826709605,1.0000168491054648,0.00016630264544209529
221.93273151273024,0.9998860661175092,0.00016626843801683522
221.9531647581316,0.9998466615733788,0.00016626491749480792
221.97359800306003,0.9998637805729814,0.00016628540053205773
221.9940312477629,0.9997257489996084,0.0001662672331322911
222.01446439223218,0.9998336295421496,0.00016627105487545445
222.03489773646288,0.9998242989162401,0.0001662793196303742
222.05533098046726,0.9996092318446551,0.00016625766936122227
222.07576412423805,0.9997761035344758,0.00016626740256918014
222.09619746777025,0.9999484502196649,0.00016630358675814535
222.1166307108433,1.0000121452362045,0.00016626988764355236
222.1370638539156,0.9998092619571296,0.000166277060471854
222.1574971965165,1.0005963503757986,0.0001662972987669308
222.17793043889105,0.9998896904102179,0.00016627225975999856
222.1983636810328,0.9998520594561363,0.00016628669954820685
222.21879682293365,0.9999015657522846,0.00016628370616316758
222.2392301646105,1.0000567163252603,0.00016628538170573675
222.25966340605373,1.0001079962114574,0.00016629611270870768
222.28009654702328,0.9999535396519792,0.0001662793949356582
222.30052988800162,1.000283196063247,0.0001662783030090401
222.32096312851354,0.9999912477186716,0.00016629560439804065
222.3413962687846,1.0001355254135211,0.0001662836120315626
222.36182950883085,1.0000426047174797,0.00016627314459708565
222.38226284864504,0.9999787554757184,0.0001662795267199052
222.4026959882176,1.0000728328609223,0.00016627122431234347
222.42312922756537,1.0000227096638874,0.00016626956759609532
222.44356256644824,1.0001561144806108,0.00016629259218668038
222.4639957053223,1.000093344815401,0.00016626719547964912
222.48442894373875,1.0000693627934352,0.00016625883659312436
222.50486218192236,0.9998890735093313,0.00016625085423301966
222.52529551986663,1.00029846436019,0.00016625977790917445
222.54572865758382,0.9997195799907427,0.00016624528164200315
222.56616189506894,1.0003486646698356,0.00016628990002277714
222.58659523231472,0.9997833521198931,0.00016623818411898552
222.60702836933342,1.0001554975797242,0.00016627303163915965
222.62746160588722,1.000162129264255,0.00016628547583734174
222.64789484243374,0.9996951352931118,0.00016625783879811127
222.66832807852188,1.0000389033121602,0.00016627860423017613
222.6887613143772,1.0002293714608925,0.00016631838424645268
222.7091945499924,0.9999288636165159,0.0001662623571151517
222.72962778538204,1.0001012874143158,0.00016628649245867583
222.75006102053885,0.9998217542000829,0.00016628425212647665
222.77049425545556,0.9998452735463839,0.00016626096396739755
222.79092738991312,1.0000968148828882,0.0001662841203422296
222.8113607243722,0.9996483279383424,0.0001662692852012803
222.83179385835683,1.000106916634906,0.00016625589968704811
222.85222709211666,1.00002857022231,0.00016626536932651194
222.87266042564443,1.0002747136760566,0.00016627344581822168
222.89309355893056,0.9999396593820311,0.0001662560126449741
222.9135267919919,0.999772093678713,0.00016625416766551595
222.93396012482117,1.0000335825420135,0.00016623882421389958
222.9543932574088,1.0000173888937405,0.00016625765053490126
222.97482648953883,1.0001639028543041,0.00016626981233826835
222.99525972166884,1.0003344759494441,0.00016628758438529394
223.01569295332592,1.0001036779052515,0.00016626186763080565
223.03612618475745,0.9999482959944432,0.00016626327960488077
223.05655941595614,1.0002660770636442,0.00016625958964596444
223.0769927469155,1.0000713677213167,0.00016626555758972197
223.09742587764777,0.9999668030210408,0.000166277229908743
223.11785910814797,0.9997325349093609,0.00016624373788368102
223.13829223817447,0.999945365715232,0.0001662592131195444
223.15872556820977,1.0000197022720652,0.0001662591378142604
223.17915879777865,0.9996858046672022,0.00016624755962684436
223.19959192711394,0.999779033813687,0.0001662571422242342
223.22002525644348,0.9947265384399617,0.00016604286103859313
223.24045848531387,0.991458274655456,0.00016587807425086544
223.26089171394415,0.9902415918818928,0.00016583019891655817
223.28132484211528,0.9907088943034794,0.00016586547944211533
223.30175817028794,0.99126279418702,0.00016587455372883814
223.32219139821973,0.9938302585643676,0.00016598581728595804
223.34262452569237,0.9987824304314122,0.0001662521532491688
223.36305785316654,0.9992691652309262,0.00016624202468846987
223.383491080167,0.9995133808694022,0.00016625439358136797
223.40392420694116,0.9997956901376248,0.00016625885541944537
223.42435743348324,1.000311959067084,0.00016626725195861212
223.44479075978597,0.9997742528318161,0.0001662255140049514
223.46522388586163,1.0002417865912352,0.00016626954876977434
223.87388835192542,0.9998694097935714,0.00016622269005680114
223.89432157264673,0.9995865607370732,0.00016625042122763662
223.91475469290162,0.9996809465727203,0.00016622284066736915
223.9351880129252,0.9997051599325187,0.00016621794582390872
223.95562123270793,1.0003294636297406,0.0001663768399731629
223.97605435226433,0.9997643053050199,0.00016623054063265885
223.99648767158214,0.9996521064562727,0.00016621997906657692
224.01692089067365,0.9999957973627102,0.00016624145989883982
224.03735410953232,0.9995124555180724,0.0001661920784588524
224.0577872281574,0.9996260423938145,0.00016619356573821157
224.07822054631106,0.9999187618644981,0.0001662199037612929
224.0986537642384,0.9998068714661941,0.00016618733422596
224.11908688215772,0.9998289256728895,0.00016620260237229235
224.13952019962016,0.9999848473719734,0.00016622069446677498
224.15995331684826,1.000051626892946,0.0001662190000978848
224.18038653384428,0.9998149682903306,0.00016620152927199525
224.2008197506002,0.9997638426293549,0.0001662030730303174
224.22125296689774,1.000095581081115,0.0001661950341912497
224.241686183188,0.9999535396519792,0.00016619593785465776
224.2621193992527,0.9998536017083528,0.00016617455115399985
224.28255261485174,1.0000200107225086,0.00016619213493781544
224.30298583021795,0.9996579670146951,0.00016620149161935326
224.32341904557688,1.0000032001733492,0.00016619729334976988
224.34385226047743,0.99993487840016,0.00016619819701317796
224.36428547513788,0.9997428679992112,0.00016619369752245857
224.38471868957276,0.9998044038626478,0.0001661849621095138
224.40515180354123,1.0000427589427012,0.0001662055769310106
224.42558511751122,1.0001430824493818,0.0001661994583766851
224.44601833124034,0.9999978022905915,0.0001661883508472941
224.4664514445103,0.999673697987303,0.0001661729132640727
224.48688465778105,1.0000395202130468,0.0001661771868389401
224.5073179705796,0.9999954889122669,0.00016619091122695032
224.5277510831511,1.0001527986383456,0.0001661917019324324
224.5481842954905,1.000341955872694,0.00016621702333417964
224.56861760759057,1.0002285232221735,0.0001661961637705098
224.58905081946432,1.0000914941127412,0.0001661818181139065
224.60948393110448,0.9999073491980963,0.00016618964986344321
224.62991714227246,1.0001302046433744,0.0001662007009138712
224.65035045344848,1.000090337423579,0.0001662041273042935
224.67078356415732,1.0000601863927472,0.00016619441292265664
224.69121677485964,0.9997571338322133,0.00016617703622837207
224.71165008510434,1.0002184214701557,0.00016621913188213185
224.73208319511468,0.9998703351449013,0.00016617168955320762
224.75251640488568,1.0002207348484804,0.0001661729132640727
224.7729497144319,1.0001446247015984,0.00016618240172985757
224.79338282374374,1.0001296648550986,0.00016617447584871584
224.81381603258342,1.0002195781593182,0.0001661818557665485
224.83424924143037,0.9999007946261764,0.0001661705223213055
224.85468255003798,0.9998901530858828,0.00016616886560505734
224.87511565818568,1.000366786133379,0.00016619158897450637
224.8955488661013,1.0000952726306716,0.00016618582812027985
224.91598217378487,1.0000592610414174,0.0001661816675033385
224.93641528145963,1.000228368996952,0.00016618712713642897
224.95684848867677,0.9999004090631223,0.0001661706352792315
224.97728159542748,0.999836945384415,0.00016616995753167545
224.99771490217245,1.000017157555908,0.00016617688561780406
225.0181481086911,1.0000656613881156,0.00016617219786387464
225.0385813149769,1.000238779199413,0.00016616193751892874
225.0590145207898,1.0003060213960506,0.00016616205047685474
225.0794477263771,1.0003549107913123,0.00016615182778455083
225.09988093196444,1.000002429047241,0.00016616553334624005
225.12031403707806,0.9999783699126642,0.00016618044379247338
225.14074734196765,0.9998297739116085,0.00016612147975509614
225.16118054662365,1.0004132079250942,0.00016617756336536013
225.1816136510388,0.9999803748405456,0.0001661570615017893
225.2020469552299,1.0000526293568865,0.00016615640258055425
225.2224801591874,1.0000451494336369,0.0001661492297522526
225.2429132626712,1.0001328264721423,0.00016615868056539545
225.26334646616306,1.0001184064139186,0.0001661808014925724
225.28377976919,1.0001561915932218,0.0001661894427739122
225.30421287197532,1.000037669510387,0.00016619665325485583
225.32464607476868,0.9997007645137018,0.00016617690444412507
225.34507937709714,0.9997700887508316,0.00016619371634877956
225.36551257918472,1.0000968148828882,0.0001661770174020511
225.385945681046,1.0000095234074367,0.00016620284711446539
225.4063788826752,1.000195287686909,0.00016620041851905616
225.42681218383223,1.0004004843443086,0.0001661920219798894
225.447245284995,1.000113394094215,0.00016618897211588714
225.4676784856929,1.0003131928688571,0.0001662299193640658
225.48811178638425,0.9998189781460933,0.00016621056590607606
225.5085448866157,0.9999073491980963,0.00016621060355871808
225.5289780866151,0.9996095402950984,0.0001662143123439554
225.5494112866072,1.0000448409831935,0.00016621154487476815
225.56984448614094,0.9999839220206435,0.000166221146298479
225.59027768544183,0.9998224482135804,0.00016623409880732817
225.6107108842698,0.9999748998451772,0.00016623182082248697
225.63114408310503,0.9998836756265737,0.00016622950518500374
225.65157728170743,1.000023712127828,0.00016623387289147615
225.6720104798369,0.9998289256728895,0.00016620056912962418
225.69244367797364,1.0002524281315286,0.00016619878062912902
225.71287687564472,0.9999852329350274,0.00016619454470690365
225.73330997330777,1.0002569777755672,0.00016620360016730544
225.7537431705132,1.0002980016845249,0.0001662456393421022
225.77417646748654,1.0003021657655093,0.00016623246091740102
225.79460956421826,1.0005642715296963,0.0001662164020655866
225.8150427607252,1.0000379008482194,0.00016621820939240276
225.83547605700005,1.000270086919407,0.00016620540749412162
225.85590915280045,0.9997799591650169,0.0001661929821222605
225.8763423486089,0.9997776457866923,0.00016618599755716888
225.8967755441845,0.999896167869527,0.00016618765427341703
225.91720883928792,1.0002299883617791,0.0001661965026442878
225.93764193416428,1.0001000536125426,0.0001662064052891347
225.9580751290414,1.0002903675360535,0.0001661929632959395
225.97850842344633,1.0003950093489402,0.00016619881828177103
225.9989415176242,1.0002973076710275,0.00016621258032242325
226.01937471156998,1.000098665585548,0.00016617643378610003
226.03980780528218,1.0002996210493522,0.00016617204725330665
226.0602410987558,1.000345503052792,0.00016621517835472147
226.08067429177026,1.0000425276048688,0.00016618036848718937
226.10110748477746,1.0001829496691772,0.00016616638053068512
226.12154067732627,0.9998044038626478,0.00016619034643732027
226.14197386987507,0.9998559921992883,0.0001661908359216663
226.16240706195094,0.999890538648937,0.00016614337476642107
226.1828401538005,1.0000797729958963,0.000166187428357565
226.20327344565158,0.9998269207450081,0.0001661806697083254
226.22370663702895,1.0002096306325219,0.000166198441755351
226.24413972818002,0.9996648300370584,0.00016618144158748647
226.26457301886694,1.0002763330408837,0.0001662021128879463
226.28500620954583,0.9999426667738532,0.0001661682631627853
226.3054392999984,1.0001838750205072,0.00016616796194164927
226.3258724902189,0.9997189630898561,0.0001661557624856402
226.34630577996722,0.9998989439235166,0.00016616634287804313
226.36673896948923,0.9997147218962608,0.00016617133185310858
226.38717205901048,1.0001833352322314,0.00016618368191968568
226.40760534806032,1.0002824249371387,0.00016620717716829577
226.42803853688383,1.0002366971589207,0.0001662186047451438
226.44847162547376,1.0001379159044568,0.00016619881828177103
226.46890481382434,1.000217496118826,0.0001661805002714364
226.48933810195012,0.9999779072369992,0.00016619015817411026
226.50977118984156,0.9999420498729666,0.00016617135067942956
226.53020437750092,1.000293220702654,0.00016617330861681375
226.5506376646881,0.9998728798610585,0.00016618565868339085
226.57107075188105,1.0002442541947814,0.0001661727250008627
226.59150393860182,1.0001157845851505,0.00016617234847444266
226.61193712532986,1.0003507467103279,0.00016619138188497535
226.63237031159224,1.000156577156276,0.00016619204080621042
226.6528034976218,0.9998344777808688,0.00016615837934425942
226.67323668341123,1.000047694149794,0.00016617131302678757
226.69366996897588,1.0001265032380549,0.00016616764189419226
226.7141030542989,1.0002626069961573,0.00016615736272292532
226.73453623939713,0.9974103657470409,0.0001660493184666967
226.7549695242633,0.9923156897751956,0.00016578465804605513
226.79583579305472,0.9911795125673314,0.00016576624590411548
226.81626887722086,0.9911337847891134,0.00016576927694179674
226.857135344384,0.9984872433571823,0.00016607433864730792
226.87756852785242,1.0000649673746183,0.00016612494379816044
226.89800171085517,1.000361542475843,0.00016614390190340913
226.9184348936178,1.0001728479171594,0.00016618112154002945
226.9388680761549,1.0000192395964003,0.00016614267819254402
226.9593011584584,0.9999438234630156,0.00016614162391856793
226.97973444052332,1.00024880383882,0.00016617466411192588
227.00016762212908,1.0005348916249728,0.00016620435322014553
227.0206007037341,1.0002297570239467,0.00016613091174191798
227.0410339851005,1.0000726786357006,0.00016614983219452465
227.06146706600703,1.000098125797272,0.0001661501522419817
227.08190024668147,1.0002943002792055,0.00016616461085651097
227.10233342734864,1.0000665096268346,0.0001661581534284074
227.12276670755818,1.00027880064443,0.0001661570803281103
227.14319978753338,1.0001732334802136,0.00016614793073610348
227.16363296726922,1.0003269189135835,0.0001661638578036709
227.18406614677951,1.0001520275122373,0.0001661503969841547
227.2044993260497,1.0004308667129729,0.00016616077028702662
227.22493250509433,1.0000000385563055,0.0001661660040042651
227.24536558390537,1.0005480007688128,0.00016615551774346716
227.26579886225227,1.0001483261069177,0.00016613132592098
227.28623204059113,0.9999508407106005,0.00016614288528207503
227.30666511847085,1.0003482791067815,0.00016614617988825034
227.3270983963448,0.9999831508945352,0.00016612654403544557
227.34753157375962,1.0009688042860732,0.00016618078266625143
227.36796465094085,1.0000366670464462,0.00016611859932798287
227.38839782812283,1.0003140411075762,0.00016615777690198738
227.40883110483264,1.0008637769101323,0.00016632258251603606
227.42926428131614,1.000556945831668,0.00016616668175182116
227.44969735756604,1.0003731093674664,0.00016615540478554116
227.47013063357736,1.000609690857471,0.00016615674145433227
227.49056380912953,1.0006481700502716,0.00016614215105555599
227.51099688468094,1.0006743112253407,0.00016612629929327257
227.53143015999376,1.0006478615998284,0.00016616240817695377
227.55186333484744,1.0002126380243441,0.0001661413415237529
227.57229640970036,1.000913514544113,0.0001661594900971985
227.5927295840811,1.000424697704107,0.00016614209457659296
227.61316285823705,1.0003973998398756,0.00016613603250123044
227.63359593215864,1.000390691042734,0.0001661357877590574
227.65402910607372,1.0002260556186273,0.0001661561578383812
227.67446237953118,1.0002606020682758,0.0001661683008154273
227.69489545275428,1.0004575476763176,0.00016613539240631638
227.71532862573804,1.000654107721305,0.00016616135390297768
227.7357617982634,1.000515690584878,0.00016613866818617067
227.75619507078954,1.0002950714053138,0.0001661234000398383
227.77662814307405,1.000321983706491,0.00016614075790780184
227.79706131490093,1.0005730623673301,0.00016615745685453034
227.8174945867213,1.000180867628685,0.00016613215427910407
227.83792765808175,1.00040341462352,0.00016618505624111879
227.85836082944297,1.0003970913894324,0.00016618089562417743
227.87879390033777,1.0002350777940936,0.00016615548009082516
227.89922717099398,1.0006378369604214,0.00016616880912609434
227.91966034142388,1.0002309137131091,0.00016615950892351952
227.94009351162094,1.0002764872661054,0.00016615630844894923
227.9605266815779,1.0001511792735183,0.00016615713680707332
227.9809598513093,1.000322369269545,0.00016615788985991338
228.00139302080788,1.000410354758494,0.00016616225756638575
228.0218260900656,1.0001994517678934,0.00016617103063197255
228.04225935886643,1.0006363718208158,0.00016614900383640058
228.0626925276665,1.0002899819729993,0.00016614437256143416
228.08312559622573,1.0008946990670724,0.00016619682269174485
228.10355886432808,1.0002832731758577,0.00016616286000865782
228.12399203219684,1.0003131928688571,0.0001661324555002401
228.14442510005756,1.0003135013193003,0.00016615962188144554
228.16485826746066,1.0001775517864198,0.00016612494379816044
228.1852915346317,1.0002331499788228,0.00016614732829383144
228.20572470156185,1.0005610328000418,0.00016617537951212394
228.2261577682657,1.000521705368522,0.00016616105268184165
228.24659103473823,1.0002334584292663,0.0001661526373163539
228.2670242009699,1.0002006084570556,0.0001661468764621274
228.28745726697525,1.0003362495394932,0.0001661444855193602
228.3078904325157,1.0002655372753686,0.000166131269442017
228.32832369804964,1.0000214758621142,0.0001661391200178747
228.34875676312367,1.0005044321436978,0.0001661379904386146
228.36918992819847,1.0007055418327238,0.0001661456715775833
228.38962319280108,1.0004597839420313,0.00016613712442784852
228.41005625740945,1.0006534908204183,0.00016614930505753662
228.43048942155292,1.000242711942565,0.00016609725027996698
228.45092258545628,1.000146860967312,0.00016613876231777566
228.4713557491341,1.0001459356159823,0.0001661492862312156
228.49178891257907,1.0004710423832115,0.00016615851112850643
228.51222207578394,1.0004192227087385,0.0001661480060413875
228.53265533876402,1.0002963052070868,0.00016614060729723383
228.55308840150974,1.000300083725017,0.00016613128826833802
228.57352146401536,1.0003860642860847,0.00016617106828461454
228.59395472629694,1.000193128533806,0.00016613266258977112
228.6143878881121,1.000206083452424,0.0001661256215457165
228.63482104992,1.0002875143694532,0.00016612580980892653
228.65525411126873,1.000311496391419,0.0001661179592330688
228.675687372619,1.000251348554977,0.00016610009305443823
228.6961204334948,1.000006361790393,0.00016608467429753785
228.7165535941458,1.0002057750019808,0.0001661075482775549
228.73698685479758,1.000165213768688,0.00016609164003630848
228.7574199149749,1.0000138417136426,0.00016614399603501415
228.7778530749274,1.000520857129803,0.00016612724060932266
228.7982862346471,1.0002656143879793,0.0001661347899640443
228.81871949412744,1.0003657065568274,0.00016615497178015812
228.8391525533807,1.0003273044766376,0.00016612592276685253
228.85958571216906,1.0003460428410675,0.00016610656930886281
228.8800189709509,1.000283196063247,0.00016612415309267837
228.9004520295057,1.0000732955365872,0.00016607787799565626
228.92088518759556,1.0002350006814826,0.00016609839868554808
228.94131834567816,1.0005238645216252,0.0001661121418998793
228.96175150330237,1.0004650275995672,0.0001660964030955219
228.98218466092658,1.0003178967381172,0.0001660841095079078
229.00261781807785,1.0008872962564335,0.00016614924857857362
229.02305097500357,1.0005044321436978,0.00016608378946045076
229.0434841319293,1.0004919399007446,0.00016608883491447921
229.06391728838207,1.0001561915932218,0.00016609683610090494
229.08435034460854,1.0005977384027935,0.00016614990749980866
229.1047836006037,1.0000431445057554,0.0001660651890553011
229.125216756358,1.0000052051012305,0.00016608137969136255
229.14564981188596,1.0003997903308113,0.00016606127318053275
229.16608306718263,1.0004779054055748,0.0001661011849810563
229.1865162220056,1.0003498213589979,0.00016609572534796583
229.20694927683508,1.0004695772436059,0.00016609574417428684
229.2273824314325,1.000112545855496,0.00016600948197145716
229.24781568555773,1.0003398738322018,0.000166097551501103
229.26824883968948,1.0001157845851505,0.00016608889139344224
229.2886818933548,1.0003027055537852,0.0001660929202261366
229.30911514678155,1.0002425577173433,0.00016611724383287075
229.3295483002148,1.000474358225477,0.00016608009950153444
229.34998135318165,1.000318899202058,0.00016610577860338074
229.37041450591641,1.0002323017401038,0.00016609182829951848
229.39084775841184,1.0004937906034042,0.00016608574739783495
229.41128081068018,1.0003619280388971,0.0001660786875274593
229.43171396270918,1.0001440849133225,0.00016608104081758453
229.4521472145134,1.0004876215945384,0.00016610060136510528
229.47258026608324,1.0005876366507758,0.0001660494125983017
229.49301341742103,1.0003003150628498,0.00016608104081758453
229.51344656828587,1.0008011614701442,0.00016610705879320885
229.53387981915876,1.000228291884341,0.00016608458016593284
229.55431286979,1.0002536619333018,0.00016609452046342172
229.57474601996364,1.0003525974129877,0.00016610745414594988
229.59517927013803,1.0003357097512173,0.00016607851809057031
229.61561231984524,1.0006979847968631,0.00016614288528207503
229.6360454693131,1.0005638859666421,0.00016608685815077404
229.656478718789,1.0006249591544139,0.0001660852955661309
229.67691176779044,1.0007709333267016,0.00016613175892636305
229.6973449165671,1.0004654902752323,0.00016610758593019689
229.7177780651109,1.0004166779925814,0.00016609824807498007
229.7382112134219,0.999930560093954,0.000166086123924255
229.75864436149277,1.00025443305941,0.0001661254521088275
229.7790775093381,1.0003414931970291,0.00016606439834981903
229.7995106569433,1.0001386870305649,0.0001661112758891132
229.8403769514698,1.0005955021370796,0.00016610960034654408
229.86080999815022,1.000472199072374,0.00016612036900215702
229.88124324482487,1.0004152128529757,0.00016609028454119635
229.9016763912732,1.0005398268320655,0.00016609026571487535
229.92210943725513,1.0006511774420936,0.00016612646873016157
229.9425426832313,1.0002697784689638,0.00016612976333633687
229.9629758287483,1.0003292322919082,0.00016609007745166534
229.98340887403174,1.0004138248259808,0.0001660323936041162
230.00384201930865,1.0001629775029741,0.00016606296754942293
230.02427516412718,1.0004644106986806,0.0001659986944895232
230.04470840870636,1.0003324710215629,0.00016600085951643838
230.06514145305846,1.0002834274010795,0.0001660066768496279
230.0855745971785,1.0002724774103426,0.00016599850622631317
230.1060077410657,1.0009189895394817,0.00016603220534090618
230.1264408847128,1.0003429583366348,0.00016603758966871266
230.14687392813357,1.000432563190411,0.00016601392498321354
230.16730717132305,1.0000356645825055,0.00016601876334771098
230.18774031427165,1.000256206649459,0.00016603975469562784
230.2081733567611,1.000296690770141,0.00016600031355312934
230.2286065992521,1.0004296329111997,0.00016600180083248847
230.2490397415022,0.999742019760492,0.00016598154371109066
230.26947288329393,0.9936856724190747,0.0001656386787530081
230.2899059250849,0.9918587204434592,0.00016555917519941803
231.39329511197138,1.0016041350866427,0.0001666295080273264
231.41372824025166,1.0018760341524042,0.00016662803957428825
231.43416136807355,1.0014030253976167,0.00016662977159582042
231.45459449589544,1.0014243084782037,0.0001665981057238956
231.47502762347722,1.0014910879991765,0.00016660847902676753
231.4954607506006,1.0013417208720126,0.00016657814982363382
231.515893877724,1.0015991998795502,0.00016654927024721726
231.5363270046073,1.001521701705673,0.00016656192153493036
231.55676003103144,1.0011022091027968,0.00016657835691316484
231.57719325722428,1.0013100275889644,0.00016658547326250348
231.5976262834156,1.0015255573362143,0.00016659562064952338
231.61805940913473,1.0010936496029954,0.00016655162353734244
231.63849263462907,1.0012710857204987,0.0001665669105099958
231.65892576011538,1.001200065005931,0.00016659872699248865
231.67935878514254,1.0011841026954906,0.00016656487726732764
231.69979190993763,1.001256665662275,0.00016656536675167368
231.72022513449338,1.0014055701137738,0.00016657444103839649
231.74065815882204,1.0007918308442347,0.00016655354382208462
231.76109128315147,1.000755896367591,0.00016654563676726393
231.78152450700873,1.0009321757959322,0.00016655028686855133
231.8019575306389,1.0010125271364096,0.00016650401177152922
231.82239065380418,1.0012409346896671,0.00016654782062050012
231.84282377696218,1.0010634985721636,0.000166524080629717
231.86325689989462,1.000829076235262,0.00016649851448579672
231.88369002259424,1.0009354916381976,0.00016653912286019733
231.90412314505375,1.000455157185382,0.00016647720309042281
231.92455636728846,1.000514842346159,0.00016649791204352468
231.944989389056,1.0009725828040035,0.00016651493103771018
231.965422510817,1.000845655446589,0.00016651308605825202
231.9858555323517,1.0005884848894948,0.000166479066896202
232.00628875342227,1.0006612020815007,0.00016648932724114791
232.0267218744848,1.0006399190009136,0.00016649079569418604
232.04715489508817,1.0003230632830424,0.0001664690701197501
232.06758811569307,1.000718496751342,0.00016648437591872445
232.08802123582427,1.0006036760738268,0.00016647164932572734
232.10845435596275,1.0003320854585087,0.0001664196886797627
232.12888747563557,1.0003276900396918,0.00016644438881291692
232.14932059506827,1.0004140561638135,0.0001664252612707792
232.16975371450826,1.000517387062316,0.00016641872853739162
232.19018673348182,1.0006682964416964,0.00016643149278303075
232.2106199522168,1.0005876366507758,0.0001664209688695908
232.23105307072547,1.0006224915508677,0.0001664298737194246
232.25148608900054,1.0004742040002552,0.00016645063915148945
232.27191930726985,1.0000608804062447,0.00016639865967920382
232.29235242508003,1.000311496391419,0.00016640069292187201
232.3127854426566,1.0002436372938948,0.00016641552806282133
232.33321856000111,1.000636680271259,0.000166412007540794
232.35365177710628,1.0001962130382387,0.0001663622684007076
232.37408479398437,1.0003286153910216,0.00016639786897372177
232.3945179106231,1.0003312372197897,0.00016636061168445943
232.41495112680423,1.0002831189506363,0.0001663479039177833
232.43538424298458,1.0004994969366052,0.00016637491968842072
232.45581725893135,1.0001271201389415,0.0001663476591756103
232.47625037463877,1.0002494207397066,0.00016635294937181175
232.4966835901214,1.0000854022164862,0.00016634700025437523
232.51711660512956,0.9998957051938621,0.00016630887695434683
232.53754972014576,1.0004088125062776,0.0001663344807509091
232.5579829349299,1.0000918025631846,0.00016633086609727678
232.57841594924685,1.000251425667588,0.00016630119581537815
232.59884906355728,1.0003983251912056,0.00016630059337310608
232.61928217740933,1.0000278762088124,0.00016632041748912085
232.6397152912541,1.0000937303784552,0.00016631443071904234
232.6601484046405,1.0001150905716532,0.00016628075043077033
232.68058151802688,0.999992789970888,0.00016631444954536332
232.7010146309476,1.0000540944964922,0.0001662892222752211
232.72144774386106,1.0003529058634308,0.00016629662101937473
232.74188085631613,1.0007812664165519,0.00016639690883135067
232.7623138685376,1.0004622515455777,0.00016631510846659838
232.8031801925099,1.0001410775215005,0.00016629929435695698
232.82361320403288,1.0000261026187636,0.00016627764408780506
232.84404641531728,1.000082086374221,0.00016626344904176977
232.86447952637536,1.0003086432248185,0.0001662825389312655
232.88491263742617,1.0001979866282877,0.0001662949454768056
232.9053457480186,0.999872262960172,0.00016626862628004525
232.92577875837742,0.9998529848074662,0.00016624548873153417
232.94621186850418,0.9999155231348436,0.00016625286864936683
232.96664497839083,0.9999989589797539,0.00016624411441010107
232.9870781880527,0.9999437463504047,0.00016624330487829798
233.0075111974802,0.9999299431930674,0.00016623054063265885
233.02794430666836,1.0001534155392322,0.0001662514566752917
233.04837751563173,0.9998232193396885,0.0001662109989114591
233.06881052436074,0.999766001782458,0.0001662444532838791
233.0892436328504,0.9999963371509859,0.00016623185847512896
233.1096767408817,1.0001224162696813,0.00016622912865858373
233.13010984891298,0.9999246995355314,0.00016624368140471802
233.15054295670416,0.9998389503122964,0.0001662186047451438
233.17097606426978,0.9997063166216811,0.00016619686034438684
233.19140917136974,1.0001142423329341,0.00016623138781710393
233.21184227846243,0.9999624847148346,0.0001662052568835536
233.23227538532956,1.0000051279886197,0.00016621005759540902
233.2527083919631,1.0002989270358549,0.00016625772584018527
233.27314159812522,0.9998703351449013,0.0001661952224544597
233.29357470429386,0.9996218012002193,0.00016618194989815352
233.31400770999608,1.0001797109395227,0.0001662132015910163
233.33444091569254,0.9999793723766048,0.00016619561780720075
233.35487402092986,0.9999196101032172,0.00016618852028418312
233.3753070261664,0.9995941177729338,0.00016619550484927472
233.3957401309308,0.9999577037329637,0.0001661740616696538
233.4161733357032,0.9998309306007709,0.0001661278053989527
233.43660634000844,0.9998483580508168,0.00016618980047401123
233.45703944430716,0.9996494075148938,0.00016612306116606026
233.47747264814825,0.9997414028596056,0.00016615197839511884
233.49790575175575,0.9996564247624787,0.00016617549247004994
233.51833875535522,0.9998701809196797,0.00016614879674686957
233.53877185849706,1.00008948918486,0.00016616197517157073
233.55920506140683,0.9998736509871667,0.00016616530743038802
233.5796380643078,0.9996135501508612,0.00016612524501929648
233.60007116675115,1.0000209360738384,0.00016613976011278875
233.62050436895515,0.9995994385430806,0.0001661458221881513
233.64093737093208,0.9996288184478042,0.00016612535797722248
233.66137047290977,0.999779496489352,0.00016613036577860894
233.68180367442255,0.9999635642913862,0.00016614736594647343
233.7022366756937,0.9998634721225381,0.0001661321919317461
233.72266977674008,0.9995314252203348,0.00016610504437686167
233.7431028775536,0.9995709839896869,0.00016612372008729533
233.7635360781278,0.9985225609329392,0.00016609930234895616
233.7839690784749,0.9953567798082171,0.0001658898030488495
233.80440217858995,0.9914810999882596,0.00016573309275283153
233.82483537846565,0.9905615321041968,0.00016566808546641273
233.84526837811427,0.990530995510311,0.00016566015958527103
233.86570147753082,0.9911408791493092,0.0001657127414998287
233.8861344767065,0.9930854278564294,0.00016579919196586842
233.90656767565815,0.9991389991438573,0.00016606989563555153
233.9270007743762,0.9996883493833594,0.00016612596041949454
233.94743387285416,0.9995073660857581,0.0001661323237159931
233.96786697110656,0.9994806851224134,0.00016609222365225954
233.98830006912613,0.9998385647492424,0.00016612488731919744
234.00873316690559,0.9994861601177818,0.00016613437578498228
234.02916616445873,0.9994376562855742,0.00016609468990031075
234.04959936154773,0.999545305490283,0.00016611720618022876
234.0700324586287,0.9997744841696485,0.00016613264376345011
234.09046545548335,0.9999702730885278,0.0001661358630643414
234.1108986521067,0.999726365900495,0.00016611289495271938
234.13133174848917,0.9997730961426537,0.00016613290733194416
234.1517647444125,0.99973901236867,0.00016610903555691403
234.1721978403366,0.9996928219147871,0.00016610623043508476
234.19263103602134,0.9999603255617316,0.00016616014901843357
234.21306413124694,0.9995618847016099,0.00016609926469631414
234.23349712647178,0.9997866679621585,0.0001661165849116357
234.25393032145803,0.9997036947929131,0.0001661278430515947
234.27436341598514,0.9998407239023454,0.00016612292938181325
234.29479641051148,0.9996355272449458,0.00016608467429753785
234.31522950479848,0.9999404305081393,0.00016613108117880698
234.3356625986271,0.9996534944832675,0.00016609821042233805
234.3560956924557,1.0000140730514753,0.00016611048518363114
234.3765287858114,0.9994156020788789,0.00016612187510783716
234.39696187917434,0.9998423432671727,0.00016609700553779394
234.41739497230446,0.9995929610837715,0.00016609329675255663
234.43782796496816,0.9998808224599732,0.00016613396160592025
234.4582611576261,0.9995881801019004,0.00016611716852758674
234.4786942498249,0.9995399076075253,0.0001660773696849892
234.49912734201644,0.9995097565766936,0.0001661157377271906
234.5195603337488,0.9996197962723379,0.0001661022580813534
234.5399935254827,0.9997029236668049,0.00016608388359205578
234.56042661674292,0.9995215548061495,0.00016611635899578368
234.58085960800963,1.0000396744382685,0.00016611737561711775
234.60129269881145,0.9998457362220489,0.0001661156812482276
234.62172588937392,0.9994792970954186,0.00016610911086219803
234.64215887994214,1.0000301124745263,0.00016610607982451675
234.66259197004547,0.9996564247624787,0.00016609845516451108
234.68302516014228,0.9997127169683794,0.0001661066822667888
234.70345814977918,0.9998079510427457,0.00016609875638564712
234.723891239184,0.9999004090631223,0.00016611014630985312
234.74432442858233,0.999878354856427,0.00016612178097623215
234.76475741752074,0.9996578127894735,0.00016609495346880476
234.78519050622708,0.9997136423197093,0.00016608832660381216
234.80562359493342,0.9996782476313416,0.00016610304878683548
234.8260567831676,0.9999987276419214,0.00016610466785044162
234.84648977117467,0.999823065114467,0.00016609384271586567
234.86692285917525,0.999704620144243,0.00016609555591107683
234.8873560467182,0.9998283087720029,0.00016608060781220148
234.9077890340268,0.9997370074407886,0.0001660899644937393
234.92822212133615,1.0001707658766672,0.0001661134220897074
234.94865520817257,0.9998986354730733,0.00016611404335830046
234.96908829478343,0.9998701809196797,0.00016611426927415248
234.9895213811542,1.0000103716461557,0.00016611746974872277
235.00995446753222,0.9997491141206878,0.0001661108993626932
235.0303875534446,0.9997803447280711,0.00016609926469631414
235.05082063912414,0.9997448729270926,0.0001661233059082333
235.07125372456358,0.9998907699867694,0.00016611174654713827
235.09168671000953,0.9997713225526048,0.00016610399010288558
235.11211989498406,0.9997603725618679,0.00016611272551583035
235.13255297973228,0.9993891524533667,0.00016611622721153667
235.1529859642469,1.0000162322045782,0.0001661232870819123
235.17341914852295,0.9998785090816485,0.000166097476195819
235.1938522328055,1.0001613581381468,0.00016612490614551843
235.21428521662165,0.9995311167698915,0.00016609269431028457
235.23471830019844,0.9993792820391812,0.00016608774298786113
235.25515148355043,0.9997478032063039,0.00016610726588273987
235.27558456666884,0.9997025381037508,0.00016607467752108597
235.29601754978648,0.9998940858290348,0.0001660849755186739
235.3164507324327,0.999846507348157,0.00016610901673059302
235.33688381485263,1.0000109114344313,0.00016611677317484571
235.35731679703167,0.9998189781460933,0.00016609920821735114
235.37774987898592,0.9999561614807472,0.0001661256403720375
235.3981830607081,0.9996494846275047,0.0001661065881351838
235.41861604242877,0.9996251941550954,0.0001660953864741878
235.43904912367725,0.9999362664271549,0.00016613185305796807
235.45948230470094,0.9996147839526344,0.00016609593243749684
235.479915285483,0.999823913353186,0.00016610790597765393
235.50034836604027,0.9994466013484297,0.00016610491259261466
235.5207814463647,0.9995062865092066,0.00016607665428479114
235.54121452668915,0.9996435469564713,0.00016609792802752303
235.56164760654065,0.9996409251277033,0.00016610630574036877
235.5820806861666,0.9995048984822118,0.00016609698671147296
235.6025138655532,0.9994644914741406,0.00016607657897950713
235.62294684471271,0.9994864685682251,0.00016611398687933746
235.64337992364017,0.9997179606259153,0.00016608224570212863
235.66381290256686,0.9996535715958782,0.00016608766768257713
235.68424608102214,0.9998189781460933,0.00016609621483231187
235.7046791592511,0.999869178455739,0.0001661257156773215
235.72511223723995,0.9996952895183334,0.0001660897762305293
235.74554531500326,0.9996674518658264,0.00016610182507597037
235.78641146983136,0.9996079980428819,0.00016608830777749118
235.80684444712097,1.0000566392126493,0.00016612082083386108
235.8272776239537,0.9997436391253194,0.00016610506320318267
235.8477106005521,0.9998903073111045,0.000166097589153745
235.86814367691113,0.9998552981857909,0.00016610395245024356
235.88857685304538,0.9997114831666062,0.00016611057931523616
235.90900982894527,0.999742019760492,0.00016609448281077973
235.92944290483865,1.0001262719002224,0.00016610715292481384
235.9498760802744,1.0002511172171447,0.00016617012696856448
235.9703090554758,0.999643238506028,0.00016608228335477065
235.99074213043787,1.0001128543059392,0.00016610304878683548
236.01117520517437,0.9998118837858976,0.00016611954064403296
236.03160827991087,0.9998384876366315,0.00016609218599961752
236.05204135417443,0.9996773993926226,0.00016607117582537965
236.07247442821244,1.0000904916488007,0.0001661144387110415
236.09290750201762,1.0000381321860519,0.0001660985869487581
236.1133405755827,0.9998305450377167,0.0001660841659868708
236.13377364915505,1.0004209191861766,0.0001661390447125907
236.15420662226097,0.9997299130805929,0.0001660884583880592
236.17463979512831,0.999852599244412,0.0001660909246361104
236.19507286776934,0.9998195950469799,0.00016608715937191008
236.2155058404096,0.9997745612822594,0.00016607993006464544
236.23593901257846,0.9997021525406966,0.00016607125113066366
236.256372084521,0.999662825109177,0.00016608092785965853
236.27680505622993,0.9997260574500517,0.000166086368666428
236.29723812793236,0.9999789868135508,0.0001660831493655367
236.31767129917716,1.0000283388844775,0.0001660920918680125
236.33810437018838,0.9999600942238992,0.00016608136086504157
236.35853734095872,0.9999782156874425,0.00016605797857435748
236.37897051173786,0.9999510720484329,0.0001660706486883916
236.39940358205058,1.0001791711512469,0.00016610481846100964
236.41983655212243,0.9996282015469176,0.00016606198858073082
236.44026962220232,0.999948835782719,0.0001660584492323825
236.4607027918173,0.9998367911591934,0.00016609314614198862
236.48113576119067,0.9997439475757627,0.0001660718535729357
236.50156883057207,0.9996631335596203,0.000166052518941267
236.52200199948857,0.9998453506589947,0.00016608378946045076
236.54243496816343,0.9997421739857137,0.00016605792209539448
236.56286803684634,0.9996242688037655,0.00016604109136441898
236.58330110506358,0.9996138586013045,0.0001660672411242903
236.6037342732743,0.9998433457311133,0.00016606582915021517
236.62416724102513,0.999908814337702,0.00016607249366784975
236.6446003085439,0.999887916820169,0.00016608674519284804
236.66503347605612,0.9996360670332215,0.00016605899519569158
236.68546644310845,0.9998691013431282,0.00016606528318690612
236.70589951016154,0.9995122241802399,0.00016607106286745365
236.72633247674094,0.9995732202554009,0.0001660625910230029
236.74676564332913,0.9999342614992736,0.00016606436069717704
236.7671987094509,0.9997946876736841,0.0001660931837946306
236.7876317755654,1.0003051731573316,0.00016611586951143764
236.8080648412215,0.9995092167884179,0.00016606198858073082
236.8284979068776,0.999703771905524,0.00016610020601236423
236.84893097206077,0.9998223711009695,0.00016609685492722593
236.86936393725045,0.9999594773230126,0.00016607480930533298
236.889797101976,1.0000358188077272,0.0001660874605930461
236.9102301666935,0.9999101252520859,0.00016610971330447007
236.9306631311847,0.9998970932208568,0.00016607987358568244
236.95109629521176,0.9996538800463215,0.0001660794782329414
236.97152935923077,1.0000482339380696,0.00016610169329172336
236.99196232302347,0.9998172045560444,0.00016607541174760502
237.01239538635127,1.0000131477001453,0.00016610504437686167
237.03282854967256,0.9998133489255032,0.00016609122585724644
237.05326151276677,0.9995052069326551,0.00016606016242759367
237.07369457539608,0.9997097095765572,0.00016608698993502105
237.09412773801887,1.000048542388513,0.00016610600451923276
237.11456080041535,0.9999805290657672,0.00016609147059941945
237.13499376257823,1.0001616665885902,0.00016609779624327602
237.1554269242697,0.9999469079674485,0.00016611265021054635
237.1758599859677,0.9997966154889547,0.0001660908681571474
237.19629294743208,0.9999495297962164,0.00016608779946682413
237.21672600865713,0.9998415721410644,0.00016610235221295843
237.2371591696574,0.9996896602977433,0.00016607612714780308
237.2575921304233,0.9997805760659035,0.00016608008067521345
237.27802519071702,0.9999294034047916,0.00016610903555691403
237.29845825101802,0.9984530824705878,0.00016600825826059204
237.3188913110862,0.992335507716177,0.00016574593230375467
237.33932437091426,0.991059062669226,0.0001657113483520746
237.359757330516,0.9902197690130299,0.00016566567569732452
237.38019048988644,0.9905900637702013,0.00016565165008817828
237.40062354901602,0.9919406140361531,0.00016575939312327086
237.42105650791927,0.9969870175136234,0.00016596094771591482
237.44148966659122,0.9999524600754277,0.00016608023128578144
237.4619227250223,0.9993685633862769,0.00016607473400004897
237.48235568322707,0.9996348332314483,0.00016608139851768356
237.50278874119977,0.9996476339248449,0.0001660684271825134
237.52322189916595,0.9994769066044831,0.00016609478403191576
237.54365485667222,0.9996980655723231,0.0001661020886444644
237.56408791394642,0.9995001175003407,0.00016608894787240524
237.58452107098128,1.0000814694733344,0.00016611577537983262
237.60495402778906,1.0000999764999319,0.00016610670109310982
237.62538708436477,1.0010109077715825,0.00016624855742185745
237.6458201409405,1.0000018121463543,0.00016611150180496524
237.66625329704402,0.9997174208376396,0.00016609597009013886
237.68668625292048,0.9998317788394899,0.00016607695550592717
237.70711930879042,1.0000118367857613,0.00016610417836609558
237.72755246420274,0.9996110825473149,0.00016608836425645418
237.7479854193807,0.999728139490544,0.00016607851809057031
237.76841847455944,0.9996483279383424,0.00016608938087778828
237.78885152926523,0.9995739142688982,0.00016607332202597385
237.8092845839783,0.9996834141762667,0.00016607902640123734
237.82971763821843,0.999748574332412,0.00016608891021976322
237.85015069246583,0.9998825960500222,0.00016609856812243708
237.87058374624758,0.9992697821318128,0.00016605127640408087
237.89101680002932,0.99997235512902,0.0001660951229056938
237.91144985333813,0.999887916820169,0.0001661041971924166
237.93188280665345,0.9997266743509383,0.00016606547145011613
237.95231595949735,0.9997736359309295,0.00016607573179506206
237.97274901234778,0.9998997150496248,0.00016609350384208765
237.9931819649646,0.9998711062710096,0.00016606018125391467
238.0136151171173,0.9998032471734855,0.0001660806266385225
238.03404816926195,0.9996120850112555,0.0001660909058097894
238.0544811211803,0.9998458904472705,0.00016609662901137393
238.07491417286656,0.9999084287746478,0.00016609352266840863
238.09534732431348,0.9998270749702297,0.000166097532674782
238.1157802753005,0.9998303908124951,0.0001660783674800023
238.13621332628827,0.9996442409699687,0.0001660706110357496
238.1566464770367,0.9998643203612572,0.00016609713732204095
238.17707952755882,1.0000948099550067,0.00016607544940024703
238.19751247784734,0.9997548204538886,0.0001660717406150097
238.21794552789652,0.9998142742768331,0.00016607928996973138
238.2383786777209,1.000520471566749,0.00016611244312101533
238.25881162731093,1.000103909243084,0.00016607588240563008
238.27924467666162,1.0001853401601128,0.0001661143634057575
238.2996778257875,0.9996879638203052,0.0001660808149017325
238.32011077467178,0.999994563560937,0.00016609597009013886
238.34054382356408,0.9997463380666982,0.00016609162120998747
238.36097687199072,0.9996211842993327,0.00016608919261457825
238.38140992018452,1.000586557074224,0.000166175944301754
238.40184296813823,0.9995995156556914,0.0001660875170720091
238.4222760160992,0.9997366218777345,0.00016609789037488103
238.442709163588,1.0003034766798935,0.0001661021074707854
238.46314211084973,0.9999337217109977,0.0001660784239589653
238.48357515811222,0.9998650914873654,0.00016608217039684462
238.50400810490828,0.9998941629416456,0.00016605912697993858
238.5244412516986,1.0002094764073004,0.00016607985475936143
238.54487429802975,1.0000753775770794,0.00016608973857788731
238.56530724436016,0.9999566241564122,0.00016607467752108597
238.58574039021914,0.999792991196246,0.00016605536171573825
238.60617343608465,1.000013301925367,0.00016610026249132723
238.6266064814845,1.000005050876009,0.00016606532083954812
238.64703952687705,0.9999606340121749,0.0001660727384100228
238.66747257204406,0.9999445945891238,0.00016607880048538534
238.68790561673813,1.000008520943496,0.00016608028776474447
238.70833856143872,0.9999654921066568,0.0001660706863410336
238.728771705908,1.0000838599642699,0.00016610071432303128
238.7696376941385,0.9998554524110125,0.00016607057338310758
238.7900708379093,1.0002464133478846,0.00016609461459502674
238.8105037812129,0.9999759794217287,0.0001660738679892829
238.83093682451,1.0002507316540905,0.00016608028776474447
238.85136986758152,0.999900948851398,0.00016605984238013665
238.87180291065306,1.0006163225420017,0.00016609495346880476
238.89223595325166,0.9999255477742505,0.00016605683016877637
238.9126689956247,1.0000891036218058,0.00016608040072267047
238.9331020377649,1.000022401213444,0.00016609201656272852
238.95353507966502,1.0000899518605249,0.0001660738303366409
238.97396812133957,0.9999512262736545,0.00016607475282636998
238.99440106301336,0.9998171274434335,0.00016607138291491067
239.01483420421573,0.9998834442887412,0.0001660513705356859
239.0352672451918,1.0001022127656458,0.00016606669516098125
239.0557001861671,1.0000429902805337,0.00016606933084592149
239.07613332667097,1.0005159990353212,0.00016607448925787594
239.09656636718137,1.0000952726306716,0.00016606404064972
239.11699930722534,1.000077690955404,0.0001660786875274593
239.1374323472628,1.0002838129641336,0.00016606356999169497
239.15786548684264,1.000295379855757,0.00016606803182977236
239.1782985264217,1.0001470923051445,0.00016608781829314514
239.19873146575992,1.00031535202196,0.00016607093108320662
239.21916460464126,0.9998319330647115,0.00016605425096279913
239.23959764352185,1.0001794024890793,0.00016608548382934094
239.26003058216156,0.9999322565713921,0.00016605901402201256
239.28046362057648,1.0000051279886197,0.0001660573008268014
239.30089675875934,0.9999560843681363,0.00016606592328182018
239.32132969670056,1.000141308859333,0.00016606230862818786
239.341762734417,1.0001654451065205,0.00016606889784053844
239.36219587190135,0.9999461368413403,0.00016606341938112695
239.38262880914408,0.9998279232089488,0.00016605255659390899
239.40306184616202,0.9997855112729962,0.00016603412562564836
239.42349488294713,1.000029418461029,0.0001660570560846284
239.44392791949213,0.9999148291213461,0.00016604896076659767
239.46436095581157,0.9999486044448865,0.0001660314146354241
239.48479399213102,1.0000181600198488,0.00016605199180427894
239.5052271279783,1.0000807754598369,0.0001660627604598919
239.52566006359848,0.9996906627616841,0.00016603113224060908
239.54609309921943,0.9998185925830392,0.0001660459485552374
239.5665260343667,0.9998668650774143,0.00016604986443000575
239.58695916952274,0.9999933297591638,0.00016604011239572687
239.60739220421237,1.0000056677768956,0.0001660391710796768
239.62782523889473,0.9998276147585055,0.00016606453013406607
239.6482582731187,1.000063810685456,0.00016604566616042237
239.66869130734267,1.0000352019068406,0.00016604195737518503
239.68912434132653,0.9998466615733788,0.00016605353556260107
239.70955727508408,0.9999344157244952,0.0001660235075806034
239.7299904083775,0.9995923441828849,0.00016602072128509514
239.75042344166286,0.9999593230977909,0.00016608687697709505
239.77085637472192,0.9994264749570049,0.00016601422620434958
239.79128950754966,0.9997954587997924,0.00016603548112076048
239.81172254013654,0.9999376544541497,0.0001660515587988959
239.8321554724971,0.999769471849945,0.0001660335608360183
239.8525885046256,1.0000369754968896,0.00016603781558456468
239.87302163674758,0.999588797002787,0.0001660472099187445
239.89345456840965,0.999950146697103,0.0001660381356320217
239.91388759983965,1.0000496990776753,0.00016604101605913497
239.9343207310303,0.9997032321172482,0.00016604961968783274
239.95475376222748,0.9997272912518249,0.0001660368742685146
239.97518669295823,0.9996986824732096,0.00016603516107330344
239.99561972368247,0.9997317637832527,0.00016604559085513836
240.01605285394908,0.9999118217295241,0.00016603508576801943
240.03648578421416,0.9999019513153388,0.00016603431388885836
240.05691881400708,0.999668454329767,0.00016603839920051574
240.07735194380803,0.9997044659190214,0.0001660201000165021
240.09778487337462,0.9998044809752586,0.0001660335420096973
240.11821790270187,0.9997638426293549,0.00016604768057676956
240.13865093157074,0.9998309306007709,0.00016604640038694145
240.1590839604396,1.000181792980015,0.00016604675808704048
240.17951698906836,0.9995210150178737,0.00016603220534090618
240.19995001747156,0.9996672976406047,0.00016603154641967112
240.22038304564194,0.9995885656649546,0.00016602582321808662
240.2408160735722,0.9996777078430659,0.00016603218651458517
240.26124900127616,1.0000840141894916,0.00016607142056755268
240.28168202898087,0.9996479423752882,0.00016602710340791473
240.3021151562134,0.999946213953951,0.00016602849655566885
240.32254818321962,1.0000564849874278,0.0001660738868156039
240.34298111022508,0.9999038791306093,0.00016603205473033817
240.38384716329892,1.0000025061598516,0.00016605233067805696
240.40428018937382,0.9999087372250911,0.00016604097840649295
240.4247133154422,1.0001005934008185,0.0001660448001496563
240.44514624105068,1.0001815616421825,0.0001660685966194024
240.46557926665992,0.9996811779105529,0.00016602714106055672
240.48601229203632,0.9997751010705351,0.000166018970437242
240.50644541717338,0.9998526763570229,0.00016606549027643714
240.52687834185053,0.9998466615733788,0.00016604854658753564
240.54731136652117,0.9997412486343839,0.00016603529285755044
240.56774449096702,0.9997100180270005,0.00016606522670794313
240.5881774151785,0.9997030007794158,0.00016602217091181228
240.60861043939076,0.9998566862127857,0.00016602491955467852
240.6290433631293,0.999875733027659,0.00016606176266487882
240.64947648664383,0.9998987125856842,0.00016608343176035173
240.6699095099175,0.9999715068903009,0.00016609495346880476
240.69034253319842,0.9995972793899776,0.00016606471839727608
240.7107755560137,0.9997196571033534,0.00016606823891930338
240.73120857859612,1.0001988348670068,0.000166074959915901
240.7516416011713,0.9994850805412303,0.00016604867837178265
240.77207452352013,0.9998027073852097,0.00016606549027643714
240.79250764539756,0.9999282467156293,0.0001660334667044133
240.8129406672815,0.9998373309474692,0.0001660461556447684
240.83337358893186,0.9940674569552587,0.00016579113430047969
240.85380671011808,0.9916610037093093,0.00016564701881321186
240.87423973129626,0.9912300984400312,0.00016563235310915154
240.89467265224812,0.990838366377051,0.00016564841196096597
240.9151056729679,0.9917396585723487,0.000165659877190456
240.93553879344836,0.9945403885974353,0.0001657934311116419
240.95597171393456,0.9995034333426062,0.00016605406269958913
240.97640473395586,0.9997541264403913,0.00016603877572693576
240.99683785373782,0.9998458904472705,0.0001660380979793797
241.01727087329346,0.9997497310215744,0.0001660674105611793
241.03770379284833,0.9996067642411087,0.00016603992413251686
241.05813681193104,1.0001005934008185,0.00016603534933651347
241.07856993102178,0.9999643354174944,0.0001660684836614764
241.09900284964533,1.0001362965396294,0.00016606358881801598
241.11943586826237,1.0000030459481275,0.00016603864394268875
241.13986898665462,1.0000962750946123,0.0001660784992642493
241.16030190457968,0.9999108963781942,0.00016607021568300858
241.18073492249823,0.9999621762643914,0.00016607113817273766
241.20116794019123,1.0002980016845249,0.00016608661340860104
241.2216009576514,0.9997457982784224,0.00016602587969704962
241.24203397487145,1.000107225085349,0.00016606661985569724
241.26246699186595,0.9996360670332215,0.00016604771822941155
241.2829001086211,0.999945365715232,0.00016606460543935008
241.30333302538202,1.0001109264906687,0.00016607019685668757
241.32376604167803,0.9999984191914781,0.00016610129793898234
241.34419895774045,1.0001897355789298,0.0001660939933264337
241.3646320737971,1.0005695151872323,0.0001660886466512692
241.38506508939463,1.00020569788937,0.00016606803182977236
241.4054980049914,1.0000984342477155,0.00016608346941299375
241.42593112034956,1.000107225085349,0.0001660784616116073
241.4463641352486,0.9999557759176931,0.00016606902962478545
241.4667971501476,0.9998772752798754,0.00016609201656272852
241.48723006480577,0.9998564548749532,0.00016606968854602052
241.5076631792399,1.000064581811564,0.00016606910493006946
241.52809619343316,1.0001202571165784,0.00016609118820460443
241.5485291074001,0.9997996999933876,0.00016607000859347753
241.56896222113573,1.000234923568872,0.0001660807395964485
241.58939523463778,0.9998266894071756,0.00016605564411055327
241.60982814813178,1.0001431595619927,0.00016607238070992376
241.63026116116816,1.00011948599047,0.00016607239953624476
241.6506942739652,1.0001882704393241,0.00016609937765424017
241.671127186768,1.0001829496691772,0.00016607787799565626
241.69156019910588,1.000226595406903,0.00016606198858073082
241.71199321144377,1.0001691465118399,0.00016608439190272283
241.75285923518095,1.0003594604353507,0.00016607430099466593
241.77329214681959,0.9998709520457879,0.00016607531761600003
241.79372525821964,1.0002551270729074,0.00016608412833422881
241.81415826939337,1.0003377917917096,0.00016607253132049177
241.83459118033352,1.0000200878351193,0.000166086481624354
241.85502429103508,1.0001083046619008,0.00016607324672068984
241.87545730174315,1.0000641191358992,0.00016605336612571207
241.8958902119848,1.0002263640690705,0.00016605071161445082
241.9163232219871,1.0001243440849519,0.0001660794970592624
241.93675633199746,1.0004459807846942,0.00016604018770101088
241.95718924154062,1.0005877137633865,0.00016602522077581455
241.97762225107726,1.0002212746367563,0.00016607544940024703
241.99805536038912,1.0001823327682906,0.00016603410679932735
242.01848836923455,1.0002020735966612,0.00016601612766277074
242.03892127807194,1.0004842286396622,0.0001660887596091952
242.05935428668454,1.0003987107542596,0.0001660158264416347
242.07978739506507,1.0002376225102507,0.00016600261036429155
242.10022030320397,1.000368482610817,0.0001660470404818555
242.12065331111808,1.0000228638891089,0.00016600718516029495
242.14108641903294,1.0002690844554665,0.00016600148078503143
242.16151932647335,1.0003773505610618,0.0001660245806809005
242.18195233368897,1.0004271653076533,0.00016600249740636553
242.20238534090458,1.0003069467473804,0.0001659908815663075
242.22281834764726,1.0007322999086794,0.00016608028776474447
242.24325135439722,1.000085633554319,0.00016600084069011737
242.2636843606815,1.000557871182998,0.0001660064885864179
242.28411736695853,1.000213563375674,0.0001659998993740673
242.30455037301,1.0001841063583397,0.00016600594262310885
242.32498337882862,1.0002046183128186,0.00016598389700121587
242.34541628441366,1.0004881613828143,0.00016601281423027445
242.36584938976011,1.000363778741557,0.00016600579201254083
242.38628239488025,1.0004618659825235,0.0001660044176911077
242.40671529975953,1.0003887632274635,0.00016600607440735586
242.4271484046476,1.0002176503440476,0.0001660123812248914
242.44758140906924,0.9999725864668525,0.00016598881067099731
242.46801441348362,0.9998744221132749,0.0001659843676592409
242.50888042116276,1.0001664475704612,0.00016599850622631317
242.52931342487864,1.000280574234479,0.00016597109510293472
242.5497463283682,0.9999967998266509,0.00016600479421752774
242.57017943162646,1.0002926038017674,0.0001659772513099023
242.59061243464384,1.0001104638150038,0.00016598269211667177
242.61104533743492,1.000243560181284,0.00016601512986775765
242.63147833999392,1.0001583507463248,0.00016597278947182487
242.65191144231358,0.9999853100476382,0.00016596693448599336
242.67234434440616,1.0000205505107842,0.0001660245806809005
242.6927773464995,1.0002622214331032,0.00016598246620081974
242.71321044812066,0.9996738522125247,0.00016593521213510555
242.73364334974758,1.0001511792735183,0.00016602437359136948
242.75407635114243,0.9999664174579866,0.00016596043940524777
242.77450935206434,1.0001647510930232,0.00016596908068658756
242.79494235299353,1.000312267517527,0.00016600616853896085
242.8153753536899,1.0003316998954546,0.00016598442413820393
242.83580835415341,1.0000473856993506,0.0001659641481904851
242.8562414543776,1.000349358683333,0.0001660008783427594
242.8766743543747,0.999988471664682,0.0001659550550774413
242.8971073543653,0.9999167569366167,0.00016594967074963482
242.91754045389825,0.9999660318949325,0.00016595801080983858
242.93797335319687,1.0000831659507725,0.00016597090683972472
242.95840635248896,1.0003394882691476,0.00016595793550455457
242.9788393515555,1.0001639799669149,0.00016596439293265814
242.9992723501564,1.0002889023964479,0.00016598160019005366
243.01970534875,1.0000114512227072,0.00016594761868064564
243.04013834711805,1.0005503141471375,0.000165974220272221
243.06057134525327,1.0002407070146835,0.00016598969550808438
243.08100434314838,1.0000414480283173,0.00016596571077512825
243.10143734081794,0.9997070106351785,0.0001659502731919069
243.12187023848674,1.0000418335913714,0.00016598257915874577
243.14230333568412,1.0004672638652812,0.0001659931218985067
243.1627363326552,1.0002439457443382,0.0001659751615882711
243.1831692296255,1.0003037851303367,0.00016599366786181573
243.2036023263572,0.9999600171112883,0.0001659639034483121
243.22403522262903,0.9999540023276442,0.00016595458441941627
243.2444682189016,1.0001793253764686,0.00016599027912403544
243.26490121493407,1.0001322866838667,0.0001659899025976154
243.28533421074098,1.000127737039828,0.00016598472535933994
243.30576720631507,0.9998269207450081,0.00016597548163572814
243.32620020165632,1.0001672186965693,0.00016599029795035645
243.34663329699106,0.999913132643908,0.0001659686853338465
243.3670661918659,0.9999345699497167,0.00016598229676393074
243.38749918650137,1.000438655086666,0.00016599129574536954
243.40793208114337,1.0000739895500845,0.00016597819262595235
243.42836517555406,0.9999632558409429,0.00016597824910491538
243.44879816949833,0.9999476790935566,0.00016597774079424833
243.46923106343456,1.0003891487905177,0.00016598003760541052
243.48966415714676,0.9998007024573283,0.00016595744602020853
243.5100971506181,0.9997576736204892,0.00016596439293265814
243.53053014386387,1.0000249459296011,0.00016597365548259095
243.55096303687606,0.9999334132605544,0.00016597359900362795
243.57139612988976,0.9999593230977909,0.00016599460917786582
243.59182912242977,1.0000801585589503,0.0001659686288548835
243.6122620149763,0.9999154460222327,0.0001659640540588801
243.6326951070514,1.0001867281871075,0.00016599978641614128
243.65312809913303,1.0005010391888216,0.00016598574198067404
243.67356099098106,0.9998845238652927,0.00016596211494781694
243.69399398259702,1.0001188690895835,0.0001659998805477463
243.71442707397364,0.9999639498544403,0.00016596574842777027
243.73485996512318,0.9998108042093461,0.00016595136511852497
243.75529295604065,0.9997974637276738,0.00016598442413820393
243.77572604671877,1.0001688380613967,0.00016597892685247143
243.79615893740265,0.9998239904657968,0.0001659582178993696
243.81659192762163,0.9999273984769103,0.00016598201436911572
243.83702491783333,1.0001288166163795,0.00016597022909216867
243.85745800782024,1.0002233566772485,0.00016597689360980326
243.87789089733997,1.0002188841458206,0.00016600052064266036
243.89832388685318,0.9999077347611505,0.00016596815819685848
243.9187569761416,1.000344115025797,0.00016597305304031891
243.93918986519566,1.000077228279739,0.0001659818637585477
243.9596228542432,1.0003191305398904,0.00016598175080062167
243.98005584283237,1.0002656915005903,0.00016596232203734795
244.0004888311887,1.0002928351395999,0.00016597711952565526
244.02092181953776,1.0003919248445072,0.00016597834323652037
244.04135480742843,1.000000269894138,0.00016595080032889492
244.0617877953191,1.0005031983419246,0.00016598572315435303
244.08222078296967,1.0001397666071163,0.0001659763852991362
244.10265377039468,1.0001502539221883,0.00016596036409996376
244.1230866575861,1.000382439993376,0.0001659763288201732
244.14351974453893,1.00036686324599,0.0001659899214239364
244.16395273126545,1.0002619900952707,0.0001659684970706365
244.1843856179912,1.0003633931785028,0.00016596783814940144
244.20481870424555,1.0001750841828734,0.00016599513631485388
244.2252516905064,1.000261835870049,0.00016597150928199676
244.24568457630085,1.0002372369471966,0.00016597228116115785
244.26611756208877,1.0001040634683054,0.00016599063682413447
244.2865506476519,1.000251348554977,0.00016597446501439404
244.30698363298143,1.000208705281192,0.00016597668652027224
244.3274165180701,1.0001659848947961,0.00016600571670725682
244.34784960293473,0.997737708779984,0.00016587685054000032
244.36828258756577,0.9925226600226441,0.00016562999981902635
244.38871547218878,0.9917752845985488,0.00016561563533610207
244.40914845635416,0.9913356656042477,0.00016558412007474526
244.4295815405203,0.9915872069407519,0.00016559560413055628
244.45001442444482,0.9931434165397682,0.00016568263821254702
244.47044740814454,0.998600984458146,0.00016591262054990353
244.4908804916122,1.0005186208640893,0.00016598845297089828
244.5113133748382,1.0008438818565402,0.00016602021297442812
244.53174635783944,1.0004351850191788,0.00016599963580557326
244.55217934060784,1.0006543390591374,0.00016598171314797968
244.57261232313613,1.000245333771333,0.00016597721365726027
244.5930453056717,1.0002157996413878,0.0001659809036161766
244.6134782877416,1.0004977233465562,0.00016597009730792163
244.63391126980423,1.0003522118499335,0.00016596427997473212
244.6543442516413,1.0001371447783485,0.0001659820520217577
244.6747771332448,1.0002629925592115,0.000165974088487974
244.69521011460893,1.0006404587891893,0.00016598485714358697
244.73607617665402,1.0002115584477926,0.00016596665209117834
244.75650905755174,1.0003405678456991,0.00016596810171789545
244.7769421379926,1.0001546493410052,0.00016597706304669226
244.79737501843192,1.0004093522945532,0.00016596923129715558
244.8178079986319,1.0003230632830424,0.00016596870416016752
244.83824097860634,1.0002720918472885,0.0001659887918446763
244.85867405811587,1.0004944075042908,0.00016597591464111115
244.87910693784943,1.000376810772786,0.00016596795110732746
244.89953991712537,0.9998623925459866,0.00016596354574821307
244.91997299616924,1.0004373441722818,0.00016597013496056365
244.94040587497147,1.0003048647068882,0.00016596348926925004
244.96083885378175,1.0003552192417555,0.00016597431440382602
244.98127173235844,1.0002360031454234,0.00016596877946545153
245.0017048104637,1.0001575796202165,0.00016594680914884256
245.0221377885755,1.0001461669538148,0.0001659572201043565
245.04257076645445,1.0001676813722344,0.00016595578930396037
245.0630037440933,1.0004540004962197,0.00016596708509656138
245.08343672173942,1.0005588736469389,0.00016596783814940144
245.10386969891988,0.9998254556054025,0.00016594494534306341
245.12430257585947,1.000348896007668,0.0001659459431380765
245.14473565280787,0.9999393509315878,0.0001659312397813742
245.16516862952267,1.0002936062657082,0.00016597124571350274
245.18560150577105,0.999866171063917,0.00016591732713015393
245.20603458201367,1.000428090658983,0.00016594908713368377
245.22646755802998,1.0003090287878726,0.0001659707750554777
245.24690043403825,1.0000351247942298,0.00016592536596922165
245.2673334095889,0.9998623925459866,0.0001659212806575643
245.28776648490748,1.0002899819729993,0.00016595855677314762
245.30819936022453,0.9999577037329637,0.00016592898062285397
245.32863233506941,0.9999839220206435,0.00016592638259055575
245.34906540992233,1.0002270580825678,0.00016594903065472077
245.36949838453438,0.9997259032248301,0.00016592160070502131
245.38993125892011,1.000129896192931,0.00016592792634887788
245.41036423307378,1.0000133790379777,0.00016593886444137986
245.4307973069881,0.9999662632327649,0.0001659212618312433
245.45123018090817,0.9999584748590719,0.0001659135806922746
245.47166315436334,1.0003800495024404,0.0001659495766180298
245.492096227812,1.000184800371837,0.00016593664293550165
245.51252910103358,1.0003033224546718,0.0001659313527393002
245.5329620740231,1.000121722256184,0.000165985346627933
245.55339504677977,1.001309719138521,0.00016617456998032086
245.57382801929634,0.9999647209805486,0.00016594797638074468
245.59426099158736,1.000280111558814,0.00016595659883576343
245.61469396363827,1.0002528908071937,0.00016596772519147544
245.63512693569646,1.0002825020497497,0.0001659775713573593
245.655559907289,1.0005155363596563,0.00016596043940524777
245.67599287888152,1.000444284307256,0.0001659560905250964
245.6964259502347,1.0004317920643027,0.0001659584626415426
245.7168588213608,1.0003739576061854,0.00016597049266066268
245.73729179224756,1.0004663385139514,0.00016596891124969854
245.757724662908,1.0001411546341112,0.0001659392597941209
245.77815773356997,1.0004154441908082,0.00016599812969989315
245.7985907037655,1.0002333813166555,0.0001659604958842108
245.81902367395378,1.0003279213775242,0.00016596764988619143
245.8394566439165,1.0005284141656636,0.00016598056474239858
245.8598896136391,1.0002429432803974,0.0001660044176911077
245.88032258313615,1.0002558981990157,0.00016596780049675945
245.9007554523996,1.000286203455069,0.00016598109187938664
245.92118852143176,1.0003619280388971,0.0001660155628731407
245.96205435902084,1.0003354784133849,0.00016599507983589088
245.98248742758005,1.0004550800727712,0.0001660155628731407
246.00292039568012,1.0005955021370796,0.0001660053590071578
246.02335326377943,1.0004437445189802,0.00016598792583391022
246.04378623164666,1.0006595056040626,0.00016602318753314638
246.06421929927455,1.0000957353063367,0.0001659911827874435
246.0846521669082,1.0003816688672678,0.00016597664886763022
246.10508513406967,1.0004598610546422,0.00016599901453698022
246.1255181012384,0.9998957051938621,0.00016594805168602868
246.14595116794226,1.0004718906219305,0.00016600942549249416
246.16638403464458,1.0008216734246231,0.00016601076216128527
246.20724996734498,1.0003131157562464,0.00016615973483937154
246.2276829333423,1.0004452096585859,0.00016619030878467825
246.24811579934612,1.0006699158065238,0.00016620408965165148
246.26854886488582,1.0003642414172218,0.00016617801519706418
246.28898183042475,1.00042778220854,0.00016619817818685698
246.3094146957228,1.0004108945467696,0.00016622924161650973
246.32984766079608,1.0003232946208749,0.0001661436195085941
246.35028072563,1.0001507937104641,0.00016614405251397715
246.37071359023685,1.0003116506166407,0.00016616741597834023
246.39114655461162,1.000357224169637,0.000166187409531244
246.41157961898716,1.0004764402659692,0.00016620614172064066
246.432012582889,1.000627041194906,0.00016621386051225137
246.45244544679736,1.0002154140783337,0.0001661852633306498
246.47287841047364,1.0002137947135064,0.00016614303589264305
246.49331147391058,1.0004826863874459,0.00016616662527285816
246.51374433712044,1.0002977703466924,0.0001661288596729288
246.53417730009824,1.0003421100979157,0.00016611379861612745
246.55461036283668,1.0002406299020727,0.00016618916037909717
246.57504322558088,1.0003695621873685,0.00016616982574742844
246.59547618809302,1.0003160460354574,0.00016615933948663052
246.6159091501322,1.0005005765131567,0.00016624767258477039
246.63634211217868,1.0005074395355198,0.00016615391750618203
246.65677507399232,1.0004785994190721,0.00016614085203940686
246.67720803579869,1.0002103246460194,0.0001661997784241421
246.69764109714743,1.0006307426002257,0.00016615013341566068
246.71807395849464,1.0001907380428703,0.00016613149535786903
246.73850691936968,1.0003652438811625,0.00016620708303669075
246.75893978025124,1.0004248519293286,0.00016614113443422189
246.7793728409015,1.000392927308448,0.000166142395797729
246.79980580131087,1.0004124367989862,0.00016623477655488422
246.82023866149393,1.0004067304657853,0.0001661391011915537
246.8406717214457,1.0009596278853852,0.0001661860916887739
246.8611046813894,1.000485231103603,0.00016621491478622746
246.88153764110757,1.0003264562379186,0.0001661446173036072
246.9019705003593,1.0005301877557127,0.00016614834491516552
246.9224035596053,1.0006556499735215,0.00016622636118939648
246.94283651862497,1.000379895277219,0.00016616848907863733
246.96326937764388,1.0002948400674812,0.00016614550214069426
246.98370243619138,1.000195673249963,0.00016616835729439032
247.00413539451256,1.0007167231612932,0.0001661838890092167
247.02456825283298,1.0005004994005458,0.00016616922330515638
247.04500121091405,1.0006008229072263,0.0001661882378893681
247.06543426877033,1.000269624243742,0.00016616444141962197
247.08586712639226,1.0004344138930708,0.00016615726859132033
247.10630008377484,1.0005160761479321,0.00016617187781641762
247.12673314093263,1.0003636245163352,0.00016616969396318144
247.14716609808966,1.000294068941373,0.0001661458410144723
247.16759895500581,1.000535662751081,0.0001661718401637756
247.18803191146435,1.000847429036638,0.0001661852633306498
247.20846496792365,1.0004413540280448,0.00016616361306149788
247.2288978241413,1.0006889626213968,0.00016618046261879439
247.24933078036702,1.000598817979345,0.00016617773280224913
247.26976383612782,1.000597507064961,0.0001661603749342856
247.29019669187983,1.0004745124506986,0.000166164855598684
247.3106296471742,1.0003795868267755,0.00016618036848718937
247.3310626024686,1.0003690995117036,0.00016615551774346716
247.35149555752287,1.000239704550743,0.00016615235492153889
247.3719285123516,1.0003686368360387,0.00016617347805370275
247.39236146694748,1.000527026138669,0.00016616312357715184
247.4127944215361,1.0007258224493703,0.00016617760101800212
247.43322737566632,1.0005158448100997,0.00016618189341919052
247.45366032979655,1.0004797561082346,0.0001661560825330972
247.4740931836859,1.0005215511433005,0.00016616005488682856
247.49452623735124,1.0001883475519349,0.00016617223551651666
247.51495919078297,1.0003438065753538,0.00016615544243818315
247.53539204421395,1.0003391798187045,0.00016612381421890035
247.5558250971735,1.0003452717149595,0.0001661582852126544
247.5762580501396,1.0004856937792679,0.00016615011458933967
247.5966909028648,1.0005065912968008,0.00016615416224835503
247.61712385513238,1.0006470133611094,0.00016618368191968568
247.6375568076328,1.000531344444875,0.0001661413603500739
247.65798975966027,0.9998367140465826,0.00016613057286813995
247.6784227114622,1.0004688061174976,0.00016617345922738177
247.7192886145931,1.000670224256967,0.0001661460104513613
247.73972156592936,1.0004228470014471,0.000166164987382931
247.76015441703203,1.0006238024652516,0.00016615837934425942
247.78058746812894,1.0004811441352293,0.000166153804548256
247.8418863195693,1.0003362495394932,0.00016613825400710861
247.86231926974142,0.9991566579317357,0.0001661190135070449
247.8827522196807,0.9936296115510064,0.00016581446011220078
247.90318506938638,0.991630698453256,0.0001656441383860986
247.92361811885348,0.9914268127102404,0.0001656405802114293
247.9440510683271,0.9913490831985309,0.00016563440517814075
247.96448391732702,0.9920837350418403,0.0001656787035114577
247.98491696633573,0.9962199012611574,0.00016593396959791942
248.00534991511086,1.0001868824123292,0.0001661459539723983
248.0257827636524,1.0006830249503635,0.00016613094939455997
248.04621581195534,1.0006982161346958,0.00016614811899931352
248.06664876003197,1.0003941611102212,0.00016614279115047004
248.08708160810056,1.0004958726438964,0.00016612080200754007
248.10751455594436,1.000336326652104,0.00016611029692042113
248.12794760332326,1.0006099993079143,0.0001661344699165873
248.14838045070064,1.0003609255749564,0.00016611940885978595
248.1688133980715,1.0001205655670216,0.00016610173094436538
248.18924644498475,1.000309799913981,0.00016613200366853606
248.20967939165712,1.0003100312518134,0.00016610901673059302
248.25054518478282,1.0002959967566436,0.0001661278995305577
248.2709782309903,1.0001083046619008,0.00016609427572124872
248.2914110769707,1.0006862636800182,0.00016611854284901987
248.31184402271901,1.0003556048048097,0.00016611361035291742
248.33227706846083,1.0005092131255688,0.00016610122263369833
248.35270991397556,1.0002610647439407,0.00016610244634456344
248.3731428590254,1.0002141802765605,0.00016612360712936933
248.39357580407523,1.0002806513470899,0.00016611169006817525
248.41400874888495,1.0003656294442167,0.0001660716653097257
248.43444169370196,1.0007356157509448,0.0001661379527859726
248.45487463804602,1.0005351229628052,0.00016610417836609558
248.47530758239736,1.0002658457258118,0.00016608819481956516
248.49574052651587,1.0008420311538804,0.00016613659729086049
248.51617347040155,1.0006059123395408,0.00016612149858141712
248.53660631404637,1.0003364808773256,0.00016608698993502105
248.55703935746715,1.000713715769471,0.0001661132150001764
248.57747230064706,1.001562185826355,0.0001661716330742446
248.5979051438335,1.0002808826849223,0.00016610336883429253
248.6183381867886,1.0002128693621766,0.00016611886289647689
248.63877112951013,1.0002572862260104,0.00016609156473102447
248.65920407199155,1.000183103894399,0.00016609676079562094
248.67963691424666,1.0005887162273273,0.00016613761391219456
248.700069956496,1.0003997132182003,0.00016611835458580986
248.7205028982862,1.0002118668982358,0.000166097513848461
248.74093574007566,1.0003360953142715,0.00016612820075169373
248.7613687816338,1.0003704875386985,0.0001660852390871679
248.78180172295106,1.0005410606338387,0.00016608209509156062
248.80223456427484,1.0005847834841752,0.00016611125706279223
248.82266750513372,1.000209167956857,0.00016610496907157766
248.8431005459861,1.0001879619888807,0.00016606449248142405
248.86353338637855,1.0000318089519644,0.00016606596093446217
248.88396632677177,1.0003135784319113,0.00016609779624327602
248.90439936715848,1.0007887463398017,0.00016612486849287644
248.92483220708527,1.0006182503572723,0.00016611409983726349
248.94526514678,1.000849588189741,0.0001661220445447262
248.96569808646746,1.0004856937792679,0.0001660954994321138
248.98613112593011,1.0002323788527148,0.00016609367327897665
249.00656396515842,1.000781189303941,0.00016612853962547175
249.02699690414738,1.0003642414172218,0.00016609154590470346
249.04742984314362,1.0002712436085694,0.00016608235866005466
249.0678627816742,1.0007968431639382,0.00016611923942289693
249.0882957201975,1.0005014247518758,0.0001660796100171884
249.10872855849448,1.0005190835397542,0.00016610276639202046
249.12916159656015,1.0005646570927504,0.0001661299327732259
249.14959453438496,1.0004575476763176,0.00016610865903049398
249.17002737198345,1.000535277188027,0.00016608992684109732
249.19046040958347,1.0005167701614295,0.00016613064817342396
249.21089324694185,1.0005062057337468,0.00016610705879320885
249.23132618407544,1.0005227078324628,0.00016610943090965505
249.2517591209762,1.0005934200965874,0.00016612548976146948
249.27219215763762,1.000694129166322,0.0001660997918333022
249.2926249943048,1.0007497273587254,0.00016608651927699602
249.31305793050706,1.0007221981566616,0.00016611298908432437
249.3334909667028,1.0007379291292695,0.00016610030014396925
249.3539238026715,1.0003856787230305,0.00016610468667676263
249.3743567384081,1.0005944996731388,0.00016611445753736252
249.39478967413743,1.0004848455405488,0.00016610013070708022
249.41522260940837,1.0007127904181412,0.00016607339733125785
249.43565554467932,1.0003212896929934,0.0001661122736841263
249.45608847971016,1.000402026596525,0.00016608811951428115
249.47652141451545,1.0004972606708913,0.00016610062019142626
249.4969543490879,1.0005611099126526,0.00016611575655351162
249.51738728365308,1.0005293395169936,0.00016608458016593284
249.5378201177591,1.0008010843575335,0.00016610062019142626
249.55825315186667,1.0003930815336697,0.0001661109746679772
249.57868608573335,1.0006933580402138,0.0001661190135070449
249.59911891937372,1.0004706568201573,0.00016607932762237337
249.61955195301562,1.0003243741974264,0.00016611598246936364
249.6399848861838,1.0012190347081933,0.00016610944973597606
249.66041771935852,1.0005985866415126,0.00016610235221295843
249.68085065230116,1.0001710743271106,0.00016609800333280703
249.70128368500446,1.0006625129958846,0.00016610159916011837
249.72171661748143,1.0005685898359025,0.00016609583830589185
249.74214944995765,1.0003688681738712,0.00016610267226041544
249.76258248196245,1.0006581946896786,0.00016611024044145813
249.78301541397377,1.0007181883008989,0.00016609105642035742
249.8034482457515,1.0006632070093822,0.00016610743531962887
249.82388117728988,1.0009791373759234,0.00016612183745519517
249.8443142088363,1.0004759004776933,0.0001660549287103552
249.86474703991553,1.0007225837197158,0.0001661008649335993
249.88517997098825,1.0007828857813792,0.00016609892582253612
249.90561300183617,1.000377659011505,0.0001660684648351554
249.92604583244974,1.000763376290841,0.0001661166037379567
249.94647876282397,1.0008941592787965,0.00016612051961272504
249.96691169320547,1.0008690976802792,0.0001660672411242903
249.98734462335415,1.0003384086925962,0.00016607819804311327
250.0077775532627,1.0002973847836385,0.00016604967616679574
250.02821048294572,1.0006160912041693,0.00016604065835903594
250.04864351239667,1.0006617418697765,0.00016608680167181104
250.06907634160598,1.000581853204964,0.00016605637833707232
250.08950927082333,1.0005153050218238,0.0001660538179574161
250.1099422998086,1.0006883457205105,0.00016608412833422881
250.13037512855226,1.000485231103603,0.00016606102843835975
250.15080805707112,1.0008398720007774,0.00016607912053284235
250.17124088535638,1.0006387623117512,0.00016610830133039495
250.1916739136359,1.000478213856018,0.00016606409712868303
250.2121068416891,1.0003751142953479,0.00016606690225051226
250.23253976950946,1.0007566674936994,0.00016610131676530335
250.25297269708972,1.000443358955926,0.00016607364207343086
250.27340562444442,1.0008263772938832,0.00016608538969773592
250.29383855179913,1.0006325161902745,0.00016609244956811153
250.31427137891296,1.0006534908204183,0.0001660829046233637
250.33470440556994,1.0005529359759053,0.00016607093108320662
250.35513733245898,1.0007666150204955,0.00016609500994776776
250.3755701588816,1.0005833183445696,0.00016607985475936143
250.39600318506564,1.0008907663239204,0.00016608804420899714
250.4164361112562,1.0005885620021056,0.00016606806948241438
250.43686893720587,1.0004540004962197,0.00016606677046626526
250.45730186293076,1.000562189489204,0.000166075279963358
250.47773488842358,1.0007966118261056,0.00016608226452844964
250.49816771391488,1.0005775348987578,0.0001660920542153705
250.51860063916683,1.0003318541206763,0.00016607326554701085
250.5390335639604,1.0005375134537409,0.00016606763647703134
250.5594664887467,1.000642849280125,0.00016607561883713603
250.57989941354026,1.000865242049738,0.00016606332524952196
250.6003322378674,1.0006356006947075,0.0001660728701942698
250.62076526219607,1.0008192829336875,0.00016607927114341037
250.64119818628387,1.0007477224308439,0.000166075072873827
250.66163111014612,1.0005915693939276,0.00016606663868201825
250.70249695739767,1.0003373291160447,0.0001660404889221469
250.72292988056142,1.0003537541021499,0.0001660570937372704
250.74336270372442,1.0010408274645817,0.00016609113172564143
250.76379572664882,1.0009048008190902,0.00016606176266487882
250.78422864934691,1.0008392550998908,0.00016607644719526013
250.80466147203697,1.006934467197163,0.00016704193624151014
250.82509449427016,1.0012058484517425,0.00016610028131764824
250.8455274165026,1.0009080395487446,0.00016606326877055894
250.86596023850143,1.000678860869379,0.00016606012477495168
250.88639316049375,1.0010592573785684,0.00016605302725193404
250.90682618202845,1.0016168586674286,0.00016609789037488103
250.92725900355435,1.0009533817639085,0.00016602418532815947
250.94769192485546,1.0010725978602406,0.00016596292447962
250.9681249459245,1.000699372823858,0.0001660491866824497
250.9885577667592,1.0005648884305829,0.00016604886663499266
251.00899068735453,1.0010099053076418,0.00016604086544856695
251.02942360795714,1.001118634088902,0.00016607571296874105
251.04985652831965,1.0007162604856283,0.00016606778708759935
251.0702894484566,1.0007536601018774,0.00016605914580625957
251.09072236836073,1.0005816218671315,0.00016602689631838372
251.11115538825834,1.0008906892113096,0.00016608693345605805
251.13158820792887,1.0006940520537113,0.00016606549027643714
251.1520211271345,1.000403723073963,0.0001660247312914685
251.1724539465722,1.000725436886316,0.00016605291429400802
251.1928869655385,1.0008990944858893,0.00016604724757138652
251.21331988427846,1.0007861245110337,0.00016600373994355165
251.23375280301843,1.0005825472184613,0.00016599246297727162
251.2541857215183,1.0007983854161546,0.00016602668922885267
251.2746186397926,1.0006247278165814,0.0001660167301050428
251.29505155805964,1.000578306024866,0.0001660538932627001
251.31548437586753,1.0005969672766852,0.00016601580761531372
251.33591739367694,1.0007779505742864,0.0001660292684348299
251.35635031125275,1.0008361705954578,0.0001660629298967809
251.3767831285877,1.0002882854955613,0.00016604408474945822
251.39721614593145,0.9963498360103941,0.00016582963412692812
251.4176490628015,0.9924986780006783,0.00016565712854758977
251.43808187967807,0.9914204123635421,0.0001656113805875557
251.45851479632256,0.9918804661997113,0.00016562791009739516
251.478947812735,0.9919834886477706,0.0001656429899805175
251.4993806291386,0.9943627211420994,0.0001657395501809351
251.51981354508462,1.0001489430078043,0.00016598333221158582
251.5402465610241,1.0008437276313185,0.00016605673603717135
251.56067947673728,1.0008111089969403,0.00016601418855170756
251.5811122924497,1.0011264995752058,0.00016604785001365856
251.6015452076972,1.0006294316858417,0.00016602633152875364
251.6219782229382,1.0012106294336136,0.00016603124519853508
251.64241103795212,1.0006266556318522,0.00016599967345821528
251.66284395273397,1.000786047398423,0.00016602375232277643
251.68327696727647,1.0008920772383043,0.00016603403149404334
251.70370978182473,1.0007033826796208,0.0001659920676245306
251.72414269614092,1.0009156736972162,0.00016604500723918733
251.744575610217,1.000741244971535,0.0001660165230155118
251.76500852406753,1.000751655173996,0.0001660311510669301
251.78544143768522,1.0011075298729435,0.00016606330642320095
251.80587435129564,1.000716337598239,0.0001660144332938806
251.82630736468127,1.0011593495474165,0.0001660145839044486
251.84674017783254,1.0009946370106988,0.00016602200147492326
251.86717309074447,1.0009105842649018,0.00016600421060157668
251.88760590366292,1.0008316209514192,0.00016600383407515664
251.90803891611722,1.000919606440368,0.00016605261307287198
251.9284718285635,1.0008396406629447,0.00016600854065540707
251.94890464101627,1.0012602899549836,0.00016601714428410484
251.9693376530049,1.0008035519610796,0.000166018989263563
251.98977056498552,1.0009386532552413,0.00016604099723281396
252.01020337650698,1.0008126512491569,0.00016601825503704393
252.0306362880292,1.0008071762537885,0.00016604512019711333
252.05106919954414,1.0009655655564185,0.00016603629065256353
252.07150221060147,1.0013350891874817,0.00016603517989962445
252.09193502165726,1.0007389315932103,0.00016603101928268306
252.11236803247448,1.0008653191623489,0.00016603211120930117
252.13280084306462,1.0008047857628528,0.0001660392275586398
252.15323375342268,1.00087480401348,0.00016604839597696763
252.1736665637727,1.0006115415601309,0.00016601017854533422
252.1940995738987,1.0009008680759381,0.00016601712545778383
252.21453248379112,1.0012181864694742,0.00016605647246867734
252.23496539344342,1.0012190347081933,0.00016603216768826417
252.25539830287016,1.0012220421000155,0.00016601631592598077
252.2758312122969,1.0011126193052577,0.00016604485662861931
252.29626412148355,1.0010266387441902,0.0001660359894314275
252.31669693044387,1.0011227210572755,0.00016600793821313503
252.3371299394057,1.0010047387627166,0.0001660535920415641
252.35756284789386,1.001119482327621,0.00016601605235748673
252.37799565638852,1.0011493249080095,0.00016600539665979978
252.39842866465187,1.0010614936442823,0.00016600242210108152
252.41886157267436,1.0009596278853852,0.00016603438919414237
252.43929438070336,1.0012548149596152,0.00016603284543582024
252.4597272885003,1.001350665934868,0.0001660504480459568
252.48016029582504,1.0015458379528608,0.00016604346348086517
252.50059310338838,1.0014139753883535,0.00016603792854249068
252.52102601048682,1.0010309570503964,0.00016604131728027098
252.54145901757875,1.0009566204935632,0.0001660268210130997
252.56189192444435,1.0011118481791497,0.000166018857479316
252.58232473107637,1.0013738768307257,0.00016605922111154357
252.60275763746904,1.001224818154005,0.00016603116989325108
252.62319064363692,1.0013121867420673,0.0001660022338378715
252.64362344980327,1.0011972118393304,0.0001660338620571543
252.66405635573028,1.0014954063053825,0.00016602612443922262
252.6844893614325,1.0012986149225624,0.00016600786290785102
252.7049221671332,1.0009433571245017,0.0001660324877357212
252.72535507259454,1.0015850882717696,0.00016604077131696194
252.74578797783033,1.0009339493859812,0.0001659931972037907
252.7662208828333,1.0011062960711703,0.00016603742023182363
252.78665378759615,1.0012845804273929,0.0001660223591750223
252.80708669236628,1.0010882517202377,0.0001660200435375391
252.82751959690358,1.0013293057416701,0.0001660269904499887
252.84795250120078,1.001624955491565,0.00016603551877340247
252.86838540527242,1.0014290894600748,0.00016599942871604225
252.8888182093433,1.0012532727073986,0.00016604434831795227
252.90925121294276,1.001166521020223,0.00016600507661234277
252.92968411654874,1.0011693741868235,0.00016601415089906557
252.95011691992113,1.0012221192126263,0.00016602761171858176
252.97054992328776,1.001416828554954,0.00016603314665695627
252.99098282642808,1.0012356910321312,0.00016601588292059773
253.0114156293348,1.0012368477212934,0.00016600761816567799
253.0318485320022,1.001289284296653,0.0001660124941828174
253.05228153444477,1.001315348359111,0.0001660123623985704
253.0727144368866,1.0010043531996624,0.00016601157169308833
253.09314723909483,1.0011710706642616,0.00016600718516029495
253.11358024106448,1.0013630810652105,0.00016601081864024827
253.13401314280782,1.0015833917943313,0.00016605521110517023
253.1544459445431,1.0011527949754966,0.00016602149316425623
253.17487884605362,1.0013668595831409,0.00016602753641329777
253.19531184733205,1.0010178479065566,0.000166030153271917
253.21574464837613,1.0011906572674105,0.0001660314711143871
253.2361775494137,1.0012874335939932,0.00016600016294256132
253.25661054999364,1.000941043746177,0.00016603105693532508
253.27704335056478,1.0015405942953248,0.00016603629065256353
253.29747625114396,1.0015191569895159,0.00016601889513195799
253.31790915125748,1.001205694226521,0.00016604127962762899
253.3383421513645,1.0013070201971424,0.0001660324877357212
253.3587749512444,1.001368016272303,0.00016599901453698022
253.37920785089227,1.0012136368254358,0.00016603197942505416
253.39964085053361,1.0013961623752534,0.00016600279862750156
253.42007364971505,1.0013988613166322,0.0001660120423511134
253.44050654889725,1.0013827447809702,0.0001660458355973114
253.46093934784585,1.0013894535781118,0.00016601966701111905
253.4813723467887,1.0012440963067109,0.0001660100279347662
253.50180524550524,1.0016343632300853,0.0001660582609691725
253.52223804375535,1.001496023206269,0.00016603510459434044
253.54267104223254,1.0015402858448814,0.00016602318753314638
253.56310394025058,1.001348892344819,0.00016604649451854646
253.58353673826787,1.0015089010122766,0.00016602857186095286
253.6039696360458,1.001698906485344,0.00016602964496124995
253.62440263359895,1.0013286888407835,0.00016603113224060908
253.64483543091774,1.0014313257257887,0.00016602764937122377
253.6857013253175,1.0016212540862455,0.00016605210476220496
253.70613412217062,1.0015469175294123,0.00016602491955467852
253.7265670187844,1.0018197419465036,0.00016604579794466938
253.7469998154047,1.001665825175301,0.00016605747026369043
253.7674328117937,1.001843029954972,0.00016604346348086517
253.78786570794182,1.0011788590379547,0.00016599238767198762
253.8082986038644,1.0014178310188948,0.00016604378352832222
253.82873149978695,1.0016246470411216,0.00016603751436342865
253.84916439523658,1.001731525119722,0.00016601023502429722
253.86959729092632,1.001579690389012,0.00016606565971332617
253.89003008614964,1.0016360597075233,0.0001660290613452989
253.9104630813672,1.0016615839817058,0.00016603420093093236
253.9308959761256,1.0016304304869335,0.000166063871212831
253.95132877088326,1.0015251717731601,0.00016603566938397049
253.97176176563516,1.0015181545255754,0.00016600599910207185
253.99219465992792,1.0015606435741387,0.00016606686459787027
254.0126274542199,1.0018380176352686,0.0001660615932279898
254.03306034827256,1.0016512508918556,0.00016605227419909396
254.05349334233324,1.001608838955903,0.00016606112256996477
254.0739262359275,1.0014971798954315,0.0001660446307127673
254.09435902951373,1.001263991360303,0.00016601328488829949
254.11479202287592,1.0016405322389512,0.00016605223654645197
254.13522491623007,1.002016301991491,0.0001660605013013717
254.15565770912508,1.0014688795672595,0.00016602026945339112
254.17609060202085,1.0013468874169376,0.00016606021890655667
254.19652359468455,1.0012728593105478,0.00016603939699552883
254.21695638733945,1.0010207010731569,0.00016601738902627785
254.23738927953673,1.0011306636561903,0.00016604628742901542
254.2578222717275,1.0011716104525372,0.00016601940344262504
254.27825506369118,1.0008781198557455,0.00016601641005758576
254.29868795565562,1.0013700983127953,0.00016606155557534778
254.3191208471544,1.0014113535595857,0.00016602057067452715
254.33955373864592,1.0016929688143108,0.00016604777470837458
254.35998662991187,1.0014775932922824,0.0001660603318644827
254.38041952117783,1.0013113385033483,0.00016602768702386576
254.4008525119716,1.0014006349066813,0.0001660111763403473
254.42128530277114,1.0015525467500022,0.00016603489750480942
254.44171819357143,1.0014111222217532,0.00016600575435989881
254.46215098389803,1.0018245229283744,0.00016603732610021864
254.48258397423342,1.0015224728317813,0.00016604860306649864
254.50301686433522,1.0017771757853293,0.00016604630625533643
254.52344965419616,1.0019201425657949,0.0001660460050342004
254.54388264383306,1.001466026400659,0.0001660404700958259
254.5643155334692,1.001485150328143,0.0001660213049010462
254.58474842286523,1.001622333662797,0.0001660291931295459
254.60518121203495,1.0016349030183611,0.0001660573196531224
254.6256142012062,1.001770389875577,0.00016603544346811846
254.64604709013656,1.0011389147055483,0.00016602849655566885
254.66647987884062,1.0012473350363653,0.00016603551877340247
254.68691286731337,1.0016776234047569,0.00016603491633113043
254.70734575577808,1.0012734762114344,0.0001660088418765431
254.72777854378364,1.0014376489598762,0.00016603758966871266
254.7482114320228,1.0013940803347612,0.00016599716955752205
254.76864441978978,1.0014681084411512,0.00016600003115831431
254.7890772075625,1.0015707453261564,0.00016600153726399445
254.80951009487035,1.0014822200489317,0.00016601147756148334
254.82994308217167,1.0014067268029363,0.00016602249095926932
254.85037586947874,1.001309333575467,0.00016600869126597508
254.87080875655374,1.0011579615204216,0.00016596427997473212
254.89124164338864,1.001378580699986,0.0001660021397062665
254.91167462999874,0.9997690862868909,0.0001659304114232501
254.9321074163745,0.993866655716676,0.00016562410718055283
254.95254030274373,0.9927541520803344,0.0001655947381197902
254.9729731888874,0.9920410917680553,0.00016557873574693876
254.99340607479826,0.9927846886742202,0.00016559620657282832
255.01383886070107,0.9931185862790832,0.00016560742706014532
255.03427184637985,0.9986469435741965,0.00016588682849013123
255.05470473182504,1.0007841195831524,0.00016597551928837013
255.07513761703012,1.0011605062365787,0.00016598466888037694
255.09557040224172,1.001116474935799,0.00016600415412261368
255.116003387222,1.0011361386515587,0.0001659762346885682
255.13643627196143,1.001472195409525,0.000166019234005736
255.15686905647453,1.0010288750099041,0.00016599364903549475
255.17730204098916,1.0010666601892073,0.00016598176962694268
255.19773492526292,1.0014698049185893,0.00016598596789652606
255.21816770931036,1.0012703917070014,0.00016596164428979188
255.23860059312574,1.0011803241775603,0.00016596356457453405
255.2590335769346,1.0015645763172907,0.00016598587376492104
255.27946636051638,1.0014670288645997,0.00016601181643526136
255.29989924409892,1.0014337933293351,0.0001659751239356291
255.3203322272093,1.001443432405688,0.0001660067145022699
255.3407650103254,1.0015004957376967,0.00016601155286676735
255.36119789320946,1.0012777945176403,0.0001659844429645249
255.38163077608624,1.0013999408931837,0.0001660008218637964
256.34197597548336,1.0014307088249021,0.00016592109239435427
256.3624087502176,1.001741241308686,0.00016597578285686414
256.38284162471246,1.0015977347399445,0.00016597245059804685
256.40327459921537,1.0013110300529051,0.00016593076912334913
256.4237073734839,1.0015959611498955,0.00016600614971263986
256.44414024751313,1.0014356440319947,0.00016595021671294386
256.46457322131755,1.0015466090789689,0.00016597113275557674
256.48500609511393,1.0016737677742158,0.00016599063682413447
256.505438868684,1.0018350873560573,0.0001659727706455039
256.525871742022,1.0014318655140644,0.00016596556016456023
256.54630461512716,1.0016692952427881,0.0001659952116201379
256.56673748822504,1.0016609670808192,0.00016594279914246922
256.5871702610966,1.001579613276401,0.00016596646382796833
256.6076032339697,1.0015411340836005,0.00016597339191409694
256.62803610660194,1.0013156568095545,0.00016594801403338667
256.6689017511817,1.0017252018856346,0.0001659607406263838
256.6893347231162,1.001468648229427,0.00016598564784906902
256.7097675950572,1.0018841309765405,0.00016600059594794436
256.73020036699745,1.0015132964310933,0.00016594462529560637
256.7506333384663,1.0015638051911824,0.0001659382808254288
256.77106620994164,1.0019910090551412,0.00016598839649193528
256.7914989811834,1.0015793048259578,0.00016595144042380898
256.8119318521858,1.001530878106361,0.00016594878591254773
256.83236482319626,1.001631432950874,0.00016601326606197848
256.85279759397235,1.0019786710374095,0.00016599543753598991
256.8732304645091,1.0017572036191262,0.00016596655795957332
256.8936634350539,1.0016659794005227,0.00016600136782710543
256.9140963053651,1.001401560258011,0.0001659585944257896
256.9345290754354,1.0013722574658983,0.00016594997197077086
256.95496194528096,1.0015917199563003,0.00016600620619160286
256.97539491512725,1.0017217318181477,0.00016598894245524432
256.9958276847319,1.0015250946605494,0.00016595772841502355
257.0162605543446,1.001889220408855,0.0001659886977130713
257.03669352349243,1.0018249084914286,0.00016596032644732177
257.05712629263144,1.0016355199192477,0.00016595908391013565
257.07755916154565,1.0017888969021744,0.00016601059272439625
257.0979919304591,1.002161273699838,0.00016600247858004452
257.11842489913397,1.0017294430792298,0.00016597907746303945
257.1388577675825,1.0021059068452671,0.00016600159374295745
257.1592906360311,1.0016478579369794,0.0001659585944257896
257.1797235040067,1.0016017445957073,0.00016594345806370426
257.2001563719896,1.0017020681023878,0.00016600027590048732
257.22058923997247,1.001967104145786,0.0001659819955427947
257.24102200748166,1.0015062791835085,0.00016597666769395123
257.26145497499965,1.0016881107198288,0.00016600266684325455
257.2818878425169,1.0018212070861092,0.00016597578285686414
257.3023206095604,1.001453379932484,0.00016593208696581927
257.32275357661274,1.0019159784848104,0.000165973900224764
257.3431864436643,1.0024162851038292,0.0001659807153529666
257.3636192102422,1.0018582211393041,0.00016597053031330467
257.3840520768281,1.0019268513629365,0.0001660010666059694
257.4044850431819,1.0020793029945334,0.00016596017583675376
257.4249179095277,1.0021159314846741,0.00016596638852268432
257.4453506754144,1.0019480573309127,0.00016598408526442588
257.46578364130255,1.0020304907118824,0.00016594099181565304
257.4862165071827,1.0021636641907734,0.0001659843300065989
257.5066492726037,1.0019673354836185,0.00016599402556191476
257.52708213802543,1.001912277079491,0.0001659788327208664
257.5475151034407,1.0018518979052167,0.0001659572012780355
257.567947868396,1.0019317094574183,0.00016597425792486302
257.5883807333521,1.0019751238573116,0.0001659575213254925
257.60881369806884,1.0019641738665748,0.0001659773077888653
257.62924646279134,1.0016831755127362,0.00016593587105634058
257.6496793272818,1.0017676909341982,0.00016594097298933204
257.6701121915321,1.001982835118394,0.00016595776606766554
257.6905450557897,1.0019008644130891,0.00016595976165769172
257.71097791958164,1.0018428757297504,0.00016595080032889492
257.73141078359913,1.0019365675519,0.00016597772196792732
257.751843747159,1.0021274983762976,0.00016597030439745265
257.77227651071735,1.0026151585271414,0.000165996661246855
257.79270937403635,1.0017989986541922,0.00016599059917149248
257.81314213712903,1.0020321100767098,0.0001659833698642278
257.83357510022324,1.0021252621105836,0.0001659606088421368
257.8540079630766,1.0024027903969353,0.00016600456830167572
257.87444082570437,1.0020105185456794,0.0001659583308572956
257.89487368833215,1.0016629720087007,0.00016594675266987956
257.91530655071983,1.0023124144170508,0.00016600293041174857
257.93573941288196,1.0021171652864473,0.00016598717278107017
257.9561721748105,1.0023299960923184,0.00016599129574536954
257.97660513673327,1.002063726247147,0.00016600726046557895
257.9970378986618,1.0019930910956334,0.00016594869178094274
258.01747076012543,1.0019474404300261,0.0001659604205789268
258.03790372158255,1.0022306750495786,0.00016600424825421867
258.0583364828126,1.0019333288222456,0.00016595586460924438
258.0787693440434,1.0019220703810654,0.00016593681237239068
258.0992021048078,1.002314033781878,0.00016598325690630181
258.1196350655664,1.001983606244502,0.00016593845026231782
258.14006792633154,1.0020901758726593,0.00016594773163857164
258.16050078686385,1.0022262025181508,0.00016596083475798882
258.18093364715605,1.0022651443866164,0.00016595012258133887
258.2013665072227,1.002154333564864,0.00016594500182202641
258.2217993672821,1.0023256006735015,0.00016595629761462742
258.24223212711513,1.0026514014542283,0.0001659796987316325
258.2626650867169,1.0021331275968877,0.00016595407610874922
258.28309794631787,1.002365853456351,0.00016597715717829727
258.303530705678,1.002015839315826,0.00016592451878477658
258.3239636648141,1.0022093919689914,0.0001659595545681607
258.3443965239421,1.0021675969339254,0.00016597585816214815
258.36482928284386,1.0020891734087187,0.00016591096383365537
258.40569510018395,1.0022937531652316,0.0001659889801078863
258.42612785861274,1.0017252018856346,0.0001659326705817703
258.44656071681675,0.9965837185590197,0.00016565837108477587
258.46699367501424,0.993618507335048,0.00016551482038713807
