time_bkjd,mag,mag_err
169.52002878146595,0.07645625846473678,1.4314333869721971e-05
169.540463079029,0.07820981516759978,1.4325264416932632e-05
169.56089737612638,0.07994244004913073,1.433627097657584e-05
169.58133167298365,0.08163962159574545,1.4347021750450668e-05
169.6017659698482,0.08334285535825098,1.4357953543343167e-05
169.62220016647916,0.08502156209629974,1.4368615129060416e-05
169.64263456287154,0.0867221412671392,1.4379824842165105e-05
169.6630688590376,0.08836910771894065,1.4390090771758834e-05
169.68350305497006,0.08997315945832764,1.4400594637454632e-05
169.70393735066318,0.09162926719353356,1.4411436705687432e-05
169.72437174636434,0.09324032656152802,1.4421592010484237e-05
169.7652402370586,0.09637341997707662,1.446521656756586e-05
169.78567463206127,0.09797300409962156,1.4475551419388886e-05
169.8061088268296,0.09954777038662772,1.4485982029861898e-05
169.82654322135932,0.10106897945365455,1.4495564520266481e-05
169.84697741566197,0.10259075202564691,1.450504147754062e-05
169.86741180996614,0.10416767307681579,1.4515480602260452e-05
169.8878460040287,0.1056121993255739,1.4524713085632079e-05
169.90828029786644,0.10705100011034455,1.4534066339304867e-05
169.92871469147212,0.10851026808135719,1.4543518293493606e-05
169.94914888483618,0.10990934713611712,1.4552332769448912e-05
169.96958317797544,0.11128077877426078,1.4561352473904468e-05
169.99001757111546,0.11265743291442003,1.4569642263960759e-05
170.01045186378178,0.11397844910607238,1.4578431257301759e-05
170.03088605645462,0.11518490105759312,1.4586077393903864e-05
170.0513203488954,0.1163767859637785,1.459350729294058e-05
170.07175464109605,0.11755962854202229,1.4601273618114075e-05
170.092188933304,0.11867018333902973,1.4608339361929645e-05
170.11262322504626,0.11967367873526422,1.4614965152832215e-05
170.1330576165492,0.1206751476279521,1.4621595098693269e-05
170.15349190805864,0.12159305379481333,1.4627401492449464e-05
170.194360390371,0.12320896376679934,1.463787129680304e-05
170.21479468118196,0.12392906677040864,1.4642571772947153e-05
170.23522897176008,0.12450706404399639,1.4646058230130805e-05
170.25566326233093,0.12498995246723854,1.464908684072283e-05
170.27609765244415,0.1254320670339731,1.4651944427894265e-05
170.29653184255585,0.12572616128556244,1.4653914536218858e-05
170.3169661324282,0.12590373137883662,1.465513709659758e-05
170.337400422075,0.1259489108719524,1.465479549299118e-05
170.35783471148898,0.1258889661972179,1.4654503122523275e-05
170.37826900066284,0.1256873292201492,1.4653389214540246e-05
170.39870328961115,0.1253044584424049,1.4650600607694477e-05
170.41913767856022,0.12478695925600888,1.4647265649495696e-05
170.43957186726766,0.12410185683230573,1.4642753230009494e-05
170.46000615551748,0.12326715962356848,1.4636663665415018e-05
170.48044034376653,0.122282013036082,1.4629899790788792e-05
170.50087473200983,0.12107204741343375,1.4621748088894826e-05
170.521309019794,0.11969617889030418,1.4612583489805345e-05
170.54174320734455,0.11812237269645395,1.4601362010536358e-05
170.56217759488936,0.11639293372848974,1.4589108336433544e-05
170.58261188197503,0.11441364007766534,1.4575458043235943e-05
170.6030461690607,0.11224790646347822,1.4561409074828238e-05
170.62348035590549,0.10989100244153543,1.4544229956626657e-05
170.64391474252625,0.10728470146069506,1.452641048005902e-05
170.66434902891342,0.10440523889629083,1.4507291152790273e-05
170.68478321529255,0.10131889068559596,1.448616968794322e-05
170.70521760121483,0.09800100295381231,1.4464166232843355e-05
170.72565188713634,0.09444693722641417,1.444032820530729e-05
170.74608607258415,0.09066300095880482,1.441501492331751e-05
170.76652045804076,0.08663955664429543,1.4388798864242917e-05
170.78695474326378,0.08233713786238506,1.4360169417225393e-05
170.80738892847876,0.07783311261931451,1.4331060471404431e-05
170.82782321323612,0.0731960199402329,1.4300850403665949e-05
170.8482575977614,0.06830465337979012,1.426898303353314e-05
170.8686917822779,0.06319319989264802,1.4236150675052398e-05
170.8891260665696,0.057899755845219884,1.4201768694072174e-05
170.90956045039638,0.05235989479959294,1.4166057398542e-05
170.92999473421514,0.04670879288057827,1.4130372756902168e-05
170.95042891780759,0.040872192208258454,1.4093069443763733e-05
170.9708632014008,0.034923921518914276,1.4055654358526335e-05
170.99129758452182,0.02882759833792791,1.4016765023240257e-05
171.01173176741577,0.022610620488451787,1.3978104200953998e-05
171.03216605031048,0.016387904018535415,1.3939096306016157e-05
171.05260043296585,0.009998763330172833,1.3898663672807228e-05
171.07303461539414,0.003599464148352885,1.385801721086074e-05
171.09346889759036,-0.0027979772141814062,1.3818206733959154e-05
171.11390317954647,-0.00925579670720673,1.3777666007158393e-05
171.13433746127703,-0.015692548634137004,1.373770591568509e-05
171.1547717430076,-0.022141078767756762,1.3697515603840233e-05
171.1752060242652,-0.028572764450962233,1.365703438369915e-05
171.1956403055301,-0.035076865867906176,1.3617124439594132e-05
171.21607458656217,-0.04147820276002811,1.3577243411819886e-05
171.23650886735413,-0.04790253357043986,1.3538808021319265e-05
171.25694304791978,-0.05420988160871804,1.3500635086529504e-05
171.2773774282541,-0.06045687356628612,1.3463005660378107e-05
171.29781170834758,-0.06666416273700143,1.3425279293912014e-05
171.31824588844756,-0.0727621229533244,1.338860406922732e-05
171.3386802680834,-0.07879093644330742,1.335301126304799e-05
171.35911454771121,-0.08477852720999982,1.331685690464401e-05
171.37954882711347,-0.09070205618604718,1.3281161016373119e-05
171.39998300628213,-0.09651936834156949,1.3246322219125886e-05
171.4204173852122,-0.10227094902355965,1.3211867521264612e-05
171.44085166391596,-0.10790759840647157,1.3178565178502822e-05
171.46128584238613,-0.11348340304448556,1.3145729881023332e-05
171.48172022085055,-0.11893222162479516,1.3113433862420723e-05
171.50215449885582,-0.12418914946211243,1.3082476220989486e-05
171.52258867686032,-0.12936987486847443,1.3052157707766418e-05
171.54302295463276,-0.13434390815162153,1.3023126478036303e-05
171.56345733216585,-0.1391498002849798,1.2995303302047482e-05
171.58389150947187,-0.14378767282710367,1.2968650646780889e-05
171.60432578653854,-0.1482902515291837,1.2942862824948247e-05
171.62476016338042,-0.1525626452414535,1.2917867609841938e-05
171.64519433998794,-0.15668790662283033,1.2894805149188368e-05
171.66562861659622,-0.16059183602478694,1.2872477932447687e-05
171.6860628929644,-0.16426324435447784,1.2850975694848514e-05
171.70649726910779,-0.1676880265803235,1.2831666116311142e-05
171.7269314447767,-0.17088898585507545,1.2813769968834667e-05
171.74736572045367,-0.17385393999459178,1.2796785099084732e-05
171.7678000961314,-0.17655126732278043,1.2781377256296716e-05
171.78823427134193,-0.17898827144418195,1.2767463765813872e-05
171.80866854631313,-0.1811854353211278,1.2754773243278686e-05
171.82910272129084,-0.18310810130199526,1.2743510220570358e-05
171.84953709579713,-0.1847715818321806,1.273413445570638e-05
171.86997137030994,-0.18622172871252363,1.2726069453204677e-05
171.89040564458992,-0.18740323128921488,1.271938700916313e-05
171.91083991863707,-0.1882938925934765,1.2714309360201046e-05
171.9312741924441,-0.18890871853005442,1.2711342886465803e-05
171.9517084660256,-0.18943881342734473,1.2707987368478794e-05
171.97214263960632,-0.18946906245312878,1.2709171847604465e-05
171.99257701271563,-0.1897259051404931,1.2706144652459895e-05
172.01301128583145,-0.18957060659073638,1.2707477802560457e-05
172.03344545848086,-0.1891737382966912,1.2709284807290639e-05
172.0538798311245,-0.18864495543733806,1.2712325210515962e-05
172.07431410354184,-0.18787924715602297,1.2716829985236045e-05
172.0947482757183,-0.18699281722330177,1.2721299088289297e-05
172.11518254766997,-0.18597561611273472,1.2727290664470583e-05
172.1356169196224,-0.1847955719329472,1.2733596482222876e-05
172.15605119110114,-0.18347774256202848,1.2741153162961672e-05
172.17648536235356,-0.18206416928451982,1.2749014905873191e-05
172.1969197336075,-0.1804892460272367,1.2758261719921296e-05
172.21735400462057,-0.17880003391196964,1.276775569413332e-05
172.23778817540733,-0.17700389466347277,1.2777769328660085e-05
172.25822244596202,-0.17510358528699407,1.2788712995525676e-05
172.27865681627736,-0.17313475431935754,1.279956276374726e-05
172.29909098636563,-0.17107261767632104,1.2811133500133592e-05
172.31952525622182,-0.16897132885759394,1.2823049583284788e-05
172.33995962583867,-0.16679095656190465,1.283570229622853e-05
172.36039379546128,-0.1645407346889721,1.2848655919397492e-05
172.3808280648518,-0.16221900642338621,1.286185601181109e-05
172.40126233377669,-0.159899333622448,1.2875004897213414e-05
172.42169660269428,-0.15748284622718456,1.2888168672019491e-05
172.44213087138633,-0.15501029263471972,1.2902560607393108e-05
172.46256513983826,-0.15257829237481496,1.291649240904578e-05
172.4829995080654,-0.15002134240437376,1.2931358208072173e-05
172.50343367629102,-0.14748368445299592,1.2946000834986473e-05
172.52386794405174,-0.14485178587612876,1.296130913529555e-05
172.5443021115716,-0.14227943654427638,1.2975825347811515e-05
172.56473647910025,-0.1396362592102553,1.2990743903307646e-05
172.58517074638803,-0.13702089718720364,1.3005366236836653e-05
172.6056049134495,-0.1343463075810679,1.3020958765658427e-05
172.62603928004683,-0.13167043024653236,1.3036479561363182e-05
172.64647354687622,-0.12901890741552408,1.3051563538829861e-05
172.66690781323268,-0.12635427798276277,1.3067037903534309e-05
172.68734197936283,-0.12365643836942665,1.3082724808434364e-05
172.7077763452544,-0.12094318440257765,1.3098606554893993e-05
172.72821061115246,-0.11828311724769056,1.3113975458551584e-05
172.74864477658411,-0.11557797128796955,1.3129879212393107e-05
172.7690791420173,-0.1129251902263609,1.3145243984915906e-05
172.7895134072096,-0.11023802194257903,1.3160561149747321e-05
172.8099475721756,-0.10758690145837693,1.3176458146266662e-05
172.8303818369095,-0.10492702099615428,1.3192227025013003e-05
172.8508162014041,-0.10220864271500121,1.3208198500641938e-05
172.87125036567159,-0.09954786016378352,1.3223625829269316e-05
172.89168462970702,-0.09687250161059228,1.3239518297005923e-05
172.9121189935031,-0.09420796310352643,1.3255213610261802e-05
172.93255315730494,-0.09150356799466186,1.3271406324290629e-05
172.9529874208747,-0.08883554971497701,1.3286905014416077e-05
172.97342168397154,-0.08619138842982896,1.330243064472155e-05
172.9938560470764,-0.08349021861994646,1.3318398861671093e-05
173.01429020994692,-0.08086781567001236,1.3334499977640017e-05
173.0347244725781,-0.07820102956960355,1.3349762906643704e-05
173.05515883498447,-0.07552054476134734,1.3365746273209031e-05
173.0755929971565,-0.07286570120210054,1.3381756712676553e-05
173.096027259322,-0.07020810128102627,1.3397952765900979e-05
173.11646152102912,-0.06755767875761222,1.3413997678932948e-05
173.13689578250342,-0.06491127122793014,1.343036313921939e-05
173.1777643052119,-0.059627976704709706,1.3462589860474436e-05
173.1981985659877,-0.05698818423989238,1.3478093739489512e-05
173.21863282675622,-0.05438104069985859,1.3494391666608278e-05
173.2390670872992,-0.05173110191430657,1.3510230769884699e-05
173.2595012478414,-0.0491598487230853,1.3525962899866812e-05
173.2799356079122,-0.046538266501198994,1.3541837748805253e-05
173.30036986775667,-0.043940740535590134,1.3557634002167544e-05
173.32080402736756,-0.041351499988192604,1.3573007661252003e-05
173.3412383869727,-0.03881488615334811,1.3588658342773518e-05
173.36167264611868,-0.03627378347844806,1.3604128003135188e-05
173.3821068052639,-0.03369540713921217,1.361956524373377e-05
173.40254106416978,-0.03116318123232677,1.3635101772786183e-05
173.42297542285087,-0.02866289770836781,1.365072988858525e-05
173.4434095812976,-0.026142681972176413,1.3666354079575023e-05
173.463843839505,-0.023648277032835834,1.3681950646769212e-05
173.48427819748758,-0.021131518734786213,1.3697501442990262e-05
173.5047124552366,-0.018658645699297163,1.3712162056696213e-05
173.52514661274472,-0.016212160422425344,1.3727904831584768e-05
173.5455808702609,-0.01380834142563715,1.3742610308114643e-05
173.56601522731216,-0.011365316236585913,1.3757440211200905e-05
173.58644938435464,-0.008992119544669141,1.377230065330299e-05
173.60688364117232,-0.006604916914829468,1.378718855077538e-05
173.6273179975251,-0.004244841855461373,1.3801511016783336e-05
173.64775215386908,-0.0019408303212424646,1.3816485322661922e-05
173.66818640998827,0.00039095605708053054,1.3830760012906626e-05
173.68862066587462,0.0027051231899022747,1.3844910296956234e-05
173.70905492152087,0.004991640553883366,1.3859411606894622e-05
173.7294891771744,0.007253488044864768,1.3873764140862427e-05
173.74992343236227,0.009510181160923881,1.3888534324518159e-05
173.77035778754362,0.011713929461448563,1.390213084535248e-05
173.79079194226506,0.013930339079112685,1.3916763407920717e-05
173.81122619698726,0.016134165354530886,1.3930469306949746e-05
173.83166035123577,0.018327211906234046,1.3944327767992891e-05
173.85209470549307,0.020452385640728817,1.3957781672796085e-05
173.87252895951679,0.022571877470169865,1.3971026945044634e-05
173.89296311329963,0.024661083506690315,1.3983682062628056e-05
173.91339746685844,0.026756294961499526,1.3997431882418691e-05
173.93383172018366,0.02884873275067676,1.4010600413004958e-05
173.95426597326878,0.030883377342478348,1.4023108707187806e-05
173.9747001263604,0.03293053387491798,1.4036373205588596e-05
173.9951344789879,0.03500938048820073,1.40492877718091e-05
174.01556873160735,0.03699594506546784,1.4061798234329489e-05
174.03600288376765,0.03904926269905682,1.4074856250024727e-05
174.05643723592948,0.041057933860796564,1.4087857194338422e-05
174.0768714876176,0.04304668449795803,1.4100189760617056e-05
174.09730563931225,0.045016440943692004,1.4112691558493727e-05
174.11773989077483,0.04699403082127303,1.412501521506624e-05
174.13817424199806,0.04894338324625407,1.4137241846057178e-05
174.1586083929942,0.0508635905427109,1.4149587485416054e-05
174.1790426437583,0.052788400211273914,1.416166517706667e-05
174.19947699451586,0.05473827269010531,1.4174392903647356e-05
174.21991124481428,0.05658881154960473,1.4186145507585435e-05
174.2403453948791,0.05845925142408153,1.419785686854312e-05
174.26077964493743,0.06027822721230664,1.4209366656031331e-05
174.28121399453812,0.06210381183783069,1.4220681123912108e-05
174.3016481441373,0.06392587715177317,1.4231956553012517e-05
174.3220823934971,0.06574979062984529,1.4243567930181643e-05
174.34251674263214,0.06752072661290477,1.4255208952156298e-05
174.36295089153282,0.06931245582084582,1.4266295717716518e-05
174.38338514019415,0.07109616004912528,1.4278043052373416e-05
174.40381938862993,0.0728656047616861,1.4289222633346213e-05
174.42425363683287,0.07459599195457181,1.4300379146738096e-05
174.4446878847957,0.07633450787263364,1.4311628007606527e-05
174.465122132533,0.07803304200937242,1.4322708467795561e-05
174.48555638027028,0.07975892438381157,1.4333698969468976e-05
174.5059907275354,0.08145189047974401,1.4344737549695576e-05
174.52642487480625,0.0831878493586362,1.4355846181130388e-05
174.54685912161221,0.08481879647037657,1.436645309610085e-05
174.5672933684109,0.08650187797316072,1.4376458011165011e-05
174.58772761498403,0.08814044974159335,1.4387506353154845e-05
174.60816186132433,0.08976768183217453,1.4397742827384352e-05
174.62859610742453,0.09135382516985252,1.4408064590388378e-05
174.64903035329917,0.092975296519283,1.4418401147926715e-05
174.66946459894098,0.09456278379763994,1.442868332226959e-05
174.68989884434268,0.09621716723894418,1.4439456443486127e-05
174.71033308951883,0.09773066430256548,1.4448679627237097e-05
174.73076733446214,0.09932442016417048,1.4459246432795794e-05
174.75120157939818,0.1008257908885569,1.4469590572173946e-05
174.77163582387584,0.10233756402097159,1.4478713266794824e-05
174.7920700683535,0.10383894255124429,1.4488826024418437e-05
174.81250431235821,0.10536318784362904,1.4498797449452058e-05
174.83293845636945,0.10676728187824663,1.4507964036750644e-05
174.85337280014937,0.1082360371276454,1.4517763363511927e-05
174.8738070434556,0.10965768813090229,1.4526452279645233e-05
174.89424118676834,0.11100204793654063,1.4535504156091846e-05
174.91467552984977,0.11233135268064157,1.4544065477073272e-05
174.93510977269034,0.11382440377623057,1.4555457832436796e-05
174.95554401530535,0.11490524571378974,1.4560837346773595e-05
174.9759781579196,0.1161266456064087,1.4569024868971437e-05
174.99641250006243,0.11732394413217223,1.457697990251079e-05
175.01684674197895,0.11847099820478124,1.4584600334207289e-05
175.0372808838947,0.11950948959283461,1.4591450560544027e-05
175.05771522533905,0.12054721850703948,1.4598151388585651e-05
175.0781494667899,0.12144647549912621,1.4604100055624984e-05
175.09858360777434,0.1224101467382181,1.4610350261733241e-05
175.1394521895054,0.12393219068599068,1.46201760788404e-05
175.15988632979133,0.12457991641826893,1.4624625258402038e-05
175.18032057007076,0.1251112694506868,1.4628016860923505e-05
175.2007549101254,0.125681392208585,1.4632716691881189e-05
175.22118904994568,0.1259305339063625,1.463361726871669e-05
175.2416232895339,0.12614008186053172,1.4635071373977056e-05
175.26205752911483,0.12625687163362243,1.463618271878792e-05
175.28249186823814,0.1261891240083742,1.4635138429192083e-05
175.30292600711982,0.12607129816130871,1.4634743092943682e-05
175.32336024600954,0.12572455662725043,1.4632181918566752e-05
175.34379458443436,0.1252402186864666,1.462906655929347e-05
175.36422872261755,0.12466399525632837,1.4624756138593703e-05
175.38466296080878,0.12383935815816316,1.4619724131616039e-05
175.40509709876642,0.12288562132671717,1.4613028159803904e-05
175.42553143625264,0.1217271015434307,1.4605134414710753e-05
175.44596567374538,0.12046537413617109,1.459739822723973e-05
175.46639991100528,0.11891102377053556,1.4586810251313152e-05
175.48683414802508,0.11724242197546783,1.4575835631815678e-05
175.50726838481933,0.11528843947309889,1.4562714316850699e-05
175.52770262138074,0.113163312617219,1.454881735347958e-05
175.5481367577013,0.11084233044966726,1.4533289986348402e-05
175.5685710937978,0.10825561711660174,1.4516481935399936e-05
175.58900532966072,0.10545870636928076,1.4498063945811268e-05
175.60943946529005,0.10243195289420977,1.4477951747744394e-05
175.62987380091363,0.09917588481469065,1.4457080889498505e-05
175.65030803607806,0.09571740319066595,1.4434381080598143e-05
175.67074217123445,0.09199577639067903,1.4410355259138136e-05
175.69117640593322,0.0880289286272703,1.4384213512124513e-05
175.71161074063275,0.08378824459952076,1.4357514772159285e-05
175.73204497485858,0.07936700003362053,1.4329296503205473e-05
175.75247910909093,0.07468608583838686,1.4299119963402659e-05
175.77291344309197,0.06974061904153134,1.426774160642595e-05
175.79334767685214,0.06458146266950426,1.4234463359474355e-05
175.813781810386,0.05920413469795324,1.4200098806620835e-05
175.83421604345494,0.05365230048864604,1.4164444154942002e-05
175.85465037651738,0.04788970080985679,1.4127819082869625e-05
175.87508450935275,0.04186449382966347,1.408940325420425e-05
175.89551874218887,0.03578679031662817,1.4050312973617359e-05
175.91595307455282,0.02950814224944654,1.401043666581058e-05
175.9363872066897,0.023126888223479535,1.3969555887551964e-05
175.9568214385945,0.016631615695313347,1.3928263437277648e-05
175.9772556704993,0.009976261801170422,1.3886604043949474e-05
175.99768990193115,0.0032773047161968084,1.3844757173125151e-05
176.01812413313746,-0.0035115716694950347,1.3802691325418584e-05
176.0385583643365,-0.010307034082902148,1.376034164667083e-05
176.05899269531074,-0.017065927106793364,1.3718518151369838e-05
176.0794268258178,-0.02384151947156657,1.3676862805835288e-05
176.0998610563256,-0.030519161196160938,1.363530649637648e-05
176.12029518659256,-0.03718222498595777,1.3593453974033428e-05
176.1611637462047,-0.0502195663655658,1.3513402587781628e-05
176.18159787578043,-0.05664014884779679,1.3474272783662012e-05
176.20203220512485,-0.0629500241110326,1.3436273090974977e-05
176.22246643423568,-0.0691670534490073,1.3398920139445473e-05
176.2429006631064,-0.07527048069506734,1.336210533584579e-05
176.26333479175082,-0.08131353354710229,1.3326356083538882e-05
176.28376912015665,-0.08722488623517399,1.329082475588681e-05
176.304203348569,-0.09304847766773178,1.3256051616464947e-05
176.3246374765149,-0.09877249346010324,1.3222702812898113e-05
176.34507180422952,-0.10442839065553855,1.3189430852228408e-05
176.3655060319361,-0.11000467504088556,1.3157163642446859e-05
176.38594015918352,-0.11543251357460475,1.3125358808372859e-05
176.40637438619888,-0.12079025995619891,1.3094360034765981e-05
176.42680871320772,-0.12603796639627948,1.3064256908750496e-05
176.44724283998949,-0.13107906009062054,1.3034796681298728e-05
176.46767706630635,-0.13606634370754223,1.3006355527425963e-05
176.4881113926167,-0.14087492791084605,1.2978463004419826e-05
176.50854551869998,-0.14560806834171033,1.2951569722901277e-05
176.52897974431835,-0.15013473366617003,1.2925327315594229e-05
176.54941396992945,-0.15448889975519148,1.2900366326240433e-05
176.56984829531575,-0.15864502197009311,1.2876384486536993e-05
176.5902824204677,-0.16257884707299064,1.2854007937890628e-05
176.6107166453803,-0.166280342032328,1.2833381993135688e-05
176.63115097006812,-0.16974351642179172,1.2813365923972896e-05
176.65158509452158,-0.17294525536522773,1.2795687935258057e-05
176.6720193187357,-0.17596756468810165,1.2778249212840838e-05
176.69245354272425,-0.17865904650443185,1.2763027884511536e-05
176.71288776647998,-0.18112338442932555,1.2748933334940034e-05
176.73332199022843,-0.18334882907242883,1.273662544993395e-05
176.7537562135185,-0.18528405903414252,1.2725839807701238e-05
176.77419043657574,-0.18697982385784487,1.2716284527204116e-05
176.7946246596257,-0.18839590715251223,1.2708225151074575e-05
176.81505888221727,-0.18958248879467396,1.2701601006582337e-05
176.8354930048081,-0.19051009947633335,1.2696341244717176e-05
176.85592732692749,-0.19117772367994734,1.2692653913700066e-05
176.8763615490534,-0.19161147734151426,1.2690206403239425e-05
176.8967956707129,-0.19179139831139838,1.2689395798213957e-05
176.91722999236663,-0.19178097760394325,1.2688985734601488e-05
176.93766421379405,-0.19148340623707277,1.2691418204748229e-05
176.95809833475505,-0.19121787114368902,1.2692217499123773e-05
176.97853255570953,-0.19061634260705712,1.2695570056208971e-05
176.99896687643923,-0.1898042660690162,1.2700420326361574e-05
177.01940099693456,-0.1888789342863505,1.2705068679338944e-05
177.03983521719056,-0.18773101806353124,1.2711906985374094e-05
177.06026953722176,-0.18649330291595545,1.2718678116500819e-05
177.08070375701936,-0.1850285738265522,1.2727022269500668e-05
177.1011378765761,-0.1835228828061667,1.2735241276000768e-05
177.12157209590805,-0.18181348584400026,1.2744978194093408e-05
177.14200641500065,-0.18010672059588279,1.2754385825073903e-05
177.16244053386617,-0.17823354874955155,1.276523344487017e-05
177.18287475249963,-0.17627877410921172,1.2776106373443512e-05
177.20330907113384,-0.17422491880721466,1.2787963811063692e-05
177.2237431892936,-0.17207728099659864,1.2799913537295987e-05
177.24417740722856,-0.1699209869090616,1.2812030663284891e-05
177.26461162516352,-0.16763303774078625,1.2824483936062784e-05
177.28504584262555,-0.165355352921307,1.2837591361752184e-05
177.30548005986202,-0.16296206189063286,1.2850909527169829e-05
177.3259142770985,-0.16056052511615465,1.286478720309209e-05
177.34634859386279,-0.15806804340990555,1.2878807013126785e-05
177.36678271063283,-0.15556400610039667,1.2893364923168081e-05
177.3872169271708,-0.15297932843234946,1.2908304308889355e-05
177.4076510432351,-0.15042183070087461,1.2922937139939083e-05
177.42808535930817,-0.1477970533669749,1.2937386849470355e-05
177.44851957491483,-0.14516128898328237,1.2952757445461037e-05
177.46895369051344,-0.14255796463342857,1.2967370723279708e-05
177.48938800588803,-0.1398665912324899,1.298272751412049e-05
177.50982222102903,-0.13719321719299835,1.299801412356431e-05
177.5302564359299,-0.13449203140774504,1.3013884872461404e-05
177.55069055037166,-0.13179069096866305,1.302924500876736e-05
177.57112486481492,-0.12908603903268107,1.3045117034697537e-05
177.59155907901732,-0.12636661811977115,1.3060591229428346e-05
177.6119931929934,-0.12362889043047492,1.3076691123901776e-05
177.63242750673817,-0.12090764034060404,1.3092328933214015e-05
177.65286172024207,-0.11818557711450557,1.3108190772331474e-05
177.67329583351966,-0.11545063260318024,1.3124131922285126e-05
177.69373004656518,-0.11268159846444786,1.314022023968026e-05
177.71416435960418,-0.10997122497245487,1.3155882070407985e-05
177.73459847218328,-0.10726326130298787,1.3171271815634821e-05
177.7550326845303,-0.10455047372874784,1.3187387376806184e-05
177.775466996638,-0.10178801411646332,1.3203615750928953e-05
177.79590120851935,-0.09909052079255647,1.3219497104501097e-05
177.81633532039996,-0.09638147006368504,1.3235710221263995e-05
177.8367695318084,-0.0936783603083121,1.3251333196594522e-05
177.85720384299202,-0.09098703585964692,1.326714873940834e-05
177.87763795417413,-0.08829165872657907,1.3282960481626714e-05
177.89807216488407,-0.08561196190786755,1.3299016162286201e-05
177.91850647560204,-0.08298316578833674,1.3314280203038896e-05
177.93894058585283,-0.08028879231681696,1.333021559030234e-05
177.9593747960971,-0.07763288977607108,1.3346285186096623e-05
177.979809005883,-0.07494293031693698,1.3362311684304653e-05
178.0002432156689,-0.07223652825962128,1.3378651416412234e-05
178.02067742498184,-0.06958321704002611,1.3394021550579749e-05
178.04111163430207,-0.06688510784228512,1.3410490651563566e-05
178.06154584315664,-0.06418303868180525,1.3426770336666538e-05
178.08198005200393,-0.0615294631884037,1.3442835904888764e-05
178.10241426062566,-0.058864918927322145,1.3458777458920795e-05
178.12284836878098,-0.05620325129183114,1.3474881355829014e-05
178.14328267693054,-0.05354517778318967,1.3490810899998865e-05
178.16371688485378,-0.050884944914398794,1.3506498078921597e-05
178.18415099254344,-0.04826110459634446,1.3522346286939296e-05
178.2045852999945,-0.045600348183180844,1.353834086283144e-05
178.22501950698643,-0.04298381539246068,1.3554153554168286e-05
178.2454536139776,-0.04040296079371593,1.3569929642649157e-05
178.2658878207294,-0.037810228579406385,1.3585929551537754e-05
178.28632212725643,-0.035213849752470064,1.3601790410188727e-05
178.30675633354986,-0.03262261977360431,1.3617581586612884e-05
178.3271904396097,-0.030070649857662342,1.3633376081307241e-05
178.34762474543095,-0.027520958445323172,1.3648867642126559e-05
178.3680589510259,-0.024993827710704908,1.3664795216769997e-05
178.38849305637996,-0.02246199111289923,1.3680145635717142e-05
178.40892726150923,-0.019939180789145645,1.3695690922747372e-05
178.42936156640644,-0.017450296988478192,1.3710725593099887e-05
178.4497956710693,-0.014965632652740627,1.372625766035134e-05
178.4702298754928,-0.01247442149378846,1.3741941856674449e-05
178.49066417992435,-0.010031434129534464,1.3757361434564078e-05
178.51109828388144,-0.007578395849857051,1.3772492451527957e-05
178.53153248761373,-0.005148465274323276,1.3787596147385958e-05
178.5519666911132,-0.0027664014927968545,1.3802493385908783e-05
178.57240089437255,-0.00039688721968964474,1.3817293064073824e-05
178.59283509763918,0.001984467510343424,1.3832051205757286e-05
178.61326930044015,0.004315883825558703,1.3846693955483465e-05
178.63370360300178,0.0066269371182631044,1.3861162442713479e-05
178.65413770533632,0.008935066595588643,1.3875843017371451e-05
178.67457190767163,0.011202770092812727,1.3889603993384052e-05
178.695006109534,0.013459736615279562,1.3903494841371247e-05
178.71544031117082,0.015659054491752634,1.3917335808138228e-05
178.73587451280764,0.01789596321874468,1.3931472958530959e-05
178.75630871397152,0.020111210458226243,1.3945075520357449e-05
178.77674291514268,0.022287074818143147,1.395886039515956e-05
178.79717711584817,0.024409862384534197,1.397219337258942e-05
178.8176113165464,0.026569102498202497,1.3985595718208338e-05
178.83804551678622,0.028684511573290796,1.3999158655954247e-05
178.85847971702606,0.03083360426480175,1.4012459397111378e-05
178.87891391679295,0.032936500391563615,1.4025753459663625e-05
178.89934801656636,0.03499410365020576,1.4039229888996884e-05
178.91978231587564,0.03704614933169973,1.4051942306647902e-05
178.94021651517687,0.03909911752117939,1.4064557142815779e-05
178.96065071401972,0.04109556099038452,1.4076778540433692e-05
178.9810848128618,0.04312713420283291,1.4089326076757011e-05
179.00151911123248,0.04509256731487668,1.4102185217514879e-05
179.02195330960967,0.0471084305719022,1.4114955593928687e-05
179.04238740775327,0.049063969629235135,1.4127348212588713e-05
179.06282170542545,0.050954432573881124,1.4139912674539432e-05
179.08325590310415,0.05290551294436059,1.4152285916395288e-05
179.12412419752218,0.05671122890129048,1.4176681574617311e-05
179.14455849450314,0.058583388293676875,1.4188968468601794e-05
179.16499269125052,0.060400154703395555,1.4201280335628306e-05
179.18542678753147,0.06224683104404133,1.4212898604750425e-05
179.20586108380667,0.06410120200296957,1.4225333243907426e-05
179.22629527985555,0.06588311622269595,1.4236687813853096e-05
179.24672937543073,0.06770074007379416,1.4248194259044516e-05
179.26716357101395,0.06946031303515997,1.4260146984148942e-05
179.2875978663651,0.071193899427446,1.427098865013773e-05
179.3080319614819,0.07290037654973655,1.4282170464779146e-05
179.32846615612652,0.07464750606381619,1.4293032358934378e-05
179.34890035077842,0.07633489119690164,1.4304211766494328e-05
179.36933464519097,0.0779967233737862,1.4314237853980129e-05
179.41020293332986,0.08129815540030225,1.4335929324891976e-05
179.4306372268111,0.08298550300097379,1.4346926973338256e-05
179.45107132029807,0.08459451565396071,1.4357283158046618e-05
179.47150551355298,0.08619206807613826,1.4367662743382773e-05
179.49193980656855,0.08775687756851586,1.4377553789064288e-05
179.51237389935704,0.08933721313801178,1.4387987818626625e-05
179.53280809191347,0.0908961535553072,1.4398404773973523e-05
179.55324228423706,0.09242831216918003,1.4408321693870945e-05
179.5736764760877,0.09395336356623417,1.441838845148233e-05
179.59411066794564,0.09546495446288769,1.4427927317155582e-05
179.61454485956347,0.09696935456866992,1.443790925021058e-05
179.6349791509565,0.0983919674084244,1.444663688262606e-05
179.65541324211517,0.09988938461168646,1.445613141305361e-05
179.67584743304178,0.1012875898001876,1.4465047399145548e-05
179.69628152372752,0.10270063702828927,1.4474337607642438e-05
179.71671581418923,0.10409798647542007,1.4483500882861637e-05
179.73715000441007,0.1054461853255171,1.4492562835290496e-05
179.7575840944046,0.10676491655704162,1.4500781422524801e-05
179.77801838393498,0.10810561814604494,1.4509748703767588e-05
179.7984525734646,0.1093781880993624,1.4518081128571005e-05
179.81888676275412,0.11063373585546225,1.452606949089585e-05
179.83932085181732,0.1118928760736341,1.453447124641547e-05
179.85975514064194,0.11308463998274662,1.4542310532813863e-05
179.88018932924024,0.11423087355358393,1.4549736812099207e-05
179.90062341760495,0.11537577540650047,1.4557422394590536e-05
179.92105770573835,0.11644599236066933,1.4564365899622055e-05
179.94149189363088,0.11747243527254511,1.4570975408720541e-05
179.9619259812971,0.11846597720300071,1.457744181506978e-05
179.98236016873125,0.11939039221089251,1.4583533142816093e-05
180.00279445592605,0.12026162841321729,1.4589367706324558e-05
180.02322854289378,0.12109545537263042,1.4594891977149556e-05
180.04366272962943,0.12184901383574433,1.4599656368055858e-05
180.06409701612574,0.12245830076517727,1.4603874969177207e-05
180.08453110239498,0.12305912579258609,1.4607774684719142e-05
180.1049652881993,0.12352903955211245,1.4610782474553461e-05
180.12539947399637,0.12390655882382237,1.461330800834486e-05
180.14583375956863,0.12423020549701716,1.4615711062154784e-05
180.16626784490654,0.1243674640219647,1.4616588048632555e-05
180.1867020300051,0.12445521280160565,1.4617153099164301e-05
180.20713631487888,0.12444239061968984,1.4617311858360276e-05
180.2275703995183,0.12424262455615169,1.4615376982700048e-05
180.24800458391837,0.12391673139669905,1.4613453480782626e-05
180.2684387680929,0.12347803566472587,1.4610404004815244e-05
180.28887295203458,0.12290658764449572,1.4606386810401848e-05
180.30930713573616,0.12214589754059371,1.4601624686247222e-05
180.3297413192122,0.12115913077080986,1.459497624950983e-05
180.3501755024481,0.12010102198014438,1.4588188965461204e-05
180.37060968545848,0.11886055526361083,1.4580173607832235e-05
180.39104386800318,0.11738294005727574,1.4570415859854906e-05
180.41147795054712,0.11576549530062985,1.4560041746218086e-05
180.43191223285248,0.11388971759701877,1.4547511442486448e-05
180.45234641493153,0.11185604069256581,1.4534146160784065e-05
180.47278049677698,0.10952322509057111,1.451838513803496e-05
180.49321477838384,0.10713807026546764,1.450345052358228e-05
180.5136489597644,0.10682397228486239,1.4520982657022074e-05
180.53408304091136,0.10134807427884912,1.446487643023469e-05
180.55451722181897,0.09816056327840578,1.4444195548062981e-05
180.5749515025018,0.09474936485875773,1.4422181097129234e-05
180.59538558271743,0.09140233148139792,1.4401949556798755e-05
180.61581976292655,0.08719331108851605,1.4371903023069619e-05
180.63625404291088,0.0831401715254207,1.4346728404384687e-05
180.65668822266161,0.07876005414482003,1.4317592913670608e-05
180.67712230217148,0.07412413542057021,1.4287783251483512e-05
180.69755648145656,0.06926614507982065,1.425579206435582e-05
180.71799076026946,0.06417124889849922,1.4222796882169481e-05
180.7384248390881,0.0588714616270101,1.4188195836440706e-05
180.7588590176747,0.05330353556378278,1.4152581293678715e-05
180.7792932960292,0.04760893126306466,1.4116472645205197e-05
180.79972737390926,0.04166955491321358,1.4078137953480827e-05
180.82016155179736,0.035572411777860816,1.403938953356164e-05
180.84059572945262,0.029341398534610874,1.4000240563955778e-05
180.86102990686777,0.02298316393837983,1.3959636780140012e-05
180.88146408382454,0.016533660098644272,1.3919341158664598e-05
180.9018982607813,0.009987800988558854,1.3878563045143895e-05
180.92233253749873,0.0033376575288750956,1.3836229918722313e-05
180.94276661375625,-0.0033027789367586955,1.3794776234167821e-05
180.96320079001453,-0.009926428638742699,1.3753540351626483e-05
180.98363486603193,-0.016579379265105745,1.3712476623854957e-05
181.00406914159248,-0.023225736528515516,1.3671513184580514e-05
181.02450331715227,-0.029761087049881896,1.3632046205182974e-05
181.04493739223835,-0.036283044435360914,1.3592190402253811e-05
181.06537166733324,-0.04271810501821663,1.3553176064278668e-05
181.08580584219453,-0.04908321733815672,1.3514494626636935e-05
181.1062400165829,-0.055387872296723886,1.3476763055458325e-05
181.12667409097776,-0.06163897969750091,1.343931244792128e-05
181.1471083649085,-0.06779435308139554,1.3402939275588463e-05
181.16754253883119,-0.07383211110305694,1.3366770385892353e-05
181.18797661229473,-0.07978475682675569,1.3331468342754244e-05
181.20841078575904,-0.0856546239491516,1.3296835985744627e-05
181.22884505875118,-0.09049149386519961,1.3274113287280756e-05
181.24927913174906,-0.0970993431964341,1.322946459718321e-05
181.26971330428205,-0.10271784969991817,1.3196043651950876e-05
181.2901475765757,-0.10826054026058517,1.316363608311632e-05
181.3105816488751,-0.11376002086555326,1.3130791446382923e-05
181.33101582070958,-0.11897295388517908,1.310199799943864e-05
181.3514499925368,-0.12420125928942335,1.3071988445622905e-05
181.3718842639064,-0.1295765195495611,1.30396674940145e-05
181.39231833504164,-0.13458054213917142,1.3010913831337938e-05
181.41275250617036,-0.1395124654052642,1.2982017581283013e-05
181.43318677684147,-0.1442860738546697,1.2954216295740075e-05
181.45362084727822,-0.14864439295331186,1.2930505196206176e-05
181.47405501747562,-0.15212331581733093,1.2916058037391534e-05
181.49448908767954,-0.15649489633263663,1.2889988180770454e-05
181.51492335741932,-0.16134253433527035,1.2856342229710218e-05
183.7218115831347,0.02430740249170291,1.398913207328479e-05
183.74224572656385,0.02646329005160403,1.4002564249728391e-05
183.762679869993,0.028572623524223274,1.4015815632200397e-05
183.78311401294923,0.030675551272846373,1.402872261039254e-05
183.8035481556799,0.03277018681411405,1.4041704016238247e-05
183.82398229841056,0.03483566525725785,1.4054552396672954e-05
183.84441644066828,0.036845050487643624,1.4066934869342152e-05
183.86485058270046,0.03892874645578853,1.4079952022055236e-05
183.8852847244998,0.04082930472430011,1.4091567399218495e-05
183.90571876605827,0.04279132220308515,1.4103538526337693e-05
183.9261530073927,0.04474415781232984,1.4115777225872953e-05
183.94658714849356,0.04665239582065669,1.41271698961484e-05
183.96702118935355,0.04858566513185975,1.4138969313337367e-05
183.9874554299895,0.05051032998553831,1.4151213508286311e-05
184.00788957039185,0.05233807277638386,1.4161926884292677e-05
184.0283236103205,0.05421599608925115,1.4173418466616437e-05
184.04875785025797,0.056060301713553196,1.4184942388903889e-05
184.06919198996184,0.05788106322099622,1.4195903660887105e-05
184.08962612919277,0.05972406030090644,1.4207405023489117e-05
184.1100601684302,0.06151687372069014,1.4218261144899425e-05
184.1304944072035,0.06333340833706814,1.4229669120083606e-05
184.15092854596878,0.06520155114661545,1.4241321638319361e-05
184.1713625842749,0.06700906427696622,1.4253244381150645e-05
184.19179682234972,0.06874939638266268,1.4263684092006746e-05
184.21223096018366,0.07050342685145587,1.4274884811105229e-05
184.23266499802412,0.07232941959509648,1.4286034864096282e-05
184.25309913539968,0.07406270049403911,1.4297567511570027e-05
184.2735333725359,0.07579852296509537,1.4307970650357718e-05
184.29396740944503,0.07749606466027267,1.4318810699213335e-05
184.3144015461221,0.0792703670960864,1.4330629928451706e-05
184.33483578255982,0.08091391291041714,1.4340318224648692e-05
184.35526981877047,0.08270599842725247,1.4352552341982436e-05
184.3757039545162,0.08432340091427641,1.4362370734785379e-05
184.39613819025544,0.08600084095870644,1.4373204331239021e-05
184.41657232576836,0.0876675518282722,1.4383770832916873e-05
184.43700636081485,0.08927149767331838,1.4394130032349601e-05
184.45744049585483,0.09092024081547748,1.440426941841211e-05
184.47787473067,0.09256277566137665,1.4414982979943803e-05
184.498308765018,0.09417748194948466,1.4425408278830132e-05
184.51874289912666,0.0957739878513024,1.443514646856347e-05
184.53917713324336,0.0973548670012035,1.4445336119667367e-05
184.55961116689286,0.09890634936068579,1.4454724952731696e-05
184.58004530030303,0.10061283977182625,1.4466764816699774e-05
184.60047943348764,0.10190914797934063,1.4473759440573328e-05
184.6209135664394,0.10360315150224955,1.4485667809150224e-05
184.64134769915108,0.10484731259071955,1.4492562257094873e-05
184.6617818316372,0.10626366357653988,1.4501594431346379e-05
184.68221606389125,0.10777703493402191,1.451191979677233e-05
184.70265009590366,0.10907323890286338,1.451971747915771e-05
184.7230842276913,0.11035335164035368,1.4527527117294129e-05
184.74351845924684,0.11164645927668765,1.4535842486559178e-05
184.76395249032794,0.11294737305896642,1.4544112790400824e-05
184.78438662141707,0.11422936518291217,1.4552936401158511e-05
184.8048206522726,0.1154132072429369,1.4560530343599357e-05
184.82525488265674,0.11650239485926951,1.4567526043024502e-05
184.84568901281455,0.11776414214681413,1.4576508328844806e-05
184.86612314297236,0.11867058190534191,1.4581511310775588e-05
184.88655727265723,0.11963362642156598,1.458756758047952e-05
184.90699140211655,0.12057660413758213,1.4593658012806302e-05
184.92742553157586,0.1214432788102262,1.4599126868604869e-05
184.94785956056148,0.12229640932720515,1.4605511323898622e-05
184.96829378932307,0.12289722477316645,1.460838551828423e-05
184.9887278178503,0.12378697816391634,1.4615924548351785e-05
185.0091619461382,0.12407045297756825,1.4615460299021524e-05
185.02959617396846,0.1245338321150781,1.4618698300992994e-05
185.05003030179796,0.12492468905691888,1.462138059249176e-05
185.0908984565176,0.12536461147238523,1.4624174302058133e-05
185.11133258364862,0.12539998301000072,1.4624093871786767e-05
185.13176671053952,0.125282242766035,1.4622973108374208e-05
185.15220083697204,0.1250759073174907,1.4621860834894186e-05
185.17263496317173,0.12467914456668905,1.4618909632768904e-05
185.19306908936414,0.1241461602433977,1.4615510030669266e-05
185.21350321509817,0.12345073315543359,1.461078550735054e-05
185.23393734059937,0.1226401374704361,1.4605554346904719e-05
185.25437146586046,0.12159800935018286,1.459884152164044e-05
185.274805590896,0.12036110136808864,1.4590425442754244e-05
185.29523961569794,0.11897975400922525,1.458096652426777e-05
185.3156738402613,0.11742553694882822,1.4570986299984755e-05
185.33610796459834,0.11563011477357311,1.4558946845169442e-05
185.3565419887018,0.11370965778131141,1.4546226304596181e-05
185.37697621256666,0.1115694011506807,1.4531943338349142e-05
185.39741033597238,0.10920416928054211,1.4516423598720323e-05
185.4178444593781,0.1066478395974668,1.4499597987526697e-05
185.43827848231012,0.10387519239868831,1.4481964199125453e-05
185.45871270525095,0.10085888203521444,1.44624742578172e-05
185.47914682772534,0.09764755084715981,1.444134137104774e-05
185.49958084996615,0.09422525725282052,1.4419035997413934e-05
185.52001507196837,0.09067706172601872,1.4396585395546424e-05
185.54044919374428,0.08665046952854415,1.4369406530099922e-05
185.56088321551215,0.08254183074843385,1.4342707903916199e-05
185.5813173368224,0.0782566625749926,1.4315687134102109e-05
185.60175155766774,0.07387550989171121,1.4287667847209703e-05
185.62218557851156,0.06875084287480782,1.425229317066882e-05
185.64261969911604,0.06365691882872987,1.4219321494779953e-05
185.66305391949572,0.05838286075769861,1.4184627920233359e-05
185.68348793940095,0.052906638368225324,1.4150160878270548e-05
185.7039220593142,0.051121982290439114,1.4166380528681717e-05
185.7243561787618,0.04282157596742698,1.4094402637691342e-05
185.7447903982029,0.03753751949807646,1.4066230421035822e-05
185.76522441718407,0.029135555663731563,1.3998211520786665e-05
185.78565853593318,0.02283719632802012,1.3957371521041655e-05
185.80609275467577,0.016354750688128823,1.3916884975234765e-05
185.82652677295846,0.009811264836125287,1.3875687169415157e-05
185.84696089100908,0.0031355389770646802,1.3833703642185746e-05
185.8673949088261,-0.003501670771581487,1.3792222281652975e-05
185.88782912640454,-0.01024658223538617,1.3750357091247246e-05
185.90826324352383,-0.016999237564742975,1.370874973711558e-05
185.92869736063585,-0.02370085580557091,1.3667244114709686e-05
185.94913147752231,-0.030386517314263527,1.3626546508064038e-05
185.96956559394312,-0.037046801428250634,1.3586335490740457e-05
185.98999971036392,-0.0436319500685041,1.3546183122101688e-05
186.01043372631102,-0.05011851321148798,1.3507460471055103e-05
186.03086794226692,-0.05658079808644979,1.3468687439293924e-05
186.05130205774913,-0.06293235611691009,1.3430761314615098e-05
186.071736073005,-0.06918032917085684,1.3393464927415147e-05
186.0921702880296,-0.0753640864661327,1.3356869038640086e-05
186.11260440282058,-0.08145879498619735,1.332055021783802e-05
186.1330384173707,-0.08743568737348698,1.328531699692834e-05
186.15347253169602,-0.09334444867992733,1.3250569464652734e-05
186.173906745782,-0.09918274760239758,1.321597580815614e-05
186.19434085964167,-0.10485039840323435,1.3182425293318261e-05
186.2147748730349,-0.11044369237387629,1.3149874761556242e-05
186.23520908642968,-0.11592483241276041,1.3117668137365123e-05
186.25564319935074,-0.12128795255675487,1.3086548226243581e-05
186.27607721227832,-0.12654394439318467,1.305584687031191e-05
186.296511324741,-0.13168448244978173,1.3026179093359392e-05
186.31694553696434,-0.13667239465176012,1.299735731780944e-05
186.3373795489606,-0.14153789270488565,1.2969023564844836e-05
186.3578136607248,-0.14621568817205738,1.2942380371193619e-05
186.37824787224963,-0.15075326055605648,1.2916206549603445e-05
186.3986818835474,-0.1550090535855038,1.2891868636766657e-05
186.41911599460582,-0.15890814886513932,1.2870770053819483e-05
186.43955010543868,-0.16279033932672626,1.2848598518740011e-05
186.4599842158059,-0.1665812229676763,1.2825982939211273e-05
186.4804183261731,-0.1699203758345655,1.280720324562879e-05
186.50085243606736,-0.17306468621259788,1.2789231127505344e-05
186.52128664596967,-0.1759540740939414,1.277310314090292e-05
186.5417206553975,-0.17854483691970527,1.2758418746805133e-05
186.56215476460056,-0.1808951082330654,1.274511951355748e-05
186.58258877380285,-0.18296429109572798,1.2733435220199704e-05
186.603022982541,-0.18474216611080632,1.272335008392055e-05
186.6234570910383,-0.1862566423220275,1.2715071747726701e-05
186.64389109930926,-0.18746817123261347,1.2708344095407406e-05
186.6643253071088,-0.18838965918652192,1.2703694620807125e-05
186.68475941491488,-0.18921636117357793,1.2698652167911462e-05
186.70519352248812,-0.18978014638569615,1.269511684892852e-05
186.72562752959493,-0.19009569988761804,1.2693565779283053e-05
186.746061736696,-0.1899639704516511,1.2695449212640963e-05
186.7664958433379,-0.1898767418933117,1.2695610525473148e-05
186.78692984974623,-0.18966038002243274,1.2696344257100266e-05
186.8073640561488,-0.18918958699844018,1.2698517384060094e-05
186.82779816209222,-0.18845261781492179,1.2702696748527598e-05
186.84823216780205,-0.18761583501605644,1.2707249725759674e-05
186.86866627327254,-0.18642517499089512,1.2714994623568542e-05
186.88910047851823,-0.18542467075919697,1.2719567290945755e-05
186.90953448329674,-0.18395777446141903,1.2729047703821651e-05
186.92996858806873,-0.18235925854173818,1.2738731769543282e-05
186.95040279261593,-0.1811370528640326,1.2743483104104153e-05
186.97083679669595,-0.17948204289153943,1.2753037286362433e-05
186.99127090076945,-0.17772816724383603,1.276282000935599e-05
187.01170500438457,-0.17586316013344583,1.2773440143949368e-05
187.03213920776034,-0.17388657465648344,1.2784463408651313e-05
187.05257321090903,-0.17185905047029404,1.279589954334788e-05
187.07300731382566,-0.16978250863661348,1.2807609844430226e-05
187.0934415165102,-0.16760450123199,1.2820145185302663e-05
187.11387551895314,-0.16539253943604382,1.2832696658480729e-05
187.13430962117127,-0.16310190468630115,1.2845274168136563e-05
187.15474372315657,-0.1607562651080336,1.2858859123140231e-05
187.17517782466894,-0.15838343705882132,1.2872535163338223e-05
187.19561192618858,-0.15588198495903297,1.2886735887847859e-05
187.21604602724256,-0.15340664747940735,1.29005097353869e-05
187.23648012828926,-0.15088548079646846,1.2915108176830279e-05
187.25691422887758,-0.14830695773328853,1.2929984532852074e-05
187.27734832923306,-0.14574366588386398,1.2944485382938727e-05
187.29778232934768,-0.14314286662803244,1.2959541090235605e-05
187.31821652923827,-0.14050103956849752,1.297446979303764e-05
187.33865062889527,-0.13790702094766027,1.2989325579475617e-05
187.3590846283114,-0.13524761270855,1.3004458892632753e-05
187.37951882727066,-0.13260191287990986,1.3019827310397125e-05
187.39995292622916,-0.12994848233133907,1.3035350940445052e-05
187.42038692471397,-0.1272903307015937,1.3050508457587502e-05
187.4408210232068,-0.1246317714890196,1.3066039195263385e-05
187.46125522123475,-0.12196566461264505,1.3081385714263342e-05
187.48168921902106,-0.11929747648710384,1.3096905244278912e-05
187.50212331658258,-0.11660666953124182,1.3112413066057854e-05
187.52255751391203,-0.11393336986672686,1.3127978456132894e-05
187.54299161100062,-0.11125050474065956,1.314377480211343e-05
187.56342560786288,-0.10856733049806423,1.3159475024092227e-05
187.58385970449308,-0.10587575875887542,1.3175184365921964e-05
187.60429390088393,-0.103127915738316,1.3191237150876964e-05
187.62472789681487,-0.10045929045603055,1.320662527592165e-05
187.64516199274658,-0.09777057151623694,1.3222422359673253e-05
187.6655961882061,-0.09507478488424809,1.3238012064098858e-05
187.68603018343856,-0.0924108789308776,1.3253485795857827e-05
187.70646427843894,-0.08971324886812541,1.3269523425690296e-05
187.72689837319922,-0.08701463776807303,1.3285433960126442e-05
187.74733246773394,-0.08430969924478146,1.3301214210213117e-05
187.76776656203583,-0.08163857137079164,1.3317280778571547e-05
187.78820065609762,-0.07896603866438004,1.3332927067184911e-05
187.8086348499346,-0.07630909262369864,1.334861782802414e-05
187.8290688433044,-0.07360516321805606,1.3364724816307162e-05
187.8495029366677,-0.07093946781010865,1.3380595931089915e-05
187.86993692957185,-0.06831082892598173,1.3395970236276217e-05
187.8903711222447,-0.06560477583765022,1.3412270044517988e-05
187.91080521467666,-0.0629671523499489,1.3427755415595845e-05
187.9312392068823,-0.06032560668713059,1.3443849540546822e-05
187.95167339885666,-0.057704791134609086,1.3459161193306828e-05
187.97210749059013,-0.0550693470739492,1.347507586755177e-05
187.99254158209806,-0.052479919354341015,1.3490829090612543e-05
188.0129755733724,-0.049857819517396734,1.3506282100248821e-05
188.0334097641753,-0.04727541623296996,1.352199448883197e-05
188.07427784532774,-0.04206729336050267,1.3552682253304245e-05
188.09471203543217,-0.03949886499093354,1.3568232008917953e-05
188.11514612531028,-0.03694776096351749,1.3583165329762923e-05
188.1355801149548,-0.03440179488161938,1.3598969657288626e-05
188.15601420435996,-0.03182493190968887,1.3614369775473188e-05
188.17644839354034,-0.029272544911104606,1.3629950463768128e-05
188.19688238248636,-0.026772639646004282,1.3644752481627646e-05
188.21731647119304,-0.024246140496550394,1.3660491626075182e-05
188.2377506594421,-0.021735532255246,1.3675409991415155e-05
188.2581847476904,-0.019271969035966223,1.369062227314928e-05
188.278618735465,-0.016804702999918777,1.3705376303199083e-05
188.2990528230148,-0.014351916306617241,1.3720416032008595e-05
188.31948701033252,-0.01194255706347844,1.3735050975233993e-05
188.33992099740863,-0.009517851454399021,1.3749785700585314e-05
188.36035508425994,-0.007101846681740481,1.376477350143934e-05
188.38078927087918,-0.004711973874707326,1.377962252527804e-05
188.4012232572568,-0.0023355114075862323,1.37942312259379e-05
188.42165734317678,-0.0,1.380849142700439e-05
188.44209142909676,0.0023220698390529993,1.3822864245923837e-05
188.4625255145438,0.0046739480580042375,1.383730311071673e-05
188.4829595997653,0.006961095768626418,1.3851819152964547e-05
188.50339368475397,0.009239233978932008,1.3865975685421674e-05
188.52382776950253,0.011493346015025024,1.3879837752462383e-05
188.54426185402554,0.013720087797262118,1.3893641039421214e-05
188.5646959383157,0.015918410828275303,1.3907375024973227e-05
188.5851299223723,0.01812119390253003,1.3921131532867178e-05
188.6055641061903,0.02029663744664964,1.393458010904782e-05
188.62599818954914,0.02243267667641069,1.3948000198605937e-05
188.64643217266712,0.024579066612830342,1.3961357016398172e-05
188.6668663557939,0.02672377564453784,1.3974852489541895e-05
188.68730043845426,0.028813288812865545,1.3987892050542082e-05
188.70773442088102,0.03088903853128351,1.4001122720584515e-05
188.72816850306845,0.03294342453840464,1.401415685275913e-05
188.7486025850303,0.03494222304649113,1.4026515904950671e-05
188.76903666651924,0.03699712805534425,1.403968528262287e-05
188.78947074801545,0.03897259593159543,1.4052125602486279e-05
188.80990482927882,0.040981941425487535,1.4064932188830753e-05
188.83033891007653,0.042950108114020044,1.4077410544703426e-05
188.85077299063414,0.04490814510864637,1.4089964392842775e-05
188.87120697119826,0.04685606568285192,1.410199465740248e-05
188.89164115129097,0.04877273117462135,1.4114502560023498e-05
188.91207523115736,0.05067915891801923,1.4126802026169412e-05
188.93250921055733,0.05254708728377262,1.4138735967905873e-05
188.95294338995882,0.05443048154016887,1.4150597839867848e-05
188.97337746911944,0.05624406932228925,1.4162373422932276e-05
188.99381154782168,0.05806114385935757,1.4174085071546836e-05
189.01424552652315,0.059877262409259384,1.4185806773898246e-05
189.03467970475322,0.06165573131229152,1.4197179947643959e-05
189.05511378275696,0.0634459820831353,1.4208678726931673e-05
189.07554776052712,0.06519198996243632,1.4219889128344288e-05
189.09598193805869,0.0669352618700151,1.4231308811679324e-05
189.11641601536394,0.06868324045942703,1.424262411204059e-05
189.1368499924356,0.07038600172482906,1.4253602428771348e-05
189.1572840690351,0.07205837173224064,1.4264637605747623e-05
189.1777182456426,0.07374089336560445,1.4275526327428182e-05
189.19815222178295,0.0754415764393476,1.4286708425221705e-05
189.21858629768394,0.07710388208067516,1.4297690660604907e-05
189.23902047359297,0.07873738767245315,1.4308564290760578e-05
189.25945444903482,0.08036789112438913,1.4319001789657162e-05
189.27988852423732,0.08200154046087291,1.432961862261161e-05
189.30032259898144,0.08369638885559674,1.434077240526107e-05
189.32075677372632,0.08527723675830157,1.4351183523864427e-05
189.34119074822956,0.08691597277649994,1.4361605441029292e-05
189.3616248222752,0.08852268439526521,1.4372120357059697e-05
189.38205899608147,0.09011896581006787,1.4382401971655598e-05
189.4024929698935,0.09169613636816623,1.4392805509480767e-05
189.42292704324063,0.09331165591718883,1.440347167478424e-05
189.44336101635417,0.09483646778999362,1.4413278591618859e-05
189.46379518922913,0.09638552445096454,1.442350441257563e-05
189.48422926164494,0.0980238405427143,1.4434575394946366e-05
189.50466333406075,0.09949725413122149,1.4443880896079924e-05
189.52509740600362,0.10098349258230013,1.4453850001923482e-05
189.54553147795377,0.10250475258019037,1.4463678305610012e-05
189.56596554943826,0.10399071245911531,1.4473654387606692e-05
189.58639952068188,0.10541476522886678,1.4483293892003929e-05
189.60683369170147,0.10690518901262618,1.4492790995276817e-05
189.6272677624802,0.10824677449721959,1.45015169071054e-05
189.6477017330326,0.10961128424753752,1.4510531727091245e-05
189.66813580335292,0.11095400358542672,1.4519596669969664e-05
189.68856997320836,0.11225694021730119,1.4528123443804444e-05
189.709003943055,0.1134766321815025,1.4536274890462292e-05
189.729438012444,0.11471294501700814,1.454436052757725e-05
189.74987218159367,0.1158566064381221,1.455243410260734e-05
189.77030625051702,0.11698452109272604,1.4560129773711482e-05
189.79074021920678,0.11807855340957367,1.4567548600167072e-05
189.81117428766447,0.1191153136363146,1.4574658744551506e-05
189.83160845588282,0.12005161553496062,1.4580544278342352e-05
189.85204242364125,0.12099359847922743,1.4586985701798174e-05
189.87247649140045,0.12182662891347121,1.4592548497679623e-05
189.89291065868747,0.12260709580502255,1.4597707265925421e-05
189.9133446257474,0.12327772646862326,1.4602481956880074e-05
189.9337786925753,0.12382806500994493,1.4606033425731848e-05
189.9542126591623,0.12437371438537886,1.4609338235123932e-05
189.97464682552527,0.12477317120428788,1.4612243362686684e-05
189.99508089165465,0.1250330894053008,1.4613986168458601e-05
190.0155149573111,0.1252701326068128,1.4615467542935311e-05
190.03594902297482,0.12534439968254496,1.4616027957588571e-05
190.05638308817288,0.1252821625658607,1.4615606231845966e-05
190.07681715313083,0.12509643485548244,1.4614387332463433e-05
190.09725111786247,0.12478575680266857,1.46123711566162e-05
190.1176852823628,0.1243153790594354,1.4609162202507602e-05
190.13811934662226,0.1237042485499927,1.4604696573413458e-05
190.1585533106554,0.12290882834362504,1.4599290700233366e-05
190.17898747445724,0.12196550282733705,1.4592918144357142e-05
190.19942153778538,0.12085492868955995,1.4585572505785577e-05
190.2198555008872,0.11958336365628491,1.4577192429963985e-05
190.2402895639898,0.11805035065853445,1.4566764181330968e-05
190.2607237266202,0.11635825212591303,1.455543317435462e-05
190.2811577890243,0.11443849298468271,1.45423685923529e-05
190.30159175096196,0.11233531514864858,1.4528391032023456e-05
190.32202591289388,0.10999079499723072,1.4512899364803089e-05
190.34245997459948,0.10746243649799442,1.449628145376819e-05
190.36289393583866,0.10471981826063265,1.4477971164714937e-05
190.3833279968385,0.10167220610817597,1.4457923926722382e-05
190.40376215784636,0.09848577914234971,1.443678407221641e-05
190.42419611838704,0.09502106800197681,1.4414191754301209e-05
190.44463017868839,0.0913541361008459,1.4390162047383778e-05
190.4650643385321,0.08746568568344215,1.4364634538617818e-05
190.4854982983743,0.08334686775360713,1.4337588264112535e-05
190.50593235797714,0.07899688945527311,1.4308964925994043e-05
190.5263664171216,0.07441888779519482,1.4278712229284313e-05
190.54680047603324,0.06960064746952416,1.4247287120791797e-05
190.56723453470477,0.06464243927723848,1.4215303155767688e-05
190.58766859315074,0.059398775710185106,1.4181364610254183e-05
190.60810275136464,0.05401086593682301,1.4146579667351784e-05
190.6285367093369,0.04839280337060417,1.4110702197542158e-05
190.6489707670844,0.04259599386527473,1.4074251061793364e-05
190.66940472436545,0.03661220681796704,1.4036031632587511e-05
190.68983888164075,0.030435501764415448,1.3997338711485456e-05
190.7102729384569,0.024204367700019436,1.3957886524537142e-05
190.73070699504024,0.01779818405468632,1.3917810795512009e-05
190.75114105138346,0.011279233701675478,1.3877537156888032e-05
190.77157510750112,0.004716363888425952,1.3836922683744041e-05
190.79200916315312,-0.0019441116011117943,1.3795647814981132e-05
190.81244311880437,-0.008630832430556071,1.3754455082331173e-05
190.8328772739842,-0.015317138310367772,1.371407798145846e-05
190.85331132917054,-0.022013779666415947,1.367322110111653e-05
190.87374528388318,-0.028615639582177648,1.3633125144429297e-05
190.8941794383718,-0.035228377332619985,1.3592899879143167e-05
190.9146134926268,-0.0417323891387759,1.355400930447816e-05
190.9350474464154,-0.04816629475672851,1.3515093881518574e-05
190.9554815001975,-0.05452125141360161,1.3476678466966817e-05
190.97591565375478,-0.06089003628963003,1.3438125333771286e-05
190.9963496068376,-0.06712972118534698,1.3401200648311877e-05
191.01678365969565,-0.07331671938570619,1.3364820789475564e-05
191.05765176470595,-0.08541599877025452,1.32933484867939e-05
191.0780858168655,-0.09134506041786965,1.3258514347612342e-05
191.0985198687922,-0.09723061648813447,1.3223768530019602e-05
191.11895402024675,-0.1029475031619982,1.3190479796482158e-05
191.13938797170704,-0.10857237396400878,1.3157537328841031e-05
191.15982202270243,-0.11296460289974788,1.3139537178966914e-05
191.18025617345847,-0.11962151808952348,1.3093970721039175e-05
191.20069012398744,-0.1248570277788122,1.3063772858968509e-05
191.22112417428434,-0.13006183399061425,1.3033703792700595e-05
191.24155822434113,-0.13513013199968713,1.3004708829156818e-05
191.26199227393954,-0.1399040328468429,1.2977517669007734e-05
191.28242632353795,-0.1445883573732804,1.2950634031152577e-05
191.30286037266342,-0.14905074663117632,1.2925158129530694e-05
191.32329442156333,-0.15335676295943382,1.2900564707771225e-05
191.34372847023042,-0.15747209097267986,1.2876988581190247e-05
191.3641625186574,-0.16137591677143073,1.2854929154411744e-05
191.38459646685806,-0.16504873040566106,1.2834681606949455e-05
191.40503061459458,-0.1684804628155098,1.2815303595924271e-05
191.42546466232307,-0.17166896265615672,1.2797247254081966e-05
191.4458986095924,-0.1742793313597604,1.2783998237731526e-05
191.46633275663044,-0.1772467078680906,1.2765867205054083e-05
191.4867668034276,-0.17967113120759032,1.2751748858239545e-05
191.50720074999845,-0.18180611192535276,1.2739864049401648e-05
191.52763479633722,-0.18366673972594705,1.272940074966273e-05
191.54806894243666,-0.18525369318592969,1.2721183430863695e-05
191.56850298807694,-0.18658995057093536,1.2713563685789237e-05
191.58893693371647,-0.18768821660411877,1.2707393288142605e-05
191.60937107888458,-0.18849430787453522,1.2702791047799924e-05
191.62980512382637,-0.18913207431816198,1.2699172651398295e-05
191.65023906853457,-0.1895413206035924,1.2696758589999446e-05
191.67067311277788,-0.18971486455513092,1.2695719046300406e-05
191.69110725701466,-0.18968978280811144,1.269603430974627e-05
191.71154120102437,-0.1894514172905057,1.2697295294937847e-05
191.7319752445619,-0.18903865474523604,1.2699704683937808e-05
191.75240938787465,-0.18842726659254083,1.2703119851604071e-05
191.77284333095304,-0.18766669500809252,1.2707432362375017e-05
191.79327737379936,-0.18667924872713462,1.2713015714924504e-05
191.81371141640557,-0.18560682442599696,1.2718646659371812e-05
191.834145558787,-0.18430409100956527,1.2726108003798909e-05
191.85457950069394,-0.18292154282789652,1.2733943027934907e-05
191.8750135423761,-0.18136672940241577,1.2742449322096922e-05
191.91588162527478,-0.17714048377276803,1.2771505707032702e-05
191.93631566601834,-0.17613502855875623,1.2771964633382214e-05
191.95674960676843,-0.17417622517300152,1.2782845792080042e-05
191.97718374727992,-0.1721674148473419,1.2794090550612876e-05
191.99761778733227,-0.17006018071723267,1.280606699980147e-05
192.01805182738462,-0.16790526037264464,1.2818287070857076e-05
192.0384858669713,-0.16565133702734774,1.283090380997123e-05
192.0589199063179,-0.16335719124881035,1.2844080685222209e-05
192.07935394543892,-0.16099263450573292,1.2857326347346132e-05
192.09978788409353,-0.15862328738107678,1.2870677320373257e-05
192.12022202274238,-0.1561624917859413,1.288473371248984e-05
192.1406560609321,-0.15367265955083467,1.2898693425817101e-05
192.16108999912103,-0.15114527216329476,1.2913021976341958e-05
192.18152413683856,-0.14859104851984203,1.2927523196733931e-05
192.20195817432977,-0.14601543485267754,1.2942258907698955e-05
192.2223921115874,-0.14339600090994245,1.2957348392393224e-05
192.24282614837284,-0.14074876440475537,1.2972364210353029e-05
192.26326028516633,-0.13812236682296464,1.2987551235711248e-05
192.28369422149262,-0.1354401475836191,1.3002925898787992e-05
192.3041282578124,-0.13276001221888192,1.3018138054719481e-05
192.3245622936738,-0.13008351400007045,1.3033199785142011e-05
192.34499642929586,-0.12739862216696712,1.3048807359942526e-05
192.365430364458,-0.12468898184061414,1.3064292121702649e-05
192.3858643996209,-0.1219482926637367,1.3080061081782558e-05
192.406298434551,-0.11926290292598042,1.3095836343195888e-05
192.42673246900813,-0.11654286979146986,1.3111545040780001e-05
192.4471665032397,-0.11377945483334595,1.3127338703987132e-05
192.46760053723847,-0.11106434070372595,1.3142641467195756e-05
192.48803457099712,-0.10830439122390256,1.3158633908592249e-05
192.50846850452945,-0.10555095966318295,1.3174655327570729e-05
192.52890263759764,-0.10281041895443874,1.319064262589979e-05
192.5493366706578,-0.10005701290940228,1.3206763186954157e-05
192.56977070325956,-0.09730222529152328,1.3223187497941734e-05
192.59020463562774,-0.0945512378664036,1.3239157905877283e-05
192.61063876775734,-0.09180856263976436,1.3255222155157257e-05
192.63107279966061,-0.08906835557362092,1.3271354258418706e-05
192.6515067313303,-0.08632893699995924,1.3287553155859859e-05
192.6719407625278,-0.08354520515703971,1.330356323428273e-05
192.69237489373336,-0.08080194717711313,1.3319594729807166e-05
192.71280882447172,-0.07804914680460723,1.3335470490414556e-05
192.73324285497074,-0.07529754986000249,1.3352009865744952e-05
192.75367698524497,-0.07256195504944285,1.3368257469628755e-05
192.77411091528484,-0.0698405579896231,1.3384578577278722e-05
192.79454494485253,-0.06713986462993272,1.3400474795027295e-05
192.8149789744275,-0.06443176330244713,1.3416993046310328e-05
192.83541300353681,-0.0617578689008287,1.3432939694888064e-05
192.85584703240602,-0.059084952740565626,1.3448727754781426e-05
192.87628106104967,-0.05642355375741129,1.3464911636337936e-05
192.89671518946125,-0.05378785034229572,1.3480768677744375e-05
192.91714911739837,-0.05113618891220624,1.3496234943066388e-05
192.93758314534352,-0.048506737721778825,1.3512324949647465e-05
192.95801707282226,-0.04590220876922554,1.3527954678077441e-05
192.97845120029524,-0.04330432614350344,1.3544125192012293e-05
192.99888522730907,-0.04071893434827691,1.3559028372965268e-05
193.0193191538565,-0.03816083301933817,1.3574589809802917e-05
193.03975328039814,-0.03557864070303278,1.3590239717278661e-05
193.0601873067135,-0.033050253764647784,1.3605281695057237e-05
193.08062133256317,-0.030508113948249472,1.3620550778113068e-05
193.10105525817198,-0.02797045442349624,1.3636282183915482e-05
193.1214893837896,-0.025457982756734637,1.3651646928607862e-05
193.14192340894078,-0.022995305044616457,1.3666801370228649e-05
193.16235733361827,-0.02051735194163701,1.3681899572160228e-05
193.18279145830456,-0.01808967417130314,1.3696440546166712e-05
193.20322548252443,-0.015598796272345413,1.3711584873353509e-05
193.22365940673626,-0.013165731306480768,1.3726392045129176e-05
193.24409343049047,-0.010741070102245757,1.374153294504052e-05
193.2645275540126,-0.008335731082997445,1.3756091601710719e-05
193.2849614772931,-0.005938768059891122,1.3770688493421148e-05
193.305395500116,-0.0035181247321284578,1.3785802925269626e-05
193.32582962293964,-0.0011730235773542465,1.3799988710043824e-05
193.34626364528958,0.0011953959658670351,1.3814425506495829e-05
193.3666975674132,0.0035106349471121733,1.3828455690430291e-05
193.38713158930477,0.005818033246378666,1.3842910156371001e-05
193.407565710957,0.008064038418214174,1.3856823863198434e-05
193.42799963238213,0.010358779085533273,1.3870798134529368e-05
193.4484336535752,0.012560203908089682,1.3884453152505535e-05
193.4688677742961,0.014777401831431882,1.3898374687112e-05
193.4893016947899,0.01693395513871573,1.3911792726529376e-05
193.50973571505165,0.019104618740995605,1.39250161700736e-05
193.5301696350798,0.02124275698844475,1.3938259609087775e-05
193.55060375486937,0.023351162390097276,1.3951467806708604e-05
193.5710377741998,0.025432140470334492,1.3964750558619264e-05
193.59147179352294,0.027503775268868304,1.3977770606696046e-05
193.61190571238694,0.02954206682699153,1.399021861706358e-05
193.63233983101964,0.03156756562667942,1.4002541724758497e-05
193.65277384941146,0.033564125321174414,1.4015262270233474e-05
193.67320776757697,0.035564584771344054,1.4027755422560756e-05
193.69364188527834,0.03750112503953926,1.4039919328980115e-05
193.71407590297167,0.03946661744403301,1.4052362823172762e-05
193.73450982020586,0.04137858551147143,1.4064357777354214e-05
193.75494383720797,0.0432332447318117,1.4076201823260048e-05
193.77537795397075,0.04512169339503232,1.4088340483131904e-05
193.79581187050644,0.04696985394332832,1.4100045484057061e-05
193.81624588657724,0.048764808427322864,1.4111344213985617e-05
193.83668000264151,0.05058886399270767,1.4122940299893817e-05
193.85711401824665,0.0523882415877381,1.4134284024357221e-05
193.8775479336182,0.05417242804057566,1.4145733490110256e-05
193.89798194875766,0.05593269107640403,1.4156893406020794e-05
193.9184160636578,0.05769573723510529,1.4168299045093183e-05
193.93884997833084,0.05945546137118402,1.4179412198870388e-05
193.9592839925317,0.06120518949054547,1.4190961063165834e-05
193.9797181065078,0.06293714465164488,1.4201886106523032e-05
194.00015202024952,0.06465821487762703,1.4212983318774027e-05
194.04102004702872,0.06812560499432357,1.4235346951808824e-05
194.06145406007272,0.06983038711863848,1.4246278760515815e-05
194.08188807264378,0.07155922197756086,1.4257489518439687e-05
194.10232208498928,0.07323156677218375,1.4268231579040727e-05
194.1227560973348,0.07491192749389702,1.4279238354744772e-05
194.14319010921463,0.0766178981024194,1.4290517716912738e-05
194.16362412062153,0.07825712337920272,1.430116299594982e-05
194.18405803203495,0.0799269023156124,1.431209907290622e-05
194.20449214297696,0.0815695171353489,1.4322507324331783e-05
194.22492615392548,0.08322364768398753,1.4333401824584574e-05
194.24536006440758,0.084844990051992,1.4343919667043598e-05
194.2657941746511,0.08647231687029348,1.4354395614788225e-05
194.28622818443546,0.08806232951061307,1.4364999043671258e-05
194.30666219421983,0.08967477555185967,1.4375574077006009e-05
194.3270961035305,0.09121795684677464,1.4385624814431441e-05
194.34753021284996,0.09275376111741507,1.4396049929504583e-05
194.367964221703,0.09429018203780788,1.4406241294928195e-05
194.38839813032246,0.09588568291974053,1.4416981310399156e-05
194.4088322384705,0.09738777436215888,1.4427132964495834e-05
194.42926624662505,0.098943609062523,1.4437518394504729e-05
194.4497001543059,0.10040377119252661,1.4447342523662027e-05
194.47013416176196,0.1019035750527267,1.4457584620669506e-05
194.49056826898595,0.10339751495503645,1.4467860826449614e-05
194.5110021759756,0.10490563443220466,1.4477352989994096e-05
194.53143618272588,0.10634271043937146,1.44871896881023e-05
194.55187028925138,0.10776906429713948,1.4496924824347205e-05
194.57230419530242,0.10916062942443712,1.4505830377503008e-05
194.59273820112867,0.11055453421769137,1.4515383121604604e-05
194.61317220672208,0.1118724382239983,1.4523623629776158e-05
194.63360621208267,0.1131668022612682,1.4532780850212864e-05
194.65404021720315,0.11441133744095486,1.4540259008665101e-05
194.67447422186524,0.11563488420579049,1.4548620824476956e-05
194.694908326288,0.11683076490240897,1.455641901460053e-05
194.71534223048366,0.11792997935574479,1.4564005526737537e-05
194.73577623444726,0.11899625948239624,1.457077086196567e-05
194.75621013817727,0.1199710854537277,1.4577577733144476e-05
194.7766442416687,0.12090884485016766,1.4583638537160683e-05
194.79707824470097,0.12177954213701617,1.4589768777997464e-05
194.81751224772597,0.12256869513285201,1.4595010803195193e-05
194.8379462502926,0.12325154969973211,1.4599784675633941e-05
194.85838025262638,0.1239216975692612,1.4604258301673995e-05
194.8788142544945,0.12447348467247477,1.460780341815929e-05
194.8992481563546,0.12490304235477842,1.4610758059808648e-05
194.9196822577578,0.1252257833092748,1.4613081513461026e-05
194.94011625892017,0.12545212003042278,1.461499964881142e-05
194.9605501598562,0.1255359455654983,1.4614978683616522e-05
194.98098426056094,0.1254862109744062,1.4614618895788397e-05
195.0014182610321,0.12536910303233575,1.4613752478333772e-05
195.02185216102953,0.12508127972157937,1.4611686113537338e-05
195.042286161035,0.1246360216884923,1.4609008308417654e-05
195.0627202605683,0.12405651380250453,1.4605211276696326e-05
195.08315415987454,0.12331383063186334,1.460022151960172e-05
195.1035881589487,0.12245278134142736,1.4594344953589848e-05
195.12402225755795,0.12133683444457712,1.4586952239603938e-05
195.14445625615917,0.12006518412472611,1.4578226163379772e-05
195.16489015430125,0.11859493664064572,1.4568379208953408e-05
195.18532415221125,0.11693414205435862,1.4557315656766262e-05
195.2057582498819,0.11506897835478729,1.4545262230044725e-05
195.2261921473255,0.1130031976055146,1.4531124744523134e-05
195.24662614430417,0.11069395195558229,1.4515700428461791e-05
195.26706024127634,0.10820737834498229,1.4499568019642228e-05
195.2874941377886,0.105472093808505,1.4481275674129323e-05
195.3079281340688,0.10247114003660646,1.446087585293524e-05
195.32836213010887,0.09925003249917193,1.4439480079213112e-05
195.34879612569057,0.09579552982128701,1.4415925984824493e-05
195.36923012127227,0.09209409313267661,1.4391556229771239e-05
195.38966411638103,0.08814889760334858,1.43650931002045e-05
195.410098211265,0.0839739095567405,1.4338698891589679e-05
195.4305321059146,0.07951500270861894,1.4309155402462449e-05
195.45096610032488,0.0748168386034634,1.4278812566388403e-05
195.471399994276,0.06991322723451147,1.4246882000191367e-05
195.49183408822864,0.06479724726746182,1.4213692308617985e-05
195.5122680817076,0.059467010210955025,1.4179374132480321e-05
195.53270197496022,0.05392494962643593,1.414384452624412e-05
195.55313606798154,0.04817943252398396,1.4107392531767934e-05
195.57357006052916,0.042264580969979926,1.4070053153012666e-05
195.59400405308406,0.03619254906779955,1.403152176943375e-05
195.61443794517254,0.029980758617949542,1.3992466030708768e-05
195.63487203702243,0.023647637489295277,1.3952761647902565e-05
195.655306028646,0.017207700830705133,1.3912799299819433e-05
195.675739920036,0.010677778771671156,1.3872350229271381e-05
195.69617401095456,0.004101962717941798,1.3832507510319417e-05
195.71660800187965,-0.0025029971125134004,1.3791509508560538e-05
195.7370418923383,-0.00912506448939866,1.375088884979424e-05
195.75747588255763,-0.015767277062663308,1.371031061098949e-05
195.77790997231932,-0.02243406206596337,1.3669620088609357e-05
195.7983438620795,-0.029053133614751866,1.3629183824416178e-05
195.81877785136749,-0.03565277359341639,1.3589782426818405e-05
195.83921194066352,-0.042271719106793684,1.3549554986699253e-05
195.85964582949237,-0.04879378603975326,1.3510105104208644e-05
195.88007981808187,-0.055273988189608006,1.3471077237190204e-05
195.90051380621298,-0.061751658089267164,1.3432455128810763e-05
195.92094789434486,-0.0680975565310204,1.3394696977079899e-05
195.94138178200228,-0.07434865962032898,1.3357528931802097e-05
195.9618157694349,-0.08053723892020657,1.3320801442592132e-05
195.9822497566347,-0.08661077792660585,1.3284703391951254e-05
196.0026837435944,-0.09264987470433582,1.3249570516336593e-05
196.02311773032852,-0.0986155656554,1.3214640996048555e-05
196.04355161659623,-0.10441683716035607,1.3180863504118887e-05
196.06398570262536,-0.11017772071428801,1.3147153918545203e-05
196.0844195884274,-0.11575398504047274,1.311555319917396e-05
196.10485367399815,-0.12128693004705393,1.3083774570884196e-05
196.12528765932802,-0.12666312088695372,1.3052647874375702e-05
196.1457216441995,-0.13190220506143724,1.3022639222734994e-05
196.1661555288374,-0.13699482006702426,1.299343277627031e-05
196.18658951323596,-0.14190277098568763,1.2965148085569708e-05
196.20702359740972,-0.14665953671852372,1.2938396651316495e-05
196.22745758134988,-0.1512328087220022,1.2912721784160929e-05
196.24789146481635,-0.15556834055043683,1.288803088804018e-05
196.2683255482916,-0.15965544691040404,1.2865063852621537e-05
196.2887594312997,-0.16361942461974738,1.2842591051335145e-05
196.30919341406843,-0.16727670625640484,1.2821937533132923e-05
196.3296273966116,-0.17068309570042003,1.2802566422478908e-05
196.35006137868913,-0.17387719838017443,1.2784779130607206e-05
196.37049536052655,-0.1767766937382878,1.2768539086114202e-05
196.39092934237124,-0.17948725204345578,1.2753399404594814e-05
196.41136332375027,-0.18189701313069326,1.2739796212413998e-05
196.43179730465636,-0.18407455253810057,1.272774126831662e-05
196.45223128556972,-0.18596044296243505,1.2717093981252072e-05
196.47266516601667,-0.18759431198521143,1.270813461536208e-05
196.49309924645786,-0.18902280384013043,1.27001392878111e-05
196.5135332264399,-0.1900580302598691,1.269434118688627e-05
196.5339672059563,-0.1908853814169424,1.2689603953215718e-05
196.5544011854654,-0.19148759963686823,1.2686042803171916e-05
196.57483516451612,-0.19183415809821358,1.268425215197293e-05
196.59526904356608,-0.19196350518419406,1.2683404464327892e-05
196.61570302215114,-0.191875359212868,1.2683948093338462e-05
196.63613710049685,-0.19159386696293212,1.2685419069269571e-05
196.65657107838342,-0.19112570953431096,1.2688164259643183e-05
196.67700495626195,-0.19043706628374368,1.2692337721354588e-05
196.69743903368362,-0.18961717448453652,1.2696845839917184e-05
196.7178730108717,-0.1885448864604896,1.270287848381424e-05
196.73830688782618,-0.18735476431881085,1.2709688088273254e-05
196.75874086454132,-0.1860326941599098,1.2716773231267223e-05
196.77917494079884,-0.1845523914418709,1.2724851102791387e-05
196.79960881704756,-0.18291127816271177,1.2734550803236982e-05
196.82004279283865,-0.18116886457233197,1.2744322309547121e-05
196.84047686839767,-0.17934792891097937,1.275457663376203e-05
196.8609107434895,-0.17746130953104167,1.2764810951415273e-05
196.88134471857484,-0.17544033450551844,1.277611950907623e-05
196.90177869320178,-0.17332288004802276,1.2788140250774988e-05
196.92221276758937,-0.17115026115166518,1.280003750184395e-05
196.9426466417499,-0.16890331580161855,1.2812721407526597e-05
196.96308061567834,-0.16657999705317444,1.2825729925618666e-05
196.98351468936744,-0.16421840194277407,1.283920956241819e-05
197.02438253559376,-0.15933918848518291,1.2866247934732549e-05
197.0448164083573,-0.15681285011741483,1.2880762843662838e-05
197.06525048088224,-0.15426921267295654,1.2895154661145513e-05
197.08568445294804,-0.15168505140197192,1.2909871359152531e-05
197.10611832501309,-0.14905597926533207,1.2924655748138348e-05
197.1265523966067,-0.1464403826373343,1.2939671716602955e-05
197.14698636797402,-0.14376601435619124,1.2954894288819482e-05
197.16742033910123,-0.14112193996431885,1.297029138375491e-05
197.18785420976928,-0.1384043537259077,1.298531794050087e-05
197.20828828043886,-0.13570706606546468,1.3000531215237906e-05
197.22872225064202,-0.13301216464093366,1.3016098056996115e-05
197.2491561206043,-0.13029344538285026,1.303182890634372e-05
197.26959019034257,-0.127588614541788,1.3047392826653446e-05
197.29002415960713,-0.12488161457872947,1.3062712129659849e-05
197.3104580288782,-0.12216299554944329,1.3078143180544489e-05
197.33089199768438,-0.11943294301822932,1.3094042429909873e-05
197.35132606625848,-0.1167205241379417,1.3109640726449755e-05
197.37175993459095,-0.11402370113841807,1.3125071138528081e-05
197.3921939024658,-0.1112897202594801,1.3140570991599615e-05
197.41262797033414,-0.10857948650437044,1.315653851035882e-05
197.43306193774333,-0.10587361968149639,1.3172190650620649e-05
197.45349580491893,-0.10319829191120374,1.3187744684204901e-05
197.47392977186246,-0.10050189421727614,1.3203171813901569e-05
197.4943638383338,-0.09780485671318612,1.3219232674706408e-05
197.51479770481092,-0.09510411438462914,1.3234975298281864e-05
197.53523167081585,-0.09240707242211271,1.3250858449257567e-05
197.55566573659598,-0.08968252328336773,1.3266508630445988e-05
197.57609960190894,-0.08702334397060071,1.3282322300588742e-05
197.59653356722265,-0.0843263615758545,1.3298187156592411e-05
197.61696753206343,-0.08168423990688065,1.3313534828974093e-05
197.63740149691148,-0.07900942775208677,1.3329253312746508e-05
197.6578354612866,-0.07635152230211452,1.3344904856493784e-05
197.67826942520333,-0.07369524029812574,1.3360652275756707e-05
197.69870338912006,-0.07102059623379181,1.3376626059491646e-05
197.71913735257112,-0.06837168910342359,1.3392330067653873e-05
197.7395713157821,-0.06571139332992951,1.340852058328005e-05
197.76000517876673,-0.06309850482232444,1.3423911839045635e-05
197.7804392415128,-0.06044477496590585,1.343992666573935e-05
197.80087320403254,-0.057833055340075705,1.3455559445942443e-05
197.82130706608586,-0.05521530978280272,1.3471381441356059e-05
197.84174112790788,-0.05255753687945164,1.3486896647696623e-05
197.86217508948903,-0.04996039835364133,1.3502606826560127e-05
197.88260905084462,-0.04735627992534004,1.3518242094883549e-05
197.9030429117338,-0.044758655370647715,1.3534021750280877e-05
197.9234769726172,-0.04215741315259002,1.3549670473457278e-05
197.94391093304148,-0.03964052839135271,1.3564904810774588e-05
197.96434479323216,-0.03699880177337389,1.3580781603384508e-05
197.98477875295066,-0.034450740220254655,1.3596264022953931e-05
198.0052128126772,-0.03189092519912158,1.3611424631626777e-05
198.02564667193656,-0.0293531608145808,1.362700583666968e-05
198.06651468975178,-0.02428750972369168,1.3658088103422627e-05
198.08694854831265,-0.021755914740200784,1.3673297898750636e-05
198.10738250640134,-0.01930468298834222,1.3688366278810164e-05
198.1278164644973,-0.01682503753865796,1.3703298752866754e-05
198.1482504221276,-0.014329208139711657,1.3718962951007058e-05
198.16868437928497,-0.011938387042366955,1.3733270332874569e-05
198.1891183364496,-0.009509138566140926,1.3748187164578343e-05
198.20955229338142,-0.0071002848124517,1.3763043798666972e-05
198.2299862498403,-0.004699593626105815,1.3778056672681756e-05
198.2504202060736,-0.0023983304874486,1.379196761867767e-05
198.27085406207334,-1.7293159144124245e-05,1.3806416766208036e-05
198.29128811760165,0.0022881974659045867,1.3820301170172963e-05
198.31172207313648,0.004594072997656033,1.3834342613415335e-05
198.33215592820488,0.006836682102047685,1.3848397323795078e-05
198.3525899830347,0.009108505784998094,1.386181240941084e-05
198.3730239376382,0.011315265163008147,1.3875968164402347e-05
198.39345789177605,0.013506476559679674,1.3889564211063468e-05
198.41389174567303,0.015694796596259025,1.3903217780652345e-05
198.4343257995788,0.017851140621758247,1.391659527959239e-05
198.45475975301815,0.019993869809705904,1.39299696043792e-05
198.4751936059838,0.02209948437626915,1.394310619988473e-05
198.49562765895826,0.0242208818384167,1.3956401812458587e-05
198.51606161146628,0.026287715402057064,1.3969159398493436e-05
198.53649546373344,0.028357170628486007,1.3981909518455139e-05
198.5569294157758,0.03040059390167881,1.3994623550581175e-05
198.5773634675861,0.03241054164603656,1.4007079251935365e-05
198.59779731892195,0.03439390144932616,1.4019515017254337e-05
198.618231270033,0.03634549586426148,1.4031835439600255e-05
198.63866532091197,0.03832059168833071,1.4044522068423167e-05
198.65909917154931,0.040282748991211294,1.4056944674518973e-05
198.67953312196187,0.042190955650457766,1.4069020856775618e-05
198.69996707190876,0.04408369323892259,1.4080901086296784e-05
198.7204011216163,0.04596929904353632,1.4093004748962188e-05
198.74083497109677,0.04784018750251601,1.4104914470272836e-05
198.76126892034517,0.049685355034830944,1.411615106315844e-05
198.78170296935423,0.05152002589090607,1.4128038569546912e-05
198.80213681790337,0.05335517513305914,1.4139532424881047e-05
198.82257076622045,0.055138095615425424,1.4151069054057656e-05
198.84300461430394,0.056930274460011615,1.4162418224741449e-05
198.86343866214884,0.05870980226732943,1.4173812900232626e-05
198.8838726095346,0.06046210576248032,1.4184747412782769e-05
198.90430655691307,0.06221224742435968,1.4196135821741436e-05
198.92474050383316,0.06395293581949225,1.4207233814585662e-05
198.9451744502876,0.06572974765112585,1.4218851434497314e-05
198.96560839673475,0.06740430794430675,1.4229783246785083e-05
198.98604224272276,0.06914382719399492,1.4240604758269107e-05
199.0064762887123,0.07088133220060386,1.4251978760945889e-05
199.02691023422813,0.07256111261315935,1.4262822846378482e-05
199.0473440792848,0.07427762316743623,1.4274346551894606e-05
199.06777812434302,0.07595454675324992,1.4284996991090426e-05
199.08821206892753,0.07767405531598533,1.4295936408579208e-05
199.10864591328573,0.07936846074066578,1.430732041713719e-05
199.12907985741185,0.0810284784065312,1.431795789400078e-05
199.14951390129863,0.08265070762039023,1.4328462848042732e-05
199.16994784472627,0.08437128520484831,1.4339571980755998e-05
199.19038168815314,0.08598165821998627,1.4350221073433917e-05
199.2108157311086,0.08762819815341777,1.436121145187492e-05
199.23124967383774,0.08923557696956053,1.4371480146210123e-05
199.25168351610046,0.09085567262176342,1.4381919750952112e-05
199.27211745835666,0.09240668128731591,1.439249818230522e-05
199.29255150015524,0.09402232413567438,1.4403296405030443e-05
199.31298534171947,0.09557302810823891,1.4413341132956517e-05
199.33341928281152,0.09712946666845328,1.4423250271003285e-05
199.3538533239116,0.09865472329822196,1.4433635668848702e-05
199.3742871645445,0.1001753860703878,1.4443854223264434e-05
199.39472110493807,0.10168821512579199,1.4453597571105929e-05
199.41515504510608,0.10317659339701449,1.4463916016234777e-05
199.43558898504125,0.10462145323759542,1.4473217175921698e-05
199.4560229245035,0.10604940695535461,1.4482523989687955e-05
199.47645686374017,0.1075078018539801,1.449210412317904e-05
199.51732474150776,0.11025313026878136,1.4510955874229494e-05
199.53775868004595,0.11156892598906903,1.4519991962358113e-05
199.55819251811772,0.11284302691613476,1.4528459801347605e-05
199.5786265559509,0.11412195870087824,1.4537342236944227e-05
199.59906049355777,0.11531498122478556,1.4545555890660565e-05
199.61949433093105,0.11649571232278808,1.4553337002986326e-05
199.6399283678329,0.11759809136052296,1.4561113288027962e-05
199.66036230450845,0.11864084926011287,1.4568050215235326e-05
199.68079624095117,0.11961838778186099,1.4574777459492028e-05
199.7012300771603,0.12058514847831778,1.4581716051562048e-05
199.72166411313083,0.12140388039237353,1.458730918533374e-05
199.74209794864146,0.12221811180353293,1.459275410828707e-05
199.76253188391274,0.12287201744397272,1.4597160755045395e-05
199.78296591895923,0.12351478704722946,1.4601413987002839e-05
199.80339985377213,0.12400172015906413,1.460454633345608e-05
199.8238336881186,0.12442900762882131,1.4607508277105731e-05
199.84426762245857,0.12484475875036327,1.4610633097688883e-05
199.86470155634015,0.12494922250775241,1.4611089577994017e-05
199.8851354897488,0.1250582667746004,1.4611832779221518e-05
199.9055694231647,0.1250869728952223,1.4612343911992499e-05
199.92600335611496,0.12489093642434582,1.4610973155979095e-05
199.94643728883239,0.12455178472409037,1.4608433791937038e-05
199.9668712213097,0.12407197508223466,1.4605396036224773e-05
200.0077390853403,0.1226292568109765,1.4594934984306034e-05
200.0281730171264,0.12262229644630354,1.46007120704692e-05
200.04860684844607,0.12054322595556473,1.458093980732467e-05
200.0690408793016,0.11920798236776395,1.4571958689153918e-05
200.0894748101491,0.11766745529113297,1.4561832131267722e-05
200.10990874053823,0.11593818362961654,1.4549976302343954e-05
200.13034257069376,0.11408568263690086,1.4537677726121342e-05
200.1507766006107,0.11191489868331947,1.4522805149432483e-05
200.17121043030056,0.10971903600206948,1.450880642876362e-05
200.19164435952553,0.10702852389441896,1.448968174590034e-05
200.21207838874398,0.1042237559489103,1.4471234205574254e-05
200.23251231750328,0.10118937834336805,1.4450680816063646e-05
200.25294614579616,0.09794148670023325,1.442913685737773e-05
200.27338007408252,0.09447632647171464,1.4406260971447176e-05
200.29381410191127,0.09085108850369576,1.4383164328512414e-05
200.3346818568607,0.08236735751007704,1.433380641355518e-05
200.35511588399095,0.07800962287690377,1.4305692248147991e-05
200.375549710654,0.07338821603138339,1.4275682559564902e-05
200.39598363707773,0.06859691646725824,1.4243870527212484e-05
200.4164175632759,0.06350901635736271,1.4210512913748212e-05
200.43685148924123,0.058262290573434794,1.4176371849785179e-05
200.45728541496646,0.05283663922408821,1.4141431009425745e-05
200.4777193402333,0.047144252932796664,1.4105255407277421e-05
200.4981533652608,0.04128341928328544,1.4067771203421955e-05
200.51858719006123,0.03525893260798601,1.4029354376223194e-05
200.53902111439675,0.029085202043739166,1.3990062840109342e-05
200.5594549387315,0.022804356319953107,1.3950775918777848e-05
200.57988896259485,0.016363601149927798,1.3910558186098504e-05
200.60032288623188,0.009825686647690911,1.3869691072354544e-05
200.62075670940249,0.0032623245496153433,1.3828987878920889e-05
200.64119073256734,-0.003363761108603797,1.3787631520180913e-05
200.66162465527304,-0.009981304656333515,1.3747002352516254e-05
200.68205847774516,-0.01666460245338477,1.37060518116115e-05
200.70249239997793,-0.023301976616015206,1.3665576672805166e-05
200.72292642175307,-0.0299022886696902,1.362569304381683e-05
200.74336034352018,-0.036441574238487394,1.3586482842681043e-05
200.76379416482814,-0.04298663151921258,1.354655871174977e-05
200.7842281859048,-0.04947144096801405,1.3508137921971089e-05
200.80466210651502,-0.05593268014707963,1.3469302199442338e-05
200.8250959268844,-0.06228471340868565,1.3431687399053918e-05
200.8455298472618,-0.06851144658734072,1.3394792258724839e-05
200.865963867167,-0.07474956786434511,1.335742115174694e-05
200.88639768661233,-0.08084347198961947,1.3321410231241085e-05
200.9068316060584,-0.08685679276316192,1.3285648353369096e-05
200.92726562503958,-0.09282419950205845,1.3250971024601052e-05
200.94769944377913,-0.09863024801262076,1.3216627953261553e-05
200.96813336229388,-0.1044206017958852,1.3182512389988193e-05
200.98856728034298,-0.11009959529919017,1.3149955180974464e-05
201.00900129815273,-0.11569463176668125,1.3117402303457288e-05
201.02943511596823,-0.12118633594795988,1.3085220902157585e-05
201.049869033086,-0.12651990400583213,1.3054438633848994e-05
201.07030305019725,-0.13171182675643478,1.3024637958366607e-05
201.0907368668486,-0.13673199827881086,1.2995765131438525e-05
201.11117078326788,-0.14161918249780844,1.2968021019095373e-05
201.1316045994463,-0.14632523097160746,1.2941165172609802e-05
201.15203861540067,-0.15083946052647496,1.2915364281321837e-05
201.17247253088863,-0.15517755129960745,1.2890661075916839e-05
201.1929064463693,-0.15923181489408797,1.28677021403545e-05
201.2133403613916,-0.16309145092254954,1.2845723439779946e-05
201.23377427594824,-0.1667294258319711,1.282507583718857e-05
201.2542081904976,-0.17012909887731287,1.2805935620406819e-05
201.2746420045878,-0.1732486814999984,1.2788462048558912e-05
201.2950760184467,-0.17611509952471768,1.2772222247042016e-05
201.31550993206474,-0.17868014122793258,1.2757375528959559e-05
201.33594374545646,-0.18105165256598943,1.2744204936093901e-05
201.35637765838328,-0.1830948198814826,1.2732927911261896e-05
201.37681167107075,-0.18493347459231743,1.2722354493600098e-05
201.39724548353115,-0.18644792489711254,1.2714171689687719e-05
201.41767939552665,-0.1877387125289895,1.2707289359481856e-05
201.43811340751563,-0.18880963471859413,1.2701079823908408e-05
201.45854731904546,-0.1896430980135909,1.2696391607122693e-05
201.4789811303417,-0.19013984606825096,1.2693482567794149e-05
201.4994150413986,-0.19050914012305142,1.2691497945461295e-05
201.51984905199788,-0.19061106666981248,1.2690764878616656e-05
201.5402828623628,-0.19049858718100365,1.2691484064600738e-05
201.56071677248838,-0.19010121825836174,1.269431583980484e-05
201.58115078238916,-0.18967934191008412,1.2696322126262959e-05
201.60158459182276,-0.18897657071175497,1.2700407987881921e-05
201.62201850124984,-0.1881135112415832,1.2705095914345666e-05
201.64245241021854,-0.18705008242559676,1.2710779823102858e-05
201.6628863189544,-0.1858603671122913,1.2717171876779746e-05
201.68332022721734,-0.18451633773952214,1.272497282817225e-05
201.7037541352547,-0.18269485227625026,1.2737184422196942e-05
201.72418804305926,-0.18126477788372233,1.2744039912179329e-05
201.7446219506237,-0.1794419436994215,1.2755250575919473e-05
201.76505585796258,-0.17794328035024257,1.276159664850374e-05
201.78548966483504,-0.17602517128511086,1.2772686768671889e-05
201.80592367146892,-0.17401698174106225,1.2783405429114756e-05
201.82635757787648,-0.17193175819002082,1.2795541533483123e-05
201.84679138405045,-0.16976209595899486,1.280779188823313e-05
201.867225389753,-0.16755501984241045,1.282037156648175e-05
201.88765929522924,-0.1652673520360407,1.2833330780775052e-05
201.9080931004719,-0.16296501390354706,1.2846415222791228e-05
201.92852710547595,-0.16058838447284235,1.2859937182688654e-05
201.94896101002087,-0.15815625908817607,1.2873662302571825e-05
201.96939491456578,-0.15566282726120204,1.288800998474851e-05
201.989828718637,-0.15317768098732992,1.2902184216179935e-05
202.01026272225135,-0.15063732137663186,1.2916325416479079e-05
202.03069662586495,-0.14805733528404047,1.2930901658892108e-05
202.05113042901212,-0.14541545322847643,1.2946086281348664e-05
202.0715644319207,-0.1427671270949501,1.2961182544194338e-05
202.09199833460298,-0.14011621948155,1.2976398186098073e-05
202.11243213681155,-0.13741626044647234,1.2991842231277748e-05
202.13286603902816,-0.1347098230222149,1.3007240918369443e-05
202.15330004077987,-0.13197219613862232,1.3022661064227686e-05
202.17373384228995,-0.12928208020270526,1.3038283903962007e-05
202.1941677433424,-0.12653275105153977,1.3054060965686024e-05
202.2146017441628,-0.12379901329035961,1.3070017201424098e-05
202.23503554497438,-0.12105236643812031,1.3085901205850737e-05
202.2554694450955,-0.11831182647183953,1.3101370781967565e-05
202.27590334521665,-0.11554559192839835,1.311721401009143e-05
202.2963373448656,-0.112782339495595,1.3133536645265299e-05
202.3167711442875,-0.11002766329351352,1.3149405606113953e-05
202.3372050434773,-0.10726733976911851,1.3165363609022684e-05
202.35763904242776,-0.10457442142924352,1.318122224087052e-05
202.37807284091832,-0.10176888484715027,1.319762433157723e-05
202.3985067391768,-0.09902979292251493,1.3213444337362904e-05
202.4189405372017,-0.09629162079527175,1.3229588118793415e-05
202.43937453498802,-0.09359464618630897,1.3245705746741319e-05
202.45980843231519,-0.09087603675754244,1.3261651746318468e-05
202.48024232963508,-0.0881181200643509,1.3278075148650492e-05
202.50067622626375,-0.08542986992292767,1.3293815637357342e-05
202.52111012289242,-0.08272686874612817,1.3309676811840604e-05
202.541544019281,-0.08001778532590209,1.3325939321588151e-05
202.5619778152104,-0.07733040800914019,1.3341217402984566e-05
202.58241181090852,-0.07467919112546655,1.3357090951234594e-05
202.60284570613294,-0.07199446727173826,1.3373000583265102e-05
202.62327950136387,-0.06933975925050058,1.3388930809991021e-05
202.64371349613066,-0.06672941610688965,1.3404280394280406e-05
202.66414739065658,-0.06402271479363594,1.3420645662199063e-05
202.6845811849562,-0.061436682853843315,1.3436090765667245e-05
202.7050150787909,-0.05881448964102403,1.3451267503541308e-05
202.72544907238625,-0.056205761919740006,1.346673798668667e-05
202.7458829657553,-0.05358762218922831,1.3482381093580914e-05
202.76631675889075,-0.05102656231728585,1.3497631014967295e-05
202.78675075178762,-0.04843586931558356,1.3513607399576004e-05
202.80718464422534,-0.045848022547716,1.3528834719257188e-05
202.82761843642947,-0.04325516029305109,1.3544847501944677e-05
202.84805232839426,-0.04073538448333872,1.3559819617142824e-05
202.86848631990142,-0.03806099715188675,1.3576418190154394e-05
202.88892011117423,-0.035621793299659435,1.359028732884233e-05
202.90935400221497,-0.033054759386971166,1.3605986776202075e-05
202.92978799301636,-0.030542783864844582,1.3621051959557718e-05
202.95022178359068,-0.027983407848129558,1.3636906918246325e-05
202.9910895635694,-0.023172435232646706,1.3666082233496372e-05
203.01152345321316,-0.020335860537836987,1.3685284809126187e-05
203.03195734239125,-0.018047997829634694,1.3696907315754576e-05
203.05239123132924,-0.014841648318632808,1.3721361996567153e-05
203.07282522027526,-0.012422567872339387,1.3737098284029735e-05
203.093259008514,-0.010748357991590407,1.37415583886603e-05
203.11369289676077,-0.00836629431625099,1.3756282175838153e-05
203.13412668454112,-0.005964779404733517,1.3771011407831679e-05
203.15456067209016,-0.003623182021123561,1.3785223267768188e-05
203.17499455939833,-0.001275452979165502,1.3799817364867343e-05
203.19542834624735,0.0010098406292071802,1.381405005246245e-05
203.21586233309063,0.0033254003322536444,1.3827985537743276e-05
203.23629621947475,0.005613584877716911,1.3841978482741485e-05
203.25673010539322,0.007859526615494975,1.3855801068325689e-05
203.27716389131092,0.01008942325314238,1.3870064817982698e-05
203.2975978767572,0.012290373720572054,1.3883522887233296e-05
203.31803176197718,0.014506440756563783,1.3897375280319615e-05
203.33846554696356,0.016663616438662838,1.3910786245068486e-05
203.35889953171136,0.01878909588644042,1.3924171848780226e-05
203.379333416,0.020912479331099458,1.3937485126511503e-05
203.39976720005507,0.02303345432522925,1.3950628113466004e-05
203.42020108387078,0.02513854190157274,1.3963829356528061e-05
203.44063506722887,0.027220607105598038,1.3976886100346174e-05
203.4610688503526,0.029242656624068677,1.398935529277609e-05
203.48150273346982,0.03129635397021126,1.4002568352063588e-05
203.50193661589583,0.033311793879091764,1.4015362772921597e-05
203.52237049832183,0.03526845525352078,1.4027661678487083e-05
203.5428043802749,0.03725357153346758,1.4040059872029353e-05
203.56323826200241,0.03917497828419262,1.4052044525286797e-05
203.5836721434971,0.04112851363053994,1.4064211608036823e-05
203.60410602451884,0.043024379720300036,1.407620900156973e-05
203.62453990554786,0.04492758393695777,1.408829831758439e-05
203.64497378611122,0.04680458507671396,1.4100160274712665e-05
203.66540766620165,0.04862176046435378,1.411185018601321e-05
203.68584154629934,0.050519837613633295,1.4124016394427512e-05
203.70627532593062,0.052353070683346735,1.4135888123258093e-05
203.7267093053233,0.05414733964716736,1.4147237026139225e-05
203.74714308448893,0.055981220477059265,1.4158887825855237e-05
203.76757696318964,0.05776220676461212,1.4170315287154742e-05
203.78801094188384,0.05950845117668482,1.4181572822626743e-05
203.8084448201189,0.06129856438825874,1.4192887638089855e-05
203.82887859788752,0.06312632131338336,1.42045503619224e-05
203.84931247564964,0.06487090448195032,1.4215840758997762e-05
203.86974645295413,0.0666249818162514,1.4227162392351561e-05
203.89018023002427,0.0683608926891058,1.4238064082105004e-05
203.91061410685506,0.07010034569744682,1.4249436419435795e-05
203.93104808322823,0.07180113360338468,1.4260696855482238e-05
203.95148185936705,0.07352263590158105,1.4271930004839572e-05
203.97191573526652,0.0752192241393967,1.4282948503434527e-05
203.99234961094044,0.0769098765944716,1.4294466609095196e-05
204.0127834861487,0.07858288408942327,1.4305391212674102e-05
204.03321736134967,0.08028263368281668,1.431634291909547e-05
204.05365123585943,0.08191299519087843,1.4327410602614707e-05
204.07408521036268,0.08357930334616799,1.4338444027513585e-05
204.09451898463885,0.08522738011116486,1.4349451252929545e-05
204.11495285845012,0.08684661056090431,1.4360006430925308e-05
204.1353866320278,0.08845128133031523,1.4370628691976122e-05
204.15582060513407,0.09005328065294493,1.4381664572604824e-05
204.17625447824685,0.09160671921430794,1.4391734113752316e-05
204.1966882508932,0.09315740039606578,1.4402038501842328e-05
204.21712222330098,0.09466593350930556,1.4411936948058655e-05
204.2375560952496,0.09617922019261085,1.4422049526590814e-05
204.25798986719747,0.09764684718561106,1.4432044489661434e-05
204.27842373867315,0.09911990549314158,1.4441808916114649e-05
204.29885770969122,0.10057850178658416,1.4451651108136416e-05
204.31929158070852,0.10205114952018436,1.44603236571699e-05
204.33972535125213,0.10343296404319545,1.446929150932218e-05
204.3601593215717,0.10481425706754789,1.4478518397116045e-05
204.38059319165768,0.10617753032712854,1.4487853579344881e-05
204.4010269615028,0.10747876780778826,1.4496547658192426e-05
204.42146083089028,0.10881719198817412,1.4505624063098343e-05
204.4418948000457,0.11008197640483341,1.451331815486167e-05
204.4623285689595,0.11136074601472223,1.452205652603025e-05
204.48276243741566,0.11254883430824741,1.4530152645999387e-05
204.5031964058726,0.11371727539685872,1.4537986008152006e-05
204.52363017385505,0.11489213863675521,1.4546158761770251e-05
204.5440640413799,0.11595090577140184,1.4552750502877412e-05
204.56449790890474,0.11698937606825557,1.4559509933290024e-05
204.5849318759574,0.11800055945429325,1.4566342935945402e-05
204.605365642783,0.11890775480724751,1.4572381327825948e-05
204.62579950937652,0.11983350377322054,1.4578490988056171e-05
204.64623347549787,0.12061182003053948,1.4583983658708387e-05
204.66666724139213,0.1213072684171483,1.458870706198292e-05
204.68710110705433,0.12198893005714564,1.4593563657064676e-05
204.70753487247566,0.12258533525737332,1.4597633207783907e-05
204.72796883744013,0.12304944146404193,1.4600551407411312e-05
204.748402702171,0.1234953302780001,1.4603991662731409e-05
204.76883656666178,0.1237497370445036,1.4605412343872922e-05
204.789270430927,0.12390487675402552,1.460614401848172e-05
204.80970429472654,0.12400628619040141,1.4606928938768139e-05
204.830138158286,0.1239740840634384,1.4607258419790931e-05
204.85057192161912,0.12375726525380397,1.460556127387038e-05
204.87100588472094,0.12348604239588401,1.4603739673656848e-05
204.89143974734907,0.12296348682957808,1.4600140468789384e-05
204.91187350975088,0.1224071871749966,1.459646850358998e-05
204.93230747192138,0.12161743214815024,1.4590878692378734e-05
204.95274133361818,0.12067067544437475,1.4584330686605895e-05
204.97317509508866,0.1196281213385669,1.4577741014783913e-05
204.99360905632784,0.11831081578475662,1.4568643162680446e-05
205.01404291732615,0.11682344372215134,1.4558664382999325e-05
205.0344767780989,0.11515264168081554,1.4547560318142238e-05
205.05491053840524,0.11330711110514494,1.4535408228453348e-05
205.075344498473,0.11123367211706639,1.4521865796313312e-05
205.0957783580816,0.10888836712874753,1.4506090428262876e-05
205.11621211768943,0.10640166438867293,1.44890070238195e-05
205.13664607682585,0.10366069897844502,1.4470910023796608e-05
205.15707993573596,0.10067422750634863,1.4451096124301887e-05
205.17751369417965,0.09748009225893461,1.4430005816009659e-05
205.19794755261682,0.09404071436062124,1.4407320348827043e-05
205.21838151059637,0.09037731939232489,1.4382856178489148e-05
205.23881526834157,0.08649560971395369,1.43574914671869e-05
205.25924912562186,0.082329043456717,1.4329591763359097e-05
205.27968308289564,0.07793606705072781,1.4300606317524047e-05
205.30011683970952,0.07326283365737231,1.4269829984474801e-05
205.3205506960512,0.06838303914348962,1.4238018898979105e-05
205.3409845524002,0.06330538034972943,1.4205483014671244e-05
205.3614184082835,0.05799684206989446,1.4171773365759245e-05
205.3818522639267,0.0524958611329113,1.4136230984460229e-05
205.40228611934435,0.04674042425994524,1.4099628725020922e-05
205.4227200742971,0.0409318516641686,1.4062667558155154e-05
205.44315382900822,0.03486141822444448,1.402431003279185e-05
205.46358768349455,0.02871466829225003,1.398573481367245e-05
205.4840214377473,0.02233623879324511,1.394582527630698e-05
205.5044553915286,0.015936177228154512,1.3905865372384421e-05
205.5248892450836,0.009417262950488406,1.3865397470395097e-05
205.5453230984058,0.0028149500582625928,1.382439938530934e-05
205.56575695148786,-0.003800865959052954,1.3783629187739981e-05
205.58619080411154,-0.010449868284633833,1.3743227588939574e-05
205.6066246565024,-0.0171321905058952,1.370304511908121e-05
205.62705840865965,-0.023739728899297485,1.3662443814530225e-05
205.6474923603455,-0.030380888797440327,1.3622061025409604e-05
205.66792621203786,-0.03696426833504383,1.3582231628283453e-05
205.68835996325652,-0.04350391937650186,1.3542621333607142e-05
205.70879391401832,-0.04998517143003534,1.3503840953079042e-05
205.72922776477935,-0.056387122464745656,1.3465426599457217e-05
205.74966151507397,-0.06276793557571261,1.3426861348591302e-05
205.77009536512924,-0.0690597689323738,1.3389276556385779e-05
205.79052931472688,-0.0752807483887978,1.3352413851863586e-05
205.81096306431573,-0.08143970194018285,1.3316212057547626e-05
205.83139691344695,-0.08748249721197102,1.3280255549005422e-05
205.8518308623461,-0.09352770957816728,1.3245065806723056e-05
205.87226471077156,-0.09937304662556594,1.3210920322908577e-05
205.89269845920353,-0.10517514765961149,1.3176959772640943e-05
205.9131323071706,-0.11091621234746402,1.3143345798886085e-05
205.9335662546655,-0.11656482143282723,1.3111012577475732e-05
205.9744338492019,-0.12729465239891505,1.3052039160728979e-05
205.9948677959983,-0.1328075639964386,1.3017861228521757e-05
206.0153015425676,-0.1353720198796319,1.3018606846534528e-05
206.03573538867204,-0.142843563477146,1.2960790151107134e-05
206.05616923453636,-0.1475000287776209,1.2933924577503054e-05
206.07660308017512,-0.15215474675483903,1.2907385125042858e-05
206.09703692558105,-0.15652917053702006,1.28826060824668e-05
206.11747077052132,-0.16072274035946119,1.285886592911869e-05
206.13790471522225,-0.16467939186243463,1.2836612328340343e-05
206.1583384596961,-0.16825967203639605,1.281733280622276e-05
206.17877230369777,-0.17177840752252704,1.2797420592596117e-05
206.19920604747313,-0.17514530456352417,1.2777435114395552e-05
206.21963999101717,-0.17813906538258228,1.2761035366659632e-05
206.24007383432763,-0.18091434480408458,1.2745324759384269e-05
206.26050757739722,-0.18339554387490914,1.2731552951923067e-05
206.28094152000995,-0.18558827313542828,1.2718953126234483e-05
206.3013753623818,-0.18752793660001332,1.2707959249266269e-05
206.32180920429528,-0.1891727777618772,1.269875428815439e-05
206.342242946208,-0.19053240420117346,1.269142087941451e-05
206.36267688765656,-0.19161567024669546,1.2685483307423037e-05
206.38311072863144,-0.19244829985671413,1.2680539802909636e-05
206.40354446961283,-0.1930173490513458,1.2677277423351684e-05
206.4239784101228,-0.19337693486031027,1.2675650026992148e-05
206.44441225040646,-0.1934335055507262,1.2675475021493806e-05
206.46484599045652,-0.19327096153334652,1.2676007561176347e-05
206.4852798300417,-0.19292187013662354,1.2678204250352544e-05
206.5057137693875,-0.19237216466438614,1.2680905687679573e-05
206.52614750850626,-0.19166322863773438,1.2685013568940911e-05
206.54658134739293,-0.1907174198176994,1.2690055108080743e-05
206.56701528580743,-0.18968366229385913,1.2695930083541311e-05
206.58744902399485,-0.18845610205988125,1.2702906227707531e-05
206.6078828619502,-0.1871013298145581,1.2710353342730024e-05
206.62831669966545,-0.18528851744035585,1.272218749082396e-05
206.64875063692307,-0.1838365194688751,1.2729796440098559e-05
206.66918437394634,-0.18187029960334172,1.2742034339530078e-05
206.68961821049743,-0.18009085982812206,1.2751720584634034e-05
206.71005214705656,-0.1784595962477175,1.2758837617577272e-05
206.7304858831485,-0.17643987287780769,1.2770228180173918e-05
206.7509197190011,-0.17434396554642242,1.2782012356126736e-05
206.77135345439456,-0.1721455833834566,1.2794469708362191e-05
206.79178738978953,-0.1699233089890101,1.2807078201494255e-05
206.8122212247108,-0.16762519946115248,1.2820063372734073e-05
206.83265505940653,-0.16527029778774935,1.2833345592913025e-05
206.8530888936366,-0.16288998108469663,1.2846802829154773e-05
206.87352272762655,-0.16042072445321662,1.2860939286519512e-05
206.89395656139095,-0.15793805430701346,1.2874573583434281e-05
206.91439029492176,-0.15541167015142415,1.288898074351714e-05
206.93482422798115,-0.1528985123401157,1.2903230813333534e-05
206.95525806081423,-0.15028955398196095,1.2918149469816158e-05
206.97569179341372,-0.14767131747002993,1.2933141483332469e-05
206.99612572577462,-0.1450743869184109,1.2947512069321534e-05
207.01655955767637,-0.14244678759634954,1.2962453844496253e-05
207.03699328934454,-0.13984234144433558,1.2977332880491012e-05
207.05742712077335,-0.13714963591569335,1.2992540203481289e-05
207.0778609517438,-0.13447965700734288,1.3008015057711122e-05
207.0982947824814,-0.1318144883538336,1.3023573545887132e-05
207.11872861297888,-0.1291082461209165,1.3038896144103708e-05
207.1391625432516,-0.1263947327535009,1.3054341324717008e-05
207.1595962730571,-0.12368844921678197,1.3069735019097646e-05
207.18003010262328,-0.12099368565493028,1.3085531631408142e-05
207.2004639319639,-0.11828247640813289,1.3101038501966266e-05
207.22089776107168,-0.11557103293506582,1.3116636090962219e-05
207.24133158970653,-0.11284352673546844,1.31324299512254e-05
207.26176541811583,-0.11010966798242613,1.3148219375193785e-05
207.28219924605946,-0.10736308221551205,1.316424024508665e-05
207.30263307399582,-0.10460317095192072,1.3180141427447684e-05
207.3230669014738,-0.10175144698827888,1.3197438167222284e-05
207.34350062871817,-0.09912665585089638,1.3211562919072454e-05
207.36393455549114,-0.09643024974001782,1.3227455059505732e-05
207.38436838227062,-0.09371638025261139,1.3243340510887573e-05
207.40480210835085,-0.09100274174331197,1.3258969123552464e-05
207.42523603442532,-0.08830292394520847,1.3274696460588967e-05
207.44566986027348,-0.08553244489879076,1.3290792101329918e-05
207.46610358565522,-0.08284433194018324,1.3306850833967968e-05
207.4865374107976,-0.0801243908074814,1.3323199831899528e-05
207.50697133548238,-0.07745870357241635,1.3338877523018294e-05
207.52740506016562,-0.07475437066033727,1.3354689209351902e-05
207.5478388843767,-0.0720767205667677,1.3371298768291338e-05
207.58870653188205,-0.06669306018173551,1.3403431052561619e-05
207.6091403551618,-0.06405808239238553,1.3418806412255258e-05
207.629574178216,-0.06137685086407745,1.3435054697158331e-05
207.6500081010381,-0.05880196656929842,1.3450311244520084e-05
207.67044182338577,-0.05616389474418237,1.3465964048094998e-05
207.69087564550864,-0.053571977809570986,1.3481648521840227e-05
207.71130956739944,-0.050898173321054334,1.3497528150048389e-05
207.73174328881578,-0.04830355101955462,1.3513291577582856e-05
207.75217711024015,-0.04572861150493501,1.3528686641195376e-05
207.7726108311981,-0.04308979288385834,1.3544352579992144e-05
207.79304475168465,-0.04052750252676142,1.35599444282469e-05
207.8134785721777,-0.03776750796082415,1.3577508445838577e-05
207.83391229220433,-0.03542537979919154,1.3590945589297744e-05
207.85434621199238,-0.03286155537698862,1.360612099823858e-05
207.87478003132128,-0.03030437976742221,1.362184607180694e-05
207.89521385041735,-0.027788324054346582,1.3637296558311069e-05
207.91564756927255,-0.025252111752104137,1.3652395905868963e-05
207.93608148790372,-0.022689666540968403,1.3668306320347018e-05
207.95651530606847,-0.020203018775233658,1.3683279675050775e-05
207.97694902423245,-0.01771059249222441,1.3698237992523043e-05
207.9973829416922,-0.01523483924976726,1.3713440241875362e-05
208.01781675915845,-0.012765010266378322,1.3728500944757704e-05
208.038250476151,-0.010295142182113887,1.3743823160772203e-05
208.05868429291877,-0.007848943500577195,1.3758716272183429e-05
208.07911820945446,-0.005441732173096004,1.3773265038828663e-05
208.09955192552297,-0.003048625926358112,1.3788014228650348e-05
208.11998574158497,-0.0006606601523762496,1.380271135405143e-05
208.1404196569565,0.0017012918874976786,1.3817316655688976e-05
208.16085347232,0.004056630055374543,1.383183147213202e-05
208.18128718722437,0.006365118345799258,1.3845796060511781e-05
208.20172100189666,0.008649496328328678,1.3859954152871153e-05
208.2221549163296,0.010939917874646599,1.3873765842449586e-05
208.24258863053547,0.013211744690477763,1.3887938857170314e-05
208.26302244427643,0.015444699053883628,1.3901535228595784e-05
208.28345635777805,0.01767419297917635,1.3915340384219467e-05
208.30389007081976,0.01987443121858363,1.3929041425459466e-05
208.3243238836294,0.022052518903458402,1.3942614355299548e-05
208.34475769620622,0.024224754659445128,1.3956214101380613e-05
208.36519150854292,0.026353534264559754,1.396978281794645e-05
208.38562532065407,0.028469843418671696,1.398329005325883e-05
208.40605913229228,0.03049848573711723,1.3996014354026473e-05
208.42649294370494,0.032607212439114686,1.4009176265962944e-05
208.44692675465194,0.03464973072727071,1.4022067913355426e-05
208.46736056559894,0.03663600632410633,1.4034365636081248e-05
208.48779427607224,0.0386444344639771,1.404701803476081e-05
208.50822818608867,0.04058610982491605,1.4059194171037888e-05
208.52866199609707,0.04252457549554599,1.4071545010563735e-05
208.54909570564632,0.044413428642557644,1.408367865576574e-05
208.56952961496427,0.046303485494554424,1.4095683007223554e-05
208.5899634238085,0.04818070246450038,1.4107282507196387e-05
208.61039723266003,0.05004942218047052,1.4119375757566604e-05
208.63083094104513,0.05187024211683372,1.4130997499143777e-05
208.65126484895882,0.0536945712626416,1.4142653876261524e-05
208.67169865687902,0.055533177167709634,1.4154266093667534e-05
208.6921323643328,0.0573225434413142,1.416594501562069e-05
208.71256627154798,0.05913282285984911,1.4177146315397369e-05
208.73300007830403,0.060917856886736066,1.4188598076680137e-05
208.75343378505931,0.06268349669668571,1.4200045013380274e-05
208.77386759134242,0.06445830643289224,1.4211539915613559e-05
208.7943014971679,0.06621164082308195,1.4222812207581307e-05
208.81473520299187,0.06792924120511666,1.4233986799870583e-05
208.83516900835093,0.06980371501342747,1.4247185775715511e-05
208.85560291347065,0.07140123369899898,1.4256711124210379e-05
208.87603661813046,0.07325075490061497,1.4269523089430498e-05
208.89647042278375,0.07486675540449153,1.4278886103018268e-05
208.91690422697866,0.07651276825871943,1.4289634821316825e-05
208.95777183443715,0.07985375488441032,1.4311489311423588e-05
208.97820563769346,0.08151528558119887,1.4321720245860176e-05
208.99863954072498,0.08312412508806033,1.4332252833308563e-05
209.01907324328204,0.08472291326277609,1.4342998978014008e-05
209.03950704584713,0.0865339163076187,1.4356030730356562e-05
209.05994074771297,0.08794368741075495,1.4363808963484666e-05
209.08037464958034,0.08982931327461871,1.4378216137729432e-05
209.10080845120683,0.09119378525960356,1.4386433560776942e-05
209.12124225237494,0.0933167955495705,1.440471504078545e-05
209.1416760530701,0.0944286180728106,1.4407415734268569e-05
209.16210985377256,0.09600418123477483,1.4418772869101481e-05
209.18254365400935,0.09778547731578699,1.4432540263579672e-05
209.20297735401255,0.09990646422737044,1.4450908594811788e-05
209.22341125377716,0.10027781642087723,1.4445222926800487e-05
209.24384505308262,0.10169284522881579,1.4454504612430818e-05
209.2642787521545,0.10311152795389565,1.4464372976221493e-05
209.28471265098779,0.10449713259830386,1.4474016367719458e-05
209.30514644936193,0.10580636080206297,1.4482878773565304e-05
209.3255801477353,0.1071424081822468,1.4491938197999283e-05
209.3460139456365,0.10843224773418295,1.4500572421089854e-05
209.3664478430801,0.10967808433228268,1.4508453411225848e-05
209.38688154028932,0.1109236108927869,1.4517076792537968e-05
209.4073153372592,0.11214156739753087,1.452546258510762e-05
209.4277492340043,0.11329259555628697,1.4533456519384354e-05
209.4481830305158,0.11457015141885335,1.454248052864395e-05
209.4686167265536,0.11555420413127374,1.4548587665177085e-05
209.4890505223666,0.1166042290754842,1.4555991094321128e-05
209.50948441770743,0.1175614600739111,1.4562075266919628e-05
209.529918113054,0.11848956814326796,1.4568653427822328e-05
209.5503519079357,0.11938433000101883,1.4574224668945845e-05
209.57078580235248,0.12019968196449406,1.4579829988427344e-05
209.59121949676046,0.12098872556540821,1.4585095498858557e-05
209.61165329071082,0.12161447474496509,1.4589130246406629e-05
209.63208708442835,0.12225434070147809,1.4593608373339757e-05
209.65252087767294,0.12282888626031499,1.4597721299919377e-05
209.67295467069198,0.12329397719618211,1.4600439489809467e-05
209.6933884634782,0.12363818150759256,1.4602517572077998e-05
209.71382235602505,0.12394644867123816,1.4605098467968764e-05
209.734256048112,0.12401645969769959,1.4605152859322512e-05
209.7546898399669,0.12403608602442252,1.46054034260805e-05
209.7751235315809,0.123909602575793,1.4604685940714603e-05
209.79555742273806,0.12368783151560378,1.4603105923426708e-05
209.81599121389445,0.12328341019296796,1.4600238758383912e-05
209.83642490457714,0.12272302607319427,1.4596201630041399e-05
209.85685879480297,0.12204258271654844,1.4591648168308563e-05
209.8772925847952,0.12113308492447154,1.4586219289234638e-05
209.89772637454735,0.12007548040305852,1.4579011119083319e-05
209.91816006407316,0.1188008412135634,1.4570231153934367e-05
209.93859395336767,0.1173819050134188,1.4560628217827185e-05
209.95902774218848,0.11574554091506394,1.4549423150837767e-05
209.97946143055015,0.11391820930370682,1.4537342831809785e-05
209.99989531891333,0.11187101234186886,1.4523059416874129e-05
210.02032910680282,0.10958464441334526,1.4507606509784175e-05
210.040762794466,0.107083966068713,1.449091145843506e-05
210.06119668189785,0.10436621789595807,1.4472457304239813e-05
210.08163046885602,0.10139428323915776,1.4452651685008625e-05
210.10206415558787,0.09818371711681231,1.443137167881558e-05
210.12249794208765,0.0947726020208948,1.4408570923383966e-05
210.14293182811525,0.09109757057810292,1.4384770969128184e-05
210.1633655141486,0.08720934034236041,1.435907755712442e-05
210.18379929948424,0.08307375007321771,1.4331957481962662e-05
210.20423318481335,0.07871103369104956,1.4303818229731613e-05
210.2246669696833,0.07411426581444196,1.4273682822855862e-05
210.24510065431969,0.06931710223777969,1.4242879953812495e-05
210.2655344387167,0.06421165679294025,1.4209903597566361e-05
210.28596832265612,0.05896561685335862,1.4176528865388872e-05
210.30640200636117,0.05351228561142464,1.4141332343066787e-05
210.32683578982687,0.04787170249876631,1.4105382007636764e-05
210.34726967306779,0.04205166812356974,1.4068289457342228e-05
210.3677033558415,0.03606991164628149,1.4030399115195482e-05
210.3881371383759,0.029935654719095445,1.3992260257356775e-05
210.4085709204519,0.023702048731482274,1.395320569192235e-05
210.4290047025279,0.017363514800016983,1.3913465396814962e-05
210.44943848413095,0.010896392050314216,1.3873509249479782e-05
210.46987226527563,0.004451202438105088,1.3833679569463718e-05
210.4903060464203,-0.0021024572343437582,1.3793836224634066e-05
210.51073982709204,-0.008704630681279253,1.3753260609847506e-05
210.53117360753822,-0.01528571320668638,1.3713507288735936e-05
210.55160728751798,-0.021805783674193193,1.367310057556543e-05
210.57204116725916,-0.02839407663904548,1.3632913029570698e-05
210.59247494677402,-0.034934674920273495,1.3593977849718141e-05
210.6129086260553,-0.041428541437672856,1.355442756543195e-05
210.63334250486514,-0.0478543276726557,1.351538228943652e-05
210.65377618344792,-0.05425318373777825,1.3477509614310324e-05
210.67420996179862,-0.06062096864040217,1.3439076027480806e-05
210.69464373990922,-0.06690237568393671,1.340160084283113e-05
210.7150776175622,-0.07309313772842105,1.3364322369972118e-05
210.735511294748,-0.07920269743159437,1.3328552371226447e-05
210.75594507192727,-0.08522548367604346,1.3292998802845379e-05
210.77637894864893,-0.09120105005050957,1.3257477969132357e-05
210.796812725137,-0.09705948106645007,1.3223465877884085e-05
210.81724640138418,-0.10283004990277152,1.3190292050852512e-05
210.83768017717375,-0.10857793468135635,1.3156545475295032e-05
210.8581139527305,-0.11417307867390766,1.312445611435836e-05
210.87854772804712,-0.11965300808718325,1.3092654388133543e-05
210.89898150290537,-0.12497919193216668,1.3062283604020312e-05
210.91941527776362,-0.13021142992153836,1.3032440031841361e-05
210.9398490519161,-0.1352807977598149,1.3003207549098231e-05
210.96028282607585,-0.14017751849723623,1.2975561121956817e-05
210.98071659976995,-0.14491319330625557,1.2948609121025433e-05
211.00115037322394,-0.14944636231098649,1.2922797260764911e-05
211.02158414645237,-0.15377897170593263,1.2898091066212276e-05
211.04201781921438,-0.15791086830637305,1.2874380246991489e-05
211.0624516917378,-0.16187234397096772,1.285194706375197e-05
211.08288546403492,-0.16555845186423285,1.283146979589154e-05
211.1033191358656,-0.16903591285181777,1.281218883510496e-05
211.12375290745695,-0.17223851651629019,1.2793836114868523e-05
211.1441867788235,-0.17521304936131857,1.2777374633816058e-05
211.1646204499557,-0.177887716580224,1.2762402479690886e-05
211.185054220623,-0.1803657873580088,1.2748712749305825e-05
211.20548809105094,-0.18252356505126688,1.2736370956547284e-05
211.22592186125257,-0.18443192639583134,1.2725816811482635e-05
211.2463555309805,-0.18609338145037566,1.271639683113028e-05
211.2667894004844,-0.18749354485886907,1.2708600330974345e-05
211.28722316975472,-0.1886161249852804,1.2702348399844805e-05
211.30765683855861,-0.18949042832062166,1.2697286894579933e-05
211.32809060712316,-0.19015484096577462,1.269353331848556e-05
211.3485244754629,-0.1905935599670977,1.2690953957296612e-05
211.3689581433282,-0.19079463023216675,1.2689775597527627e-05
211.38939191120153,-0.19077137177214581,1.2690223973875449e-05
211.40982577860996,-0.19053564194572647,1.2691634627109047e-05
211.4302594455512,-0.19008646255208167,1.2694130493686165e-05
211.45069321248593,-0.18948646726457682,1.2697618938990347e-05
211.47112697872944,-0.18867462597822465,1.2701879365566872e-05
211.49156074496568,-0.1877339034944683,1.2707121834178163e-05
211.51199451074353,-0.18663339708723384,1.2713313881102037e-05
211.53242827628856,-0.185418285188685,1.2720390336818347e-05
211.55286214159423,-0.18405320046034707,1.2727717304934534e-05
211.57329580667283,-0.18253165892051654,1.2736397669573421e-05
211.59372957128653,-0.18072752997495772,1.274736377166334e-05
211.61416323566664,-0.1789491236343666,1.2757802311075193e-05
211.63459709957533,-0.17730424663854635,1.2765625037545556e-05
211.65503086349054,-0.17532262400892384,1.2776627942789493e-05
211.67546452693932,-0.17327901945014929,1.2787877905476588e-05
211.6958983899167,-0.171159416855889,1.2799884857829402e-05
211.71633215290058,-0.16893218517312417,1.2812464720722144e-05
211.73676591541152,-0.16667058840652949,1.2825230305430896e-05
211.75719957746333,-0.16433449697997246,1.2838273523194044e-05
211.77763343951665,-0.16198770523534828,1.2851552794096837e-05
211.79806720109627,-0.15957845763447398,1.2865127987014981e-05
211.81850086244958,-0.1571427060726705,1.2879222964429902e-05
211.83893472333875,-0.15464892595912727,1.2893181831425627e-05
211.85936848421989,-0.1521131285198085,1.2907670424264098e-05
211.87980214464187,-0.14957351167538696,1.2921864464318187e-05
211.90023590459896,-0.14700722037212388,1.2936472008017698e-05
211.94110342380736,-0.14176180127027957,1.2966168413696614e-05
211.96153718306596,-0.13911874498914661,1.2981494314769906e-05
211.9819710420852,-0.13648965700920895,1.2996603574326687e-05
212.00240430064878,-0.13381653646095987,1.3011717930008104e-05
212.02283795873518,-0.13113998483193295,1.3026999448420245e-05
212.04327161682886,-0.12845948509073526,1.3041967102040038e-05
212.0637054744584,-0.12576293199892372,1.3057552422222784e-05
212.08413923184708,-0.12303541975415005,1.3073112114872374e-05
212.1045728887766,-0.12034734801077632,1.3088488719654914e-05
212.12500674570765,-0.11757860625982902,1.3104556010445833e-05
212.145440502165,-0.11488970204930907,1.3120067235571282e-05
212.1658741581632,-0.11215983710624375,1.3136024156777504e-05
212.18630791416217,-0.10946857496487038,1.3151484049327425e-05
212.20674176968896,-0.1067338369803065,1.3167089488876866e-05
212.22717542475584,-0.10403693130049291,1.3182963814239636e-05
212.24760917982348,-0.10128325290510067,1.3199158325264108e-05
212.26804303441895,-0.09855637742860733,1.3215293691030772e-05
212.2884767887881,-0.09585259955571081,1.3230447481895024e-05
212.30891044269083,-0.09317748713965898,1.3246425825465968e-05
212.3293441963615,-0.0904958330575377,1.326183132332394e-05
212.3497780497928,-0.08779673017152996,1.3277544949629383e-05
212.37021170299704,-0.08512136005207728,1.3293301804897774e-05
212.3906454557291,-0.08242288863916293,1.3309155839106662e-05
212.41107930823637,-0.07972705629113673,1.332515644506411e-05
212.43151296050928,-0.07707630078491177,1.3340948848537746e-05
212.4519467123173,-0.07438295844405388,1.3356803548035742e-05
212.47238056388596,-0.07171997704058877,1.3372311385943228e-05
212.49281421522755,-0.06908571934681831,1.3387930299743008e-05
212.51324796609697,-0.0664293256779255,1.3403794844591814e-05
212.53368171674083,-0.06374701013169697,1.341966459739915e-05
212.55411546715186,-0.061145730656483564,1.343531656956761e-05
212.57454921733006,-0.058508072916017784,1.345133961709598e-05
212.59498286703456,-0.0558876123373949,1.3466870251443422e-05
212.61541671651503,-0.05328931986391591,1.348228822981723e-05
212.6358504655218,-0.05066303823124463,1.3498220373146347e-05
212.65628411453508,-0.04805165060527996,1.3513944361427503e-05
212.67671786308347,-0.04548008755604578,1.352942259858098e-05
212.69715171116695,-0.04288036918680703,1.3545145735375804e-05
212.7175853590088,-0.04030085207675436,1.3560428225576644e-05
212.73801910662587,-0.03774121220474972,1.3576142785488802e-05
212.7584529540036,-0.03520229672854572,1.3591536375638189e-05
212.77888660115423,-0.03261790432257784,1.36069134983196e-05
212.79932034783997,-0.03008239662930519,1.3622605661509932e-05
212.81975409406004,-0.02754137195058654,1.3638154569932089e-05
212.8401879402736,-0.025031188084236426,1.3653695183271991e-05
212.86062158602726,-0.022529815807426395,1.3668708283953698e-05
212.88105533154157,-0.020064759110555445,1.3683417671865563e-05
212.9014891768311,-0.017542834899974713,1.3698415919369151e-05
212.92192282165342,-0.015123570584441005,1.3713141333855527e-05
212.9423565662437,-0.012652428706976335,1.3728241087652063e-05
212.96279021036025,-0.01020340028348544,1.3743525187306987e-05
212.98322405448562,-0.00781396696680687,1.3757925378132456e-05
213.00365779813728,-0.005446780448937293,1.37725522071058e-05
213.02409154133056,-0.003041286169504665,1.3787416976341503e-05
213.04452528452384,-0.0006658021235167651,1.3802140353981158e-05
213.06495902725146,0.00169327585688511,1.381645563734286e-05
213.08539276950614,0.003975581119635801,1.3830568064036447e-05
213.10582641176734,0.006312072151619939,1.3845129478870156e-05
213.12626025355712,0.008556723768988871,1.3858934769177465e-05
213.1466939951206,0.010826451221180679,1.3872561611527122e-05
213.16712763621763,0.013065132003031735,1.388650174816948e-05
213.1875614773162,0.015294813123739369,1.3900422425967318e-05
213.20799521770823,0.017503156474858374,1.3914073740891756e-05
213.22842885810678,0.019643597517761506,1.3927531507464818e-05
213.24886259804043,0.021764352902340398,1.3940844462516231e-05
213.26929643773474,0.023898097884813604,1.3954170472783937e-05
213.28973017720273,0.026057051419264985,1.3967499837361058e-05
213.3101638162043,0.02811007964901445,1.3980382876144148e-05
213.33059765496728,0.030146131122337418,1.3992891136532038e-05
213.35103139350394,0.0321865231922163,1.4005658634370515e-05
213.3714650315742,0.03419262949105336,1.4018365701071553e-05
213.3918987694051,0.03617297047794081,1.4030735519773864e-05
213.4123326070112,0.03814442151158086,1.4043029455791436e-05
213.43276624438295,0.040110190076171996,1.405548803521706e-05
213.45319998128252,0.04204995964084264,1.4068015693942998e-05
213.4736338179573,0.04396916525330517,1.4080485451626028e-05
213.4940674541649,0.04584920494353868,1.4092454891903495e-05
213.51450119013316,0.04778783878408406,1.4104158075335096e-05
213.53493502587662,0.0496063627469735,1.4115683355280834e-05
213.55536866138573,0.05148368421831326,1.412791211740041e-05
213.57580239642266,0.05330263489541343,1.4139590337973465e-05
213.59623613123404,0.055113661526886785,1.4150882517713188e-05
213.61666986581258,0.056932834896276735,1.4162574576368595e-05
213.6371035999182,0.058730394959017315,1.4174366027960422e-05
213.65753733379825,0.06051726028943635,1.4185615575298972e-05
213.67797116744623,0.062297686857736845,1.4197062457189668e-05
213.69840480061976,0.06406693828444457,1.4208601890961256e-05
213.7188385335685,0.06583695152206069,1.4219848797261395e-05
213.73927216628363,0.0675959377327725,1.423137824665819e-05
213.75970599852735,0.06936402454604086,1.4242474979671172e-05
213.78013973054476,0.0711101985756071,1.4253742270945205e-05
213.80057346232934,0.07286736242974381,1.4264791840251554e-05
213.8210071938738,0.07460992272071522,1.427580196545692e-05
213.8414409249599,0.07632668808710749,1.428680462919562e-05
213.86187465581315,0.07805392769462083,1.4298128251705994e-05
213.8823082861927,0.07977645932665414,1.4309600902935607e-05
213.90274211634824,0.08149025062135927,1.432049555391811e-05
213.92317584627017,0.08316331584316458,1.4331622416335634e-05
213.94360947595123,0.08486531176153317,1.4342709628050423e-05
213.96404330517544,0.08652857651955584,1.4353831057141301e-05
213.98447703416605,0.08820570924340425,1.436472951899105e-05
214.0049106629158,0.0898534545034908,1.4375740491368952e-05
214.0253443912079,0.0914712079481671,1.4386397072966667e-05
214.0457781192672,0.09310095193481506,1.4396929720926945e-05
214.06621184708638,0.09467872070199931,1.4407649898978628e-05
214.08664557444718,0.09625308541815815,1.4418095650604795e-05
214.10707930157514,0.0978377907465243,1.4428070260689578e-05
214.127513028463,0.09936545301509894,1.4438078122681573e-05
214.1479467551253,0.1009097753641562,1.4448204356665973e-05
214.16838038132119,0.10242574904744017,1.4458213884202166e-05
214.18881420727848,0.10390971344355279,1.4467964622069183e-05
214.20924793277663,0.10539791372206626,1.447798895000605e-05
214.2296815580412,0.10682278956186288,1.4487913319967925e-05
214.25011538306717,0.10823398440731748,1.4496956180342439e-05
214.27054910786683,0.10959460463092785,1.4505938737994933e-05
214.29098273220006,0.11091308445541632,1.4514750167192319e-05
214.31141645630123,0.11221755677082194,1.4523520522925306e-05
214.33185028016305,0.11347821883976164,1.4532003611404897e-05
214.35228400356573,0.1146942012937682,1.4540226573070091e-05
214.37271762672754,0.11589596308984854,1.4548619493050537e-05
214.39315144943248,0.11708051037508736,1.4556719211005317e-05
214.41358517213666,0.11812810917037618,1.4563793155519007e-05
214.43401879436715,0.11919211168809316,1.4570727130289217e-05
214.4544526163736,0.12020710577259022,1.457795765554316e-05
214.47488633791363,0.12117958438874156,1.458465075855702e-05
214.4953199592128,0.12193855814028315,1.4589614589699366e-05
214.51575368028716,0.12274430930300903,1.4595319354392232e-05
214.53618750089663,0.12345241452179787,1.4599938696394032e-05
214.55662112126447,0.12413326159539534,1.4604318336981964e-05
214.57705484140752,0.12462031192058486,1.4607698664291549e-05
214.5974886613185,0.12513692976956436,1.4611891787647173e-05
214.617922280755,0.1253798507690729,1.4613138343126816e-05
214.63835599996673,0.12558255375821983,1.4614377092464164e-05
214.6587897187128,0.12573041364155915,1.461550559106941e-05
214.6792235372195,0.12567216583612245,1.4615096120698059e-05
214.69965715549915,0.12554998396720202,1.4614360999113465e-05
214.72009087354672,0.1252469552615043,1.4612201493264976e-05
214.74052469112212,0.12487113429931877,1.4609546994179864e-05
214.76095830847044,0.12428957789575334,1.4605627617647284e-05
214.78139202558668,0.12358965482283409,1.4600969314089286e-05
214.80182574223,0.12270438358684328,1.4595111061527315e-05
214.82225945864775,0.12167090658459234,1.4587844338540294e-05
214.84269317483268,0.12045746949437897,1.4579494564918973e-05
214.86312689054466,0.11901691161139655,1.4569448038097268e-05
214.8835606060311,0.11742386488979696,1.45584026762234e-05
214.92442803606536,0.1149718956625513,1.4551083327731627e-05
214.9448616506197,0.11174633411194082,1.452305118954501e-05
214.96529546494276,0.10890859088339183,1.4502074084360399e-05
214.9857291787921,0.10622410290079619,1.4483766198418497e-05
215.00616279241513,0.10334901996194235,1.446475729277144e-05
215.02659660580684,0.10018502524005109,1.4443611760160057e-05
215.0470303189577,0.09682051603436467,1.4421538002294587e-05
215.0674639316494,0.09320396285289656,1.4397944030338172e-05
215.08789764410903,0.08932650597878686,1.437260446861999e-05
215.1083314560965,0.08521949601382076,1.4345577612417017e-05
215.12876516785764,0.0808895077100724,1.4316918302520117e-05
215.1491987793852,0.07632684141569411,1.4287350605819177e-05
215.16963259067415,0.07154517764406092,1.4256793807195885e-05
215.19006630150398,0.0664829042156108,1.4223936339069469e-05
215.2104999121002,0.06125599653607383,1.4190643364356877e-05
215.2309336224571,0.05575033020865759,1.415520221620394e-05
215.25136743235635,0.050080627202655624,1.4119552051929765e-05
215.27180104202125,0.04424505010748642,1.408197284326643e-05
215.29223475122126,0.03829808768671601,1.40445799992694e-05
215.31266856041475,0.03206941593805413,1.4006002272016506e-05
215.33310216914833,0.02580177501647979,1.3966063089354068e-05
215.35353587764257,0.019353087524193832,1.3926322906439392e-05
215.37396958567842,0.01292555371197276,1.3886129081042652e-05
215.39440329348145,0.006445555121192003,1.3846246000293838e-05
215.41483700105164,-0.00012083197436828588,1.3805483985929334e-05
215.4352707081489,-0.006671324669023584,1.3765221581110151e-05
215.4557044150206,-0.013277624334321206,1.3724958124803984e-05
215.47613812165218,-0.019863826823886592,1.3684479197038529e-05
215.4965718278254,-0.026369517213134255,1.3644768749096993e-05
215.51700553376577,-0.032923742120400674,1.3605029657125674e-05
215.53743923947331,-0.03936545298320668,1.3566416550145499e-05
215.55787294494075,-0.04579164134535262,1.3527027367282644e-05
215.57830654994905,-0.052119537950342645,1.348875090814516e-05
215.59874035448593,-0.05837379370789416,1.3452079539962323e-05
215.61917395902856,-0.06455054910846893,1.3415187197860814e-05
215.6396076631063,-0.07065988977512398,1.3378770998602698e-05
215.66004146695195,-0.07672119647710235,1.3342605253013644e-05
215.68047517055675,-0.08267237051352809,1.3307939029824313e-05
215.7009087737024,-0.08855692030135172,1.327359227658777e-05
215.72134247661597,-0.09438354467142399,1.3239484543216292e-05
215.74177627905738,-0.10011390376838855,1.3206323755131875e-05
215.7622098812717,-0.10575363013845313,1.3173461469413537e-05
215.80307738499687,-0.11673297425575462,1.310984586354913e-05
215.82351098627987,-0.12209070889642389,1.3078859973896613e-05
215.8439446873308,-0.12729655902461737,1.3049090477199404e-05
215.86437838814163,-0.1323869873408767,1.3019605742000635e-05
215.88481208849407,-0.13727206211062146,1.2991714256081077e-05
215.90524578861368,-0.1420372019199871,1.2964592379285693e-05
215.9256794884932,-0.14661421104127637,1.2938337573654972e-05
215.9461131879143,-0.15095127395673544,1.291383216714338e-05
215.9665468871026,-0.15508512858552023,1.2890866113634173e-05
215.98698058605078,-0.15909752125132998,1.286813263343211e-05
216.0074141845398,-0.16280953030222312,1.28469579543624e-05
216.02784798279754,-0.16629996191239865,1.2827686533065363e-05
216.0482816808144,-0.16951686936780427,1.2809491992834274e-05
216.0687152783721,-0.17248678702751713,1.2793016967549913e-05
216.08914907569124,-0.17521414394633095,1.2777204010885113e-05
216.10958277278405,-0.17765172085092318,1.2763727925801123e-05
216.13001636964327,-0.17981792146615488,1.2751566126271864e-05
216.1504500660376,-0.1817185881480225,1.274063374629023e-05
216.17088386195974,-0.18323390451817548,1.2732986134211144e-05
216.1913175578884,-0.18468019759812296,1.2724379837135605e-05
216.21175115335063,-0.18588505575433573,1.2717599379645489e-05
216.2321849485743,-0.18683159223927598,1.2712020606612163e-05
216.2526186433388,-0.18745638612396417,1.2708858208394489e-05
216.2730522378697,-0.18785183892184507,1.270688440182357e-05
216.29348603216204,-0.18806579710476282,1.270570470260326e-05
216.31391972622805,-0.18814187431912935,1.2704926311600398e-05
216.33435331982764,-0.187993440684909,1.2705592256738641e-05
216.3547870131879,-0.18757026340136496,1.2708330780776616e-05
216.3752208060905,-0.1870895407233393,1.271084654193686e-05
216.3956543989916,-0.18630263025978255,1.2715050288165806e-05
216.4160880911877,-0.1853825012024153,1.2720272748894063e-05
216.43652188339183,-0.18422267855565402,1.2727482831736652e-05
216.45695547512878,-0.1829960493123647,1.2734534026132294e-05
216.47738916662638,-0.181684495485611,1.2741963571396518e-05
216.49782285789843,-0.18030030015015133,1.2748957144407845e-05
216.51825664870557,-0.17847463207284286,1.2760960747556528e-05
216.5386902392711,-0.177016886544891,1.2767563666225874e-05
216.55912392937898,-0.17511611340142288,1.277881984124175e-05
216.57955771948036,-0.17335029202195776,1.278791405449655e-05
216.59999130912183,-0.1713538657802989,1.2798886110321361e-05
216.6204249982984,-0.16925434463381892,1.281067511626851e-05
216.64085868747497,-0.1671108111455638,1.2822568400959355e-05
216.6612923761786,-0.16487475911782265,1.2835157987773212e-05
216.68172606442386,-0.16263040133801093,1.2848268504136019e-05
216.7021597526691,-0.16028596127303774,1.2861479256974277e-05
216.72259344044141,-0.15793237001771038,1.2874829543110194e-05
216.74302712775534,-0.15547904738611695,1.2888621248884099e-05
216.76346081506927,-0.15302662353928456,1.2902255782904959e-05
216.7838944019095,-0.15053480689679968,1.2916457214414501e-05
216.80432818829286,-0.1480520978347601,1.2930740457783934e-05
216.82476187467546,-0.1454588289832383,1.294494252604472e-05
216.84519546058436,-0.14287614128320203,1.2959668056597244e-05
216.8656292460364,-0.1402854114314531,1.2974404000050786e-05
216.8860629314877,-0.13767476200769282,1.2989713763985669e-05
216.90649651646527,-0.1350372488862433,1.3004830617091275e-05
216.92693020121806,-0.13239255393035965,1.3019428955544943e-05
216.94736388550518,-0.12976131207955338,1.3034591123588493e-05
216.96779766955297,-0.12712037266996848,1.3049900724838531e-05
216.98823125337367,-0.1244392218576098,1.3065567023773186e-05
217.00866503673024,-0.12184379963641029,1.3080520782644605e-05
217.02909861984517,-0.11919093516781704,1.309552417884558e-05
217.04953230273532,-0.1164974246322212,1.3111351430901783e-05
217.06996598539263,-0.11383711118093344,1.3126688744481479e-05
217.090399667577,-0.11121631900456366,1.3141868829732817e-05
217.11083334953582,-0.10854819097825415,1.3157082513699935e-05
217.13126693102822,-0.10587355486090391,1.3172597950458469e-05
217.15170071228204,-0.10323006691551745,1.318809442835297e-05
217.17213439330953,-0.10052814616126025,1.3204017506523225e-05
217.1925679738706,-0.09783848780688166,1.321962234769761e-05
217.21300175442593,-0.09519694226848986,1.3234976492387832e-05
217.23343543428928,-0.09250104990837686,1.3250455547949849e-05
217.25386911415262,-0.08985600945108327,1.3265999057516226e-05
217.27430269354954,-0.08721407143529866,1.3281794421619307e-05
217.29473647270788,-0.08453395806970271,1.329756331843631e-05
217.31517015140707,-0.08185582773109859,1.331327538979321e-05
217.33560373009823,-0.07921996977426005,1.3328560302099793e-05
217.3560375080997,-0.07656098205126174,1.3344171876673353e-05
217.3764711861004,-0.07391769666260145,1.3359796498789023e-05
217.39690476363467,-0.07131640926230864,1.3374864897319343e-05
217.4173384409296,-0.06866426687313439,1.339045661611084e-05
217.43777221799974,-0.06605505416389326,1.3405688964009264e-05
217.45820579459541,-0.0633960120038089,1.3421576253643882e-05
217.4786394709663,-0.06081834999424877,1.3437175395077321e-05
217.49907324687229,-0.058179218522103976,1.345267671424211e-05
217.5195069225374,-0.05558776875879106,1.346822370198942e-05
217.5399404979762,-0.052980386836108145,1.3483728227891371e-05
217.56037417318294,-0.05040479468739438,1.3499265150847754e-05
217.5808079479175,-0.047798187326656305,1.3515137889151423e-05
217.60124152242497,-0.04519188751741854,1.3530357671546397e-05
217.62167519670038,-0.04262974946948403,1.35458278236349e-05
217.6421089705036,-0.04004329991371896,1.3561479410945744e-05
217.66254254407977,-0.037505488206976925,1.3577075525630025e-05
217.68297621719103,-0.03492851635144842,1.3592782633164277e-05
217.703409890295,-0.03240873960014608,1.3607944430886422e-05
217.7238435629406,-0.029914245816756307,1.3622946247220437e-05
217.74427723512053,-0.027341470286224523,1.3638697683376453e-05
217.7647109072932,-0.02486190388345033,1.3653583004345173e-05
217.80557825025608,-0.019902627051325866,1.3684112219483373e-05
217.82601192126458,-0.017492066596821183,1.369844058108926e-05
217.84644549204677,-0.01504330067360356,1.3713418561204363e-05
217.86687926259765,-0.012643387774259865,1.3728043928432553e-05
217.9077465025257,-0.007926483805986716,1.3757424113850083e-05
217.92818027214526,-0.0055198711647391685,1.3772360619888656e-05
217.94861394129111,-0.003200184377498796,1.3786701770995671e-05
217.96904761021142,-0.0008804576896371769,1.380104395299211e-05
217.98948117889813,0.0014015183092787003,1.3815171560380178e-05
218.00991494711343,0.0036774018057740008,1.3829233049981273e-05
218.0303486151024,0.0059282473179038155,1.384321468711598e-05
218.0507821828578,0.008179376739319672,1.3856797418015111e-05
218.07121595014178,0.01036902371690043,1.387048206808121e-05
218.09164961719944,0.012573361018883084,1.388416252097965e-05
218.1120831840235,0.014730317399909636,1.389761060646388e-05
218.13251695037616,0.0168955593135249,1.3911155679017603e-05
218.1529506165025,0.019012693883098442,1.3923758460201954e-05
218.1938178478158,0.023285598287747723,1.3950636488365812e-05
218.21425161301158,0.025399002427008807,1.3964213839438455e-05
218.234685177973,0.02746104614875234,1.3976857068029557e-05
218.25511884246953,0.029496100013634594,1.3989765257828468e-05
218.2755526067267,0.031555647662163434,1.4002805609489365e-05
218.2959861707568,0.033569505689621935,1.4014727795874961e-05
218.31641983431473,0.035553361237823294,1.4027647595524926e-05
218.3368534976471,0.037544990869150946,1.4040434657339895e-05
218.35728716074664,0.039477733291022374,1.4052322377812113e-05
218.3777208233805,0.04139447210616342,1.4064453691547902e-05
218.39815448577428,0.04331222089673729,1.4076595963017917e-05
218.4185881479425,0.045200807049755036,1.4088243983281132e-05
218.43902180963778,0.04706141551679598,1.41001687920564e-05
218.45945537133957,0.048919088168904126,1.4111542754470535e-05
218.4798891323444,0.05075276307331883,1.4123026065732225e-05
218.50032279334846,0.05256306313708864,1.4134815876329015e-05
218.52075635387882,0.05436962497017246,1.4146530632858135e-05
218.54119001395156,0.056143828588972225,1.4157946119410957e-05
218.5616237740178,0.05792364970848985,1.4169211290862401e-05
218.58205743362487,0.05970775223174897,1.4180774315618204e-05
218.60249099276552,0.06143610851938405,1.4191967228997463e-05
218.62292465190694,0.06320812127026446,1.4203027066768809e-05
218.64335841057618,0.06494206315857286,1.421424197121973e-05
218.66379196901835,0.06663820281658069,1.422538550649869e-05
218.6842256269956,0.06836271918371577,1.4236570274050205e-05
218.70465938473353,0.0700588795988914,1.4247279040969077e-05
218.72509294224437,0.07176555722908541,1.4258082671062622e-05
218.74552659929032,0.07344907757418395,1.42690578843164e-05
218.76596025609615,0.07507632382656503,1.4279860576486925e-05
218.78639391267643,0.07676261206403825,1.429104165343753e-05
218.80682756879105,0.07840866177057725,1.4301698803694346e-05
218.82726122466556,0.08005836471262551,1.4312240390158772e-05
218.84769498031528,0.08168291913897763,1.4322924155802617e-05
218.86812853549782,0.08328668338015105,1.4333420484609178e-05
218.88856219067384,0.08490116543895762,1.4343987399379261e-05
218.9089959451594,0.08649096658231666,1.4354176944716568e-05
218.92942949964345,0.08809108144195099,1.436471368077519e-05
218.94986315365531,0.08966887700880694,1.4375240176268487e-05
218.97029670720804,0.09122712820073862,1.4385491348832237e-05
218.99073046076228,0.09282895042742974,1.4395831880443874e-05
219.01116411384282,0.09439424126135859,1.4406230448031196e-05
219.03159776669781,0.09595148769943816,1.441653891708601e-05
219.05203141908714,0.09747774708394788,1.4426220854244107e-05
219.07246507123637,0.09903277139701971,1.4436693687238065e-05
219.09289872316003,0.10056705603282998,1.4446918452597947e-05
219.11333227461728,0.10210217727414167,1.4457271801133184e-05
219.13376602583594,0.10360566717515848,1.4467314398909412e-05
219.15419967682828,0.10513706370998908,1.4477542988182915e-05
219.1746332273542,0.10652580917445997,1.4486449208975074e-05
219.19506697764155,0.10795635027006598,1.4496045006161055e-05
219.21550062770257,0.1094115409399398,1.4506198185255763e-05
219.23593417729717,0.1107320931841575,1.4514947354148693e-05
219.25636782688525,0.11208444020296196,1.4523854469636324e-05
219.27680157578288,0.11331107713585561,1.4532013069160502e-05
219.297235124679,0.11458698706229953,1.4540255846442066e-05
219.31766877310292,0.11574593840920444,1.4547764164535523e-05
219.33810252106923,0.1169146436859269,1.455570385808536e-05
219.35853616903478,0.11804572993866222,1.4563603551174156e-05
219.37896971652663,0.11900670510472389,1.456973570799823e-05
219.39940336379368,0.11999550722592278,1.4576710959599345e-05
219.41983711058856,0.12090900460573296,1.4582704615167535e-05
219.44027065715636,0.1217247833439419,1.4587644885191054e-05
219.4607043034921,0.12247605910151983,1.4592925824360475e-05
219.48113804936293,0.12315709443559347,1.4597603462507595e-05
219.50157159499213,0.12377304262773275,1.4601485315579527e-05
219.52200524039654,0.12425352139600784,1.4604803923740986e-05
219.5424388853353,0.12466840376399249,1.4607602091234818e-05
219.56287253003393,0.12496437579844807,1.4609426594529826e-05
219.58330617450702,0.12517967158455384,1.461093624431966e-05
219.60373981851444,0.12520421079775085,1.4611038873852494e-05
219.62417346228176,0.12515224606141684,1.4610619794340985e-05
219.64460710582352,0.12499356050976058,1.4609618659949023e-05
219.66504074889963,0.12463305605163537,1.4607334441800111e-05
219.6854744917364,0.12416819244998824,1.4604366438676868e-05
219.70590803434607,0.12348171875372521,1.4599492206762682e-05
219.72634167649085,0.1227011031824495,1.4594592053106056e-05
219.74677521839476,0.121685934254546,1.4587687655246862e-05
219.76720896007464,0.12053619910062796,1.4579999856784146e-05
219.78764250128734,0.11921651594469776,1.4571379565338974e-05
219.80807624226145,0.11768394082650444,1.4561121159760803e-05
219.82850988300925,0.11592061141642858,1.454931496742303e-05
219.84894352329138,0.11399702173502542,1.4536454298957852e-05
219.86937706333265,0.11185493168971898,1.4522773005655231e-05
219.88981070314912,0.10943066791266576,1.4506411526569804e-05
219.9102444425007,0.10680528541210588,1.4488745702591697e-05
219.93067798161064,0.1039925212439728,1.4470212913909926e-05
219.9511116204958,0.10084398305289392,1.4449193044681748e-05
219.97154535891605,0.09755631320369225,1.4427295818695144e-05
219.99197889709467,0.0939581166400817,1.440399981263441e-05
220.0124125350485,0.0901119778385045,1.4378394985344628e-05
220.0328460725359,0.08607332073662771,1.4351985037015209e-05
220.05327980978473,0.08174578839644533,1.4324029824324707e-05
220.07371344680723,0.07722318696879323,1.4294441770211327e-05
220.09414708336408,0.07248968202920306,1.4263427883007584e-05
220.11458071968082,0.06748262873130656,1.4231058072235e-05
220.135014355772,0.06228883232605043,1.4197670721027763e-05
220.15544799139752,0.05680459458472203,1.4162546040781908e-05
220.17588152678218,0.05117509128513409,1.4126642713764322e-05
220.1963152619428,0.045334389608942,1.4089745499715491e-05
220.216748896637,0.039313600850255155,1.4051792368992735e-05
220.2371824310976,0.033169588502752714,1.4013689104408186e-05
220.25761616531963,0.02690579381186055,1.3974287112633351e-05
220.2780497990825,0.02044889034502303,1.393370759726376e-05
220.29848333260452,0.013941920367212274,1.3893021875405295e-05
220.31891696590174,0.007318522763163333,1.3852372011232177e-05
220.33935069873405,0.0006713589448536022,1.3810970508281712e-05
220.3597843313255,-0.00599526731894086,1.3769687807095868e-05
220.3802178634578,-0.012708579689224788,1.3728190677235375e-05
220.40065159559163,-0.019379935377450353,1.368738972222792e-05
220.42108522725175,-0.025995688079122434,1.364701688294653e-05
220.44151875845273,-0.032566102357916356,1.3606772264219092e-05
220.4619524894224,-0.03906900740282028,1.356762513606237e-05
220.4823861201512,-0.04551907949786344,1.3528498610653576e-05
220.5028196506537,-0.05193208143655863,1.34903461317573e-05
220.52325328069128,-0.058229406409370466,1.3452626381482311e-05
220.54368701048952,-0.06444981096283388,1.341600861019926e-05
220.56412054006069,-0.0706375257786797,1.3379862923391991e-05
220.58455416916695,-0.07675981487226173,1.3343633291881612e-05
220.60498789803387,-0.0828237403822822,1.3308027637925726e-05
220.62542142644088,-0.08880051917358422,1.3272874214628388e-05
220.64585505461582,-0.09467869357160748,1.3238203439440477e-05
220.66628868255066,-0.10045902987742358,1.3204774582161198e-05
220.6867224102607,-0.10613967560475276,1.3171668716050592e-05
220.70715593750356,-0.11172241590126807,1.3139713917065873e-05
220.72758956451435,-0.11719468294803818,1.3107678402051669e-05
220.74802329105296,-0.12255742219752001,1.3076854611329132e-05
220.76845681759733,-0.1278016968664387,1.3046736168836809e-05
220.78889044343669,-0.1329153065953035,1.301734513219433e-05
220.80932396928256,-0.13786623760812844,1.2988902118932219e-05
220.8297576946643,-0.14265897921736476,1.2961763236560975e-05
220.85019131980516,-0.14730462936583857,1.2935375659182037e-05
220.89105856917013,-0.15606891503964615,1.288543533742159e-05
220.91149219314684,-0.1601133215998718,1.2862276869689566e-05
220.93192581713083,-0.1639044531926291,1.2840614264985417e-05
220.9523593406484,-0.16739774223368842,1.2821512000496843e-05
220.97279306392738,-0.17079447173497464,1.2801519647465386e-05
220.99322668674722,-0.1738243487629049,1.2785025184355016e-05
221.0136602095663,-0.17667078801882494,1.2768732881553076e-05
221.03409393168113,-0.17927159648402557,1.2754405656542528e-05
221.05452755380247,-0.18159526919566601,1.2741424135036298e-05
221.0749610754574,-0.1836136403976985,1.2729983720810842e-05
221.09539469688025,-0.185418405671495,1.2719798791892105e-05
221.11582841783093,-0.18694397098741594,1.2711374085234963e-05
221.13626193855453,-0.18822010930676364,1.2704208902460894e-05
221.15669555903878,-0.18913627680924514,1.2699486260760942e-05
221.1771292790654,-0.18999276513593294,1.269449374851856e-05
221.19756289885845,-0.19049055248589558,1.2691745416397294e-05
221.2179964184179,-0.1908115342641698,1.2689967673097715e-05
221.23843013773876,-0.19077041264969585,1.2690761131465887e-05
221.25886375660048,-0.19069631787950111,1.2690586237623433e-05
221.2792972749885,-0.19032444882695468,1.2692887470315569e-05
221.29973089338455,-0.18979814620009697,1.2695641540200996e-05
221.32016451131494,-0.18903685351767358,1.26999318869691e-05
221.3405981290125,-0.18810365610051066,1.2705154387717345e-05
221.36103174623713,-0.1870797965819299,1.2710787153094195e-05
221.3814653632362,-0.18584651714046355,1.2717823848047371e-05
221.40189897999517,-0.18441275204739394,1.2726127120113973e-05
221.42233259629575,-0.18290246254926892,1.2734488359781138e-05
221.44276611236273,-0.18140627385595892,1.2742357041164022e-05
221.4631998281984,-0.17956974714063573,1.2753642022514065e-05
221.4836334435604,-0.17790227504815764,1.2762065670037764e-05
221.50406695869606,-0.17600511870256785,1.2772548076157354e-05
221.52450067359314,-0.1740542380313677,1.2783467450580437e-05
221.54493428803107,-0.17199665425685523,1.279496939122425e-05
221.56536780223541,-0.16983543313304472,1.2807229864051851e-05
221.5858014162077,-0.16761797349698632,1.2819574035858566e-05
221.60623512970778,-0.16535829843426708,1.2832470269957089e-05
221.6266686429808,-0.1630369667362634,1.2845873563650066e-05
221.64710225578892,-0.16067960037317777,1.2859190667318356e-05
221.66753596859053,-0.15828152786126748,1.28728349138704e-05
221.687969580933,-0.155828375891821,1.2886785595202448e-05
221.70840309280902,-0.15335217148295693,1.290089098436637e-05
221.7288367044457,-0.1508333658039075,1.2915629420670546e-05
221.7492704158576,-0.14827965417691424,1.2929809363974097e-05
221.76970392703515,-0.14571904712752054,1.2944228761954585e-05
221.79013753774052,-0.1430466576189613,1.2960258446382686e-05
221.8105712482211,-0.14053544568790657,1.2973658202298652e-05
221.83100475846732,-0.13787353844197558,1.2989159546200912e-05
221.85143836824136,-0.13524130364869605,1.3003898122543562e-05
221.8718718777891,-0.13258521624573302,1.3019434994245313e-05
221.89230558687268,-0.1298992835212792,1.30350999644639e-05
221.9127391957154,-0.12720821518389955,1.3050453914301911e-05
221.93317280433257,-0.12452753641757004,1.3065742932480214e-05
221.9536064127169,-0.12180802954154049,1.3081342577903015e-05
221.9740400206283,-0.1191181942232444,1.3096829533639423e-05
221.99447362831415,-0.11639882520401151,1.3112588210220746e-05
222.01490713553358,-0.11369206359427955,1.3128176386949086e-05
222.03534084274725,-0.11100150474893385,1.3143577334489699e-05
222.05577444926894,-0.10831473927554446,1.3159491410418698e-05
222.07620795578987,-0.1056213086286649,1.3175015607132448e-05
222.09664166183939,-0.10294529331203425,1.3190598876925055e-05
222.11707526766259,-0.10021562214691747,1.3206231941984828e-05
222.13750877301936,-0.09749291949688718,1.3222259686379273e-05
222.15794247813756,-0.09476592595360933,1.3237895308474382e-05
222.17837608302943,-0.09206922443327888,1.325384838465694e-05
222.19880968768848,-0.08937442984563253,1.3269723411924042e-05
222.21924319187383,-0.0866602624607524,1.3285749994029348e-05
222.23967689560232,-0.08398129334854733,1.3301509982845501e-05
222.26011049933004,-0.08130206296613858,1.3316892586922672e-05
222.28054400258407,-0.07865036906623822,1.3332556621230555e-05
222.30097770561406,-0.07595713547232202,1.3348600233628636e-05
222.32141130817763,-0.07321632375725397,1.3364559331240249e-05
222.34184481050033,-0.07056319900792646,1.3379752018038531e-05
222.36227841259824,-0.06789619109101669,1.3395794555080787e-05
222.38271211423125,-0.06523055639572208,1.3411503904854967e-05
222.40314561562263,-0.06256288081789725,1.3427363448673808e-05
222.42357921678922,-0.059891204305376235,1.3443231218023704e-05
222.4440129174909,-0.05722419074748289,1.3459140274791699e-05
222.46444641795097,-0.054603955690248555,1.3474759161707456e-05
222.48488001818623,-0.0519653246326684,1.3490621193549188e-05
222.50531361795584,-0.04933194228082259,1.3506151730307965e-05
222.5257473174861,-0.04670002924059052,1.3522124638057559e-05
222.54618081678927,-0.0440458012411335,1.3537818838657767e-05
222.56661441562755,-0.0414374833946951,1.3553471037443942e-05
222.5870481142265,-0.03877006750067728,1.3569402187579257e-05
222.60748161236552,-0.03615034258400003,1.3585267707821261e-05
222.6279152105053,-0.033572088440358146,1.360079620244399e-05
222.64834880817216,-0.030986655505134093,1.3616564373600011e-05
222.66878240538063,-0.028382172354712312,1.3632583427131599e-05
222.6892160025891,-0.025826833325250587,1.3648478229354341e-05
222.7096495990918,-0.023277006828293537,1.3663548314083771e-05
222.73008319560176,-0.020699864669054265,1.3679324893625714e-05
222.75051679164608,-0.01642503155880532,1.3717202463579555e-05
222.77095038745028,-0.015638242279587093,1.3710373058778502e-05
222.79138388302817,-0.013114122497454084,1.3725828251441202e-05
222.81181757814193,-0.010675618418116092,1.3741113194484464e-05
222.83225107301405,-0.00812396310265954,1.3756925339489044e-05
222.85268466742855,-0.005654166083564056,1.3771840657520495e-05
222.87311836161098,-0.0032346686304315876,1.3787176013252313e-05
222.89355185555178,-0.0008019126719497628,1.380221781642349e-05
222.91398544926778,0.0016458250306029562,1.3816875065424257e-05
222.9344191425189,0.004037120378121518,1.3832257112531661e-05
222.95485263552837,0.006385820002687642,1.3846749961972218e-05
222.97528622808022,0.008731615300394834,1.3861727950765252e-05
222.99571982039924,0.011084005854409612,1.3875691972843915e-05
223.01615341247816,0.01336365834301606,1.3890035602287761e-05
223.0365870040987,0.015651007243078944,1.3904139394112455e-05
223.0570205954864,0.017944492849227223,1.3918173233553399e-05
223.07745428663475,0.02012875441167799,1.3932000192815204e-05
223.09788777755602,0.022320555681039578,1.3945709538846519e-05
223.1183213680124,0.024488138903126323,1.3959315699800039e-05
223.13875485799508,0.026647461613002986,1.39734567928945e-05
223.15918854798656,0.028737561543299917,1.3986583933157612e-05
223.17962213751161,0.03079339046087301,1.3999560668598819e-05
223.20005562657025,0.032845164715259785,1.401224463579695e-05
223.22048931562313,0.034882080072421995,1.4025127531793952e-05
223.24092290421686,0.03686708082365609,1.4037497243338262e-05
223.26135649233765,0.038838905003874664,1.4049751257292737e-05
223.28178998046496,0.04080815840510253,1.4062650566684119e-05
223.30222366812814,0.04272568855615087,1.4074514681947856e-05
223.3226572553176,0.04468093771790949,1.408679686786007e-05
223.3430907425136,0.04660070108905765,1.4099393062086653e-05
223.36352442924544,0.04850032648880942,1.411147371207472e-05
223.3839580155036,0.05040986864101327,1.4123613903674222e-05
223.40439150153543,0.052287906283082074,1.4135711370849547e-05
223.4248250873352,0.05413058933598347,1.4147190689652301e-05
223.4452587728956,0.05599393629106329,1.4159438265254418e-05
223.46569225799612,0.05784503560316892,1.4171788526422141e-05
223.87436389547656,0.09209728235329125,1.4392944470485688e-05
223.89479747405858,0.09370054561195698,1.4403526289311569e-05
223.915230952407,0.0953219392377127,1.4414401030638616e-05
223.93566463029128,0.09681785978390206,1.4424012072999633e-05
223.9560982079347,0.09835957724935307,1.4433945732665045e-05
223.9765316853518,0.09989385035681869,1.4443910966491328e-05
223.9969653622975,0.1013941263293435,1.4454062205937235e-05
224.01739893901686,0.10289632113290242,1.4463517796344244e-05
224.0378325155034,0.1043842334657921,1.4473273652578139e-05
224.0582659915235,0.10583282931523996,1.4482244979934538e-05
224.07869966730505,0.10723058995673171,1.4491603562367275e-05
224.09913324262743,0.1086165679817981,1.4500395117239235e-05
224.11956671794178,0.10998565490303917,1.4509683747779007e-05
224.14000039279927,0.11133738863754941,1.4518077410746318e-05
224.16043386718957,0.11266052456660566,1.4526913019216725e-05
224.1808674413478,0.11392035216424552,1.4535397563894051e-05
224.20130101526593,0.11514723872619843,1.4543460374452564e-05
224.2217345889585,0.11631983320357264,1.4551054938566842e-05
224.24216816217813,0.11748979373962926,1.4558860261695572e-05
224.2626017351722,0.11866954563323458,1.456733813191029e-05
224.28303530770063,0.11960849474806923,1.4573017021266985e-05
224.30346887999622,0.12061213945429687,1.45798194433265e-05
224.3239024520517,0.12152663555033671,1.4585460926831181e-05
224.34433602388162,0.12240054818414361,1.4591397112681958e-05
224.3647695952386,0.12319263426564199,1.4596905086784408e-05
224.38520316637005,0.1238886168803395,1.4601258966959904e-05
224.40563663703506,0.12453783936814056,1.4605702489074967e-05
224.42607030746876,0.1251074204551615,1.460945742689779e-05
224.4465038776616,0.12552639955601969,1.4612347039269417e-05
224.4669373473953,0.12588222563758383,1.4614467432181428e-05
224.4873709168969,0.1261336607940519,1.4616309103195654e-05
224.50780458615918,0.12628769659696792,1.4617379712440944e-05
224.52823805519438,0.12639992612242978,1.461833704019989e-05
224.54867162376468,0.12631338473495418,1.4618379666085347e-05
224.5691052918628,0.12597619602343463,1.4615335617001814e-05
224.58953885996743,0.12558463954167137,1.4612856683275073e-05
224.60997232760565,0.12500863423931324,1.4608861085149612e-05
224.63040589477168,0.12430720595365886,1.460406744827734e-05
224.65083956194576,0.12340485687796361,1.4598188727013133e-05
224.67127302865265,0.12232064351505119,1.4591156849119977e-05
224.69170659488736,0.12107388488003279,1.458269825717985e-05
224.71214026089729,0.11963131268762969,1.457315163837071e-05
224.73257372667285,0.11803744455917009,1.4562419023468957e-05
224.75300729220908,0.11617261302556638,1.455026157897114e-05
224.77344095728768,0.1141233875422125,1.4536581326741583e-05
224.79387442213192,0.11182768226135034,1.4521567277126756e-05
224.81430798673682,0.10932602694316434,1.4505204029448302e-05
224.83474155088334,0.10660645177357195,1.4487230516361335e-05
224.8551752147905,0.10365142199327498,1.4468559887307763e-05
224.87560867823777,0.10049038827287775,1.4447668612967342e-05
224.89604224145296,0.09704936859633151,1.4425510523331502e-05
224.91647590443608,0.09343633780268892,1.4402176239869587e-05
224.93690936717758,0.08951839738582204,1.4376688957567067e-05
224.95734292946145,0.0854135232759963,1.434984487212813e-05
224.97777639151172,0.08102278064324661,1.4321375658904609e-05
224.9982100530906,0.0764002116285715,1.4291862043703474e-05
225.01864361444314,0.07158578458329223,1.4260891031049722e-05
225.03907717556285,0.06653008407352523,1.4228784716073512e-05
225.05951073620963,0.061294708261856456,1.4194858547647938e-05
225.0799442968637,0.05586595728795299,1.4160805716970964e-05
225.10037785681925,0.050218778194840635,1.4123979954649135e-05
225.12081131676678,0.04439891222304812,1.408729791063311e-05
225.14124497625744,0.03839351081888877,1.4048863300149083e-05
225.16167853528168,0.03221493703855946,1.4010104738227885e-05
225.18211199429788,0.025893691026396475,1.3969798271751682e-05
225.20254565285722,0.019448460521608386,1.3929455644159593e-05
225.22297921095014,0.012953684887455708,1.3888909904493202e-05
225.24341266903502,0.006342835753430824,1.384742798094962e-05
225.26384622666228,-0.0003133064716452289,1.380614572750936e-05
225.28427988382464,-0.007058468476622561,1.3764078712294262e-05
225.3047133409782,-0.01374370944064577,1.3723095380603386e-05
225.32514689767413,-0.020455923162798734,1.368220180075214e-05
225.34558055390517,-0.02712522289989708,1.364108789906226e-05
225.36601411012816,-0.033756576330345026,1.3601243100575451e-05
225.38644756565918,-0.040317652822373415,1.3561617849678388e-05
225.40688112119096,-0.04678470033718356,1.3522425793484035e-05
225.42731477625057,-0.053185149848740065,1.3484443598681659e-05
225.4477482310831,-0.059457778131041285,1.3447106147387755e-05
225.46818178568356,-0.06571637079931764,1.3409513175727297e-05
225.48861543981184,-0.07186699578994961,1.3373152171117328e-05
225.50904889371304,-0.07794020904060972,1.33376468520584e-05
225.52948244714935,-0.0838976880680277,1.3302844139914914e-05
225.54991600034555,-0.0898164725700041,1.326796378373783e-05
225.5703495533162,-0.09564853030071399,1.3233779123198626e-05
225.590783106054,-0.10136461888693506,1.3200694913593143e-05
225.61121665831888,-0.10695577852860444,1.3168213251733978e-05
225.63165021012537,-0.11244117352760652,1.3136203270793804e-05
225.65208376193186,-0.11782712838078449,1.3105448250366393e-05
225.67251731326542,-0.12311032312785442,1.3075049966137332e-05
225.69295086437342,-0.12824170593394327,1.3045254806780254e-05
225.71338441501575,-0.13325149087582222,1.301627597871221e-05
225.73381786541722,-0.13808285009009535,1.2988840089360344e-05
225.7542514155939,-0.1427916875684292,1.2962344410763007e-05
225.77468506530568,-0.14731149264859644,1.293615930058522e-05
225.79511851477582,-0.15159394673993634,1.2911575813609144e-05
225.81555206402118,-0.15571570155692926,1.2887887783678342e-05
225.83598571280163,-0.15962373884738507,1.2865724789221871e-05
225.85641916134045,-0.1633190742351999,1.284510010724435e-05
225.8768527096545,-0.16678372504340022,1.2825810954864017e-05
225.89728625750286,-0.17002743083834948,1.2807233648239565e-05
225.91771990511188,-0.17304348210296028,1.2790483167885592e-05
225.93815335249383,-0.17575546342663087,1.2775377764731086e-05
225.95858689941088,-0.17822627176064615,1.2761686195602149e-05
225.97902054608858,-0.18049263489077894,1.2748939975899484e-05
225.99945399230637,-0.1824913097789435,1.2737835090442252e-05
226.01988753852493,-0.18420482730530202,1.2728472456309739e-05
226.04032098404423,-0.1856627173073512,1.2720618443384477e-05
226.06075462955778,-0.1868660049544685,1.2713624419501582e-05
226.08118817461218,-0.18777345717051958,1.2708771274300434e-05
226.10162171942648,-0.18845153649524712,1.270473977156155e-05
226.12205526378239,-0.18889382651033376,1.2702483699988313e-05
226.1424888081383,-0.18912595065917764,1.2700951844263638e-05
226.16292235178844,-0.18860507310900915,1.2707443388155901e-05
226.1833557954451,-0.18887773329164476,1.2702449325025339e-05
226.2037894386376,-0.18844937385266686,1.2704875992191774e-05
226.22422298158926,-0.18787696316293434,1.27080045814619e-05
226.24465642408177,-0.18703961611208986,1.2712946381604496e-05
226.26509006634296,-0.18612023208574027,1.271789111066392e-05
226.2855236083633,-0.18504243423617134,1.2723498919291267e-05
226.30595704992447,-0.18382952125498486,1.2730440031231252e-05
226.32639059125358,-0.18242099721258215,1.2738398245177406e-05
226.34682423234335,-0.18093466986731288,1.2746694059842972e-05
226.36725777297397,-0.17929486026840047,1.275574362050929e-05
226.387691213371,-0.17759019579707902,1.276536875382102e-05
226.40812485352944,-0.1757811122570788,1.2775369957657146e-05
226.42855839322874,-0.17388633111786334,1.278602796936397e-05
226.44899183269445,-0.17187747184639027,1.279704598475222e-05
226.4694253719208,-0.1698035320710711,1.280882684806773e-05
226.48985901068954,-0.16769439481832277,1.2820883322659163e-05
226.51029244922393,-0.16554470860251264,1.2832649857796185e-05
226.53072598752624,-0.16329239152943525,1.2845606229690664e-05
226.55115962535638,-0.1610137056086766,1.2858506726887887e-05
226.57159306295944,-0.15869466411550032,1.2871910475918738e-05
226.59202660009032,-0.15633254316246778,1.2884852476702522e-05
226.61246013699565,-0.15391566118681582,1.2898586058887849e-05
226.63289367366815,-0.15144652245791965,1.291275151029978e-05
226.65332721010782,-0.1489857103592792,1.2926259376882161e-05
226.67376074607455,-0.14652043207639462,1.294047649006561e-05
226.6941943818165,-0.14400811395496227,1.2954741826065978e-05
226.71462781708397,-0.14146048611866038,1.2969812291648464e-05
226.73506135212665,-0.13888586483169746,1.298408137193918e-05
226.75549498693726,-0.13629024885024618,1.299912541817104e-05
226.7963619556176,-0.13104701306459657,1.3029781099844e-05
226.81679538926255,-0.1283452040996964,1.3045091560375155e-05
226.85766255608178,-0.12303644061850838,1.3075734307789214e-05
226.878096089029,-0.12036781572649925,1.3091156223898593e-05
226.89852962151053,-0.11766568524164973,1.3106951933207243e-05
226.91896315375197,-0.11496311251375932,1.3122207037289814e-05
226.93939668576786,-0.11228060289693523,1.3137508002395007e-05
226.95983011731732,-0.10955591919545869,1.315319502365357e-05
226.9802637486282,-0.10682969124509349,1.3168883816871641e-05
227.00069727971277,-0.10409595137283331,1.3184925088619536e-05
227.0211307103309,-0.10139983219334105,1.3200685903718792e-05
227.04156434071047,-0.09866039516372611,1.3216629378542418e-05
227.06199777063011,-0.09593385018562521,1.3232565756961522e-05
227.08243130055052,-0.09324326491987521,1.3248318102980525e-05
227.102864829998,-0.09050766713031846,1.326437931431186e-05
227.12329845898785,-0.0877514498468926,1.328043601676697e-05
227.14373188774334,-0.08503235815109325,1.3296539130820953e-05
227.1641654162595,-0.08232200671550463,1.3312249316176162e-05
227.1845989445501,-0.07958169577991872,1.3328331861436001e-05
227.20503247236775,-0.07689443584727415,1.33444016858253e-05
227.22546599995985,-0.07419523586006962,1.3360241475056201e-05
227.24589942708553,-0.07149720369482236,1.3376391782199023e-05
227.2663330539799,-0.06881968142289571,1.3392196701126412e-05
227.2867665806334,-0.06613385888925156,1.3407998024738264e-05
227.3072000070606,-0.06345074498559738,1.3424322507931106e-05
227.32763363301638,-0.06078699842080392,1.3440217259972277e-05
227.34806715874583,-0.058127334947516145,1.3456196990147965e-05
227.36850058400887,-0.05552292866074571,1.3471727947862376e-05
227.38893410903984,-0.05286121318178121,1.3487254316932732e-05
227.40936773383146,-0.05024139970747925,1.3503036491732853e-05
227.42980125816393,-0.04763104833226912,1.3518299738791633e-05
227.45023468226282,-0.045000831440781645,1.3534637517273048e-05
227.47066830612312,-0.04243418743863617,1.3549803054993823e-05
227.49110182952427,-0.03979636434122823,1.3565989488235e-05
227.51153525269183,-0.03721143448215131,1.3581325284357454e-05
227.5319688756208,-0.0346425542181201,1.359691238126441e-05
227.55240239809063,-0.03209748394257161,1.3612256823335327e-05
227.57283582032687,-0.029533220797436463,1.362746472163083e-05
227.59326934232377,-0.027018024052278593,1.364281024999975e-05
227.61370296386303,-0.024490908788574448,1.3657903811671798e-05
227.63413638516795,-0.021965530947055563,1.3673438712920509e-05
227.6545699060007,-0.019493786819576316,1.3688819418784694e-05
227.67500352684146,-0.01702456318971501,1.3703899036766527e-05
227.69543694721506,-0.014520731700684738,1.3719460999489178e-05
227.71587046711647,-0.01208743768241174,1.3734281515756167e-05
227.73630398679234,-0.009645915761269098,1.3749295529561452e-05
227.75673760623613,-0.007203647315853133,1.3764374409306582e-05
227.7771710254383,-0.004793651517152468,1.377927204398233e-05
227.79760454418283,-0.0024284196105952144,1.3793910366610772e-05
227.81803816268803,-9.33226243329102e-05,1.3808473391756261e-05
227.8384715807333,0.0022538964989560054,1.3822807087866434e-05
227.85890509854653,0.004564722362907738,1.3837654356975573e-05
227.87933851612615,0.006848116057999178,1.3851517918320501e-05
227.89977213323436,0.009120756380623252,1.3866041697669181e-05
227.92020565011626,0.01138480420955676,1.3880204446289506e-05
227.94063916676532,0.013585273374136907,1.3894362723354199e-05
227.96107268317428,0.015811891041890506,1.3908307522730625e-05
227.98150619912485,0.01799062706899094,1.3921906446260939e-05
228.00193971460976,0.02014134837878069,1.3935463119289128e-05
228.02237313008663,0.022307571694439133,1.3949006506038453e-05
228.04280674510665,0.024401311510133288,1.3962832956344227e-05
228.06324025966023,0.026488479069051645,1.397566223841307e-05
228.08367367420578,0.028538289044849674,1.3988807167119333e-05
228.10410728829447,0.030618657827659962,1.400165844063529e-05
228.12454080191674,0.03263188163858912,1.4014601613088982e-05
228.14497421553097,0.03459867808702716,1.4027413068321492e-05
228.16540772845474,0.036531647144081726,1.4039101832063078e-05
228.18584134137927,0.038474801064030964,1.4051891080706694e-05
228.2062748538301,0.04045741217571891,1.4064328684456737e-05
228.22670826605463,0.04234541855412315,1.4075924909748455e-05
228.24714187804784,0.0442415518029829,1.4088655597261003e-05
228.26757538956736,0.04616471330411369,1.4100524843812217e-05
228.28800880086055,0.048003074623945645,1.4112718866323676e-05
228.30844231168885,0.04986640070693428,1.4124297796496973e-05
228.32887592251063,0.05169808019974603,1.4135636668049138e-05
228.34930933263968,0.053548845395175244,1.4147358565664177e-05
228.36974284276948,0.05535607201708194,1.4158841999738716e-05
228.3901764524271,0.057174296107136494,1.4169765711993663e-05
228.41060986185767,0.05896395699501279,1.4181579581803685e-05
228.43104337082332,0.06074402772201365,1.4192825695616315e-05
228.45147687954886,0.06252353966558273,1.4204067843325882e-05
228.47191038804885,0.06426571323215874,1.4215316131385415e-05
228.49234389608318,0.06606938946740969,1.4227325782779332e-05
228.51277740411024,0.06779148060524508,1.4237822766149181e-05
228.53321101144684,0.06949406173388058,1.4248831909224218e-05
228.55364441878191,0.07128157478673133,1.426051709134528e-05
228.57407782564405,0.0729844448138888,1.4271250428088529e-05
228.59451143204933,0.07473056144627184,1.4281944974309412e-05
228.61494493845385,0.07643195325710912,1.4292835584986e-05
228.63537844438542,0.07815421529415079,1.430315884569189e-05
228.65581184985786,0.07983621869318856,1.4314362312035358e-05
228.6762454553318,0.08155048956284694,1.4325091499830827e-05
228.6966788603313,0.08322279900313226,1.4335934675044548e-05
228.71711236487317,0.08488254301476247,1.4346759765943895e-05
228.73754596918297,0.08650234229009722,1.4357345514250564e-05
228.75797937325115,0.08815130021823854,1.4367637943387062e-05
228.77841287709452,0.08981386627473927,1.4378492454328653e-05
228.79884638047224,0.0913916039374024,1.4388864005250778e-05
228.8192799836106,0.09302410888457728,1.4399515003705909e-05
228.8397133865219,0.09462063375185645,1.440990922858749e-05
228.8601468889683,0.09619155674118784,1.4419787697415636e-05
228.88058049117535,0.0977679618723412,1.443018007491441e-05
228.9010138929225,0.09934548454470249,1.4440426960956422e-05
228.92144739443756,0.10084116011086144,1.4449891334566312e-05
228.94188089571253,0.10236716763459905,1.4459924863545196e-05
228.96231439676194,0.10383288792244783,1.4469910472218819e-05
228.9827478973457,0.10534452609567099,1.4479571905119838e-05
229.0031813974565,0.10679361613571053,1.4489121749296948e-05
229.0236148975746,0.1082114047398477,1.4498691787589641e-05
229.04404839722702,0.10959571132741076,1.4507539682314773e-05
229.06448189663934,0.1109333459595365,1.4516157474491027e-05
229.0849152955925,0.11228364570102586,1.4525270381619765e-05
229.10534889431437,0.11356548861498457,1.4533692285654381e-05
229.12578239279537,0.11478617571539862,1.4541946780351642e-05
229.14621579081722,0.11603328524724726,1.4549979197906838e-05
229.16664938860777,0.11719290662227533,1.4557728195521657e-05
229.18708288615744,0.11832061731374963,1.4565162136200513e-05
229.20751628324797,0.11935768858518117,1.4572187460753985e-05
229.22794978010643,0.12041163967506308,1.457917764406389e-05
229.24838337672554,0.12144679516853396,1.4586315132720434e-05
229.2688168728855,0.12218980132075251,1.4590795790234374e-05
229.28925026881188,0.12295468366644156,1.4595723689067736e-05
229.30968386449968,0.12368118468935192,1.4600857330870704e-05
229.33011735972832,0.12434711052379978,1.4605039490892639e-05
229.35055075472337,0.1249929992579141,1.4610082128943548e-05
229.37098424925352,0.12526203250947723,1.461122717644194e-05
229.39141784377716,0.12563365660631912,1.4613817557639606e-05
229.41185123760806,0.1258641707733003,1.4614874571767838e-05
229.43228473143245,0.12596086810393392,1.4615615421457464e-05
229.4527183247992,0.12596913391845777,1.4615693629606807e-05
229.47315171793161,0.12581971696492422,1.461495572209286e-05
229.49358521059912,0.12553939498452474,1.4612958923832024e-05
229.51401870325935,0.1251070195189123,1.4609953691620764e-05
229.53445229522913,0.12456773394270704,1.4606586490155702e-05
229.5548856871901,0.12379698943537051,1.4601457850719326e-05
229.57531917869346,0.12289402381003575,1.4595595713489185e-05
229.59575276996475,0.12182111269993182,1.4588088952329125e-05
229.61618616076885,0.12057852061937421,1.4580359831906683e-05
229.6366196513336,0.11911802500150184,1.4570697856577588e-05
229.65705324167357,0.1176081253633558,1.4561835984473268e-05
229.67748663153907,0.115605234575227,1.4547448489141498e-05
229.69792012117978,0.11354732005634584,1.4533648832252924e-05
229.71835361058766,0.11128038291148323,1.4518843388049603e-05
229.73878709952987,0.10880068255008976,1.4502722861605539e-05
229.75922058823198,0.10605523757993911,1.4484690119420315e-05
229.77965407670854,0.10313266593715488,1.4466194157055545e-05
229.80008756471216,0.09993905726707934,1.4444920055140384e-05
229.84095454003545,0.09285993056051639,1.4399016058877068e-05
229.86138792711427,0.08895236483914583,1.4373694269953355e-05
229.8818215139545,0.08477521916841264,1.4346655016225648e-05
229.9022550005684,0.08043345464931072,1.4318985808419589e-05
229.9226883867159,0.07581568754944804,1.4289348478620102e-05
229.9431219726248,0.07101940914055653,1.4259168328682964e-05
229.96355545830738,0.0659742365240363,1.4226830965750723e-05
229.98398884352355,0.060735034709355214,1.4193600657771764e-05
230.00442232850037,0.055278320325218365,1.415884234620697e-05
230.0248558130188,0.049662240219436736,1.4123337146960024e-05
230.0452893972979,0.043829947044910986,1.4086677225162229e-05
230.0657227813499,0.037847809599466195,1.4049174565411424e-05
230.08615626516985,0.03172714653212899,1.4010392099649164e-05
230.10658974852413,0.02543367669554889,1.3970601533716525e-05
230.1270232316383,0.019057128107651807,1.393065692339143e-05
230.14745661429333,0.012591217352843048,1.3889893180616896e-05
230.16789019671705,0.006033514357055744,1.3849054625662516e-05
230.1883236788999,-0.0005736000277910366,1.3807520277435546e-05
230.2087570606236,-0.007201943618085398,1.3766770344399715e-05
230.22919064234884,-0.01380996423164076,1.372571713160206e-05
230.24962412336754,-0.020448279384393565,1.3685089881030446e-05
230.27005760439351,-0.027091977055348108,1.3645015219519447e-05
230.29049098495307,-0.0337019883614579,1.3604575957558838e-05
231.39389837104682,-0.1730638331816991,1.2790023078780806e-05
231.4143318343704,-0.1709093773574853,1.2801708531921939e-05
231.4347652974684,-0.16864357926777446,1.2814217660362302e-05
231.45519876010076,-0.16630584780728483,1.2827687158104738e-05
231.475632222493,-0.16395078323841455,1.2840882030826934e-05
231.4960656846597,-0.1615554991282162,1.2854488815671587e-05
231.51649914636073,-0.15905678552118335,1.2868207641447498e-05
231.53693260805449,-0.15657049611724827,1.2882502774851855e-05
231.55736596905626,-0.1540345992826719,1.2896773864055919e-05
231.57779953005956,-0.15146330447773734,1.2911519100880328e-05
231.59823289059568,-0.1486362917478617,1.2929620364058576e-05
231.61866635065962,-0.14629413043364553,1.29411175331412e-05
231.6390999107316,-0.14369915831620142,1.295589358402506e-05
231.65953337032988,-0.14109181955174568,1.2970403213107982e-05
231.67996672970185,-0.1384788333533762,1.2985920684630328e-05
231.7004001886089,-0.13582902445539294,1.3000909678784402e-05
231.72083374727663,-0.1331913166075807,1.3016060856330817e-05
231.74126710548444,-0.13055808363161878,1.3031007185210868e-05
231.761700563693,-0.12791044548843844,1.3046329854751303e-05
231.7821341214294,-0.12522309695618775,1.3061875752602598e-05
231.8025674787059,-0.12254031504696822,1.307721162795585e-05
231.82300093598315,-0.11988339491774444,1.3092655341865085e-05
231.84343439278746,-0.11716158196593299,1.3108332525663521e-05
231.86386784913338,-0.11448000366218485,1.3123838503572483e-05
231.8843013054793,-0.1117485913576744,1.313983195808784e-05
231.90473476111947,-0.10906134958018882,1.3155451220763556e-05
231.92516831676767,-0.10637087418656635,1.3171049090437034e-05
231.94560167194868,-0.10365949058231014,1.3186739731625523e-05
231.96603512689035,-0.10096410921389395,1.3202195147407983e-05
231.9864684816057,-0.09828205953817283,1.3217777453250723e-05
232.0069020358569,-0.09557445656286205,1.3233804330192013e-05
232.02733548986726,-0.09290003550204767,1.3249458938887834e-05
232.04776884341845,-0.09018441910076046,1.3265475108387165e-05
232.06820239697117,-0.08753405162826648,1.3280723451050485e-05
232.08863584981736,-0.08483642254177026,1.3296653771727257e-05
232.10906930267083,-0.0821757344623204,1.331204735114156e-05
232.12950275505864,-0.07952451575504572,1.3327729592017668e-05
232.14993620720634,-0.07684330581080395,1.3343526609929794e-05
232.17036965889565,-0.0741941012843513,1.3358949888163248e-05
232.19080301035137,-0.07151774357079593,1.3374778916643496e-05
232.2112365615685,-0.06884282065942662,1.3390972831632287e-05
232.23167001255933,-0.066171174831064,1.3406967823487046e-05
232.25210336308373,-0.06350628400872364,1.342291694542585e-05
232.27253691336955,-0.06085037631340281,1.3438828591126744e-05
232.29297036319622,-0.05816655265627636,1.3454614392595437e-05
232.3134037127893,-0.05550140496589202,1.3470459584368495e-05
232.3338371621503,-0.052869176649329705,1.3486214450972396e-05
232.35427071103913,-0.05020578384242784,1.350224363710405e-05
232.3747040597009,-0.04761778005937981,1.351809967949305e-05
232.3951375081233,-0.04499898035633131,1.3533348753937968e-05
232.41557105608808,-0.04236525820108265,1.3549249708259414e-05
232.43600450381928,-0.03977059990521247,1.3564920709853292e-05
232.45643785131688,-0.03720370060219981,1.3580141828293102e-05
232.4768712983423,-0.03462151240296685,1.3596059523214965e-05
232.49730484514293,-0.03205287280144436,1.3611610313201534e-05
232.51773819170194,-0.02951513964503656,1.3626501057168476e-05
232.53817163780332,-0.02699362751748726,1.3642285059850485e-05
232.55860518367263,-0.02442236804955221,1.3658065586992335e-05
232.57903852930758,-0.021962099534114706,1.3672635630103221e-05
232.59947197447036,-0.019438687581591303,1.3687834724484762e-05
232.6199054194076,-0.01696251435920059,1.3703293130001708e-05
232.6403388641047,-0.014499366792064488,1.371846352921291e-05
232.66077230834344,-0.012047650442923451,1.3733523143001557e-05
232.68120575234934,-0.009584718773433046,1.374854442257661e-05
232.70163919612241,-0.007153316117209243,1.376367145545259e-05
232.72207263942255,-0.004704004995244677,1.3778749809839973e-05
232.74250608249713,-0.002346563836083561,1.3793750250283638e-05
232.7629394251053,3.723124853633513e-05,1.3808191831355002e-05
232.80380640985095,0.004726411874434775,1.3837865529233329e-05
232.82423975152778,0.007033233458367686,1.3852301622270363e-05
232.84467329296604,0.009326010446363737,1.3866584646793943e-05
232.86510673417797,0.011588825555500714,1.3880596621029388e-05
232.8855401751498,0.01390225496847767,1.3895491907356136e-05
232.90597361566324,0.016135398360743767,1.3909990937857198e-05
232.9264069559431,0.018325394998134795,1.3922847325310268e-05
232.94684039575804,0.020500010165857837,1.393713603668262e-05
232.9672738353329,0.022689715989265467,1.3950816102524198e-05
232.98770737468294,0.024851310525286805,1.3964859324138935e-05
233.00814071379864,0.026937805795607183,1.3978219038016033e-05
233.02857415244216,0.029047695252568943,1.399108702421778e-05
233.0490076908609,0.031107053516724548,1.4004926339566835e-05
233.06944102881243,0.03316391541035735,1.4018170062751379e-05
233.08987446652463,0.03523442509812374,1.4031012210458305e-05
233.11030790401128,0.03719270879039122,1.4043056350017162e-05
233.1307413412651,0.03915164164516294,1.4055873082448405e-05
233.15117477804597,0.041141205116830476,1.4068565134600354e-05
233.17160821436846,0.043083190972770066,1.408087540642343e-05
233.19204165069095,0.04502031417225157,1.409335908733859e-05
233.2124750865405,0.04691269716907017,1.41051883337666e-05
233.2329085221645,0.048793659464412685,1.411754949546646e-05
233.25334185732208,0.0506512310784745,1.4129075464065167e-05
233.27377539224108,0.05254348712393189,1.4140870422904287e-05
233.29420882693375,0.05437969236480011,1.4153247846642169e-05
233.31464216116,0.056171822817332226,1.416366908424291e-05
233.33507569514768,0.058066797774454726,1.4175569144182203e-05
233.35550912890903,0.059874090929150504,1.4187204448568821e-05
233.37594246220397,0.06169286889593732,1.41987550812425e-05
233.39637589525955,0.06345931595134388,1.4209658971596488e-05
233.41680942809035,0.06521885255106347,1.4221290007024453e-05
233.43724276045396,0.0669996391793548,1.4232335911638234e-05
233.45767619257822,0.06871673662562494,1.4243393423534982e-05
233.4781097244777,0.07047559442311747,1.4254323719839034e-05
233.49854315591074,0.07218338596548644,1.4265057713735017e-05
233.51897648710292,0.07389027283312902,1.42763758815985e-05
233.5394099180703,0.07563631571707491,1.4287726811478175e-05
233.5598434485728,0.07732846236192975,1.4298539625651736e-05
233.58027677883365,0.07903531666727598,1.4309415078006283e-05
233.6007102088697,0.08072630722158122,1.4320528804764864e-05
233.6211437384336,0.08239434004915414,1.4330998231091437e-05
233.6415770677704,0.08404764395036282,1.4341734459849547e-05
233.66201049687515,0.08574932647448061,1.4352766286397247e-05
233.682444025515,0.08737088506671374,1.4363367351722578e-05
233.7028773539132,0.08902853240872849,1.4373895467332888e-05
233.72331078208663,0.09064668758967453,1.4384478648276054e-05
233.7437442097944,0.09226679124148948,1.4395062327663425e-05
233.7641777372628,0.0938614229531694,1.4405513251038883e-05
233.7846110642713,0.09544614996704401,1.441590491418206e-05
233.80504449128057,0.0969976401038512,1.4425618511773123e-05
233.82547801758483,0.09858836321831038,1.443608248917257e-05
233.84591134389484,0.10013103131939351,1.4446038276600612e-05
233.86634476973995,0.10166584965194522,1.4455996443596248e-05
233.8867780953442,0.10320158333544718,1.446638456511692e-05
233.9072116207244,0.10466575574098305,1.4475415544976493e-05
233.9276450456382,0.10614459187875723,1.4485180046934223e-05
233.94807847031188,0.10758764948460066,1.4494518398561923e-05
233.96851189452718,0.10896997544560408,1.4503546195652415e-05
233.98894531850965,0.1103617367995787,1.4512793739987903e-05
234.009378742252,0.1117182161593758,1.4521872595628118e-05
234.02981206576806,0.11303396577003372,1.453028779021321e-05
234.05024558881996,0.11433455921303443,1.4538834671323091e-05
234.070679011631,0.11571286739433131,1.4549156351151844e-05
234.0911123339829,0.11673575255217138,1.4554807706641438e-05
234.1115458563363,0.11791986271983802,1.456280991840009e-05
234.1319792779832,0.11896308931744563,1.4569463110344389e-05
234.1524125996366,0.11997300086698857,1.4576484303159853e-05
234.1728460208251,0.12091683265722956,1.458256111060466e-05
234.19327954177425,0.1217908939404527,1.4588731987613131e-05
234.21371296226425,0.12263245699361619,1.4593893954765694e-05
234.23414628252067,0.12342279082895907,1.4598760929486245e-05
234.2545798025385,0.12402831555876402,1.460321479922791e-05
234.27501322233002,0.1246310522475341,1.4606955252076088e-05
234.2954465416551,0.12513733071685887,1.4610255120114166e-05
234.31587996074086,0.12548725377309417,1.461270515027795e-05
234.33631337936822,0.12579371955223412,1.4614703725184038e-05
234.35674679776275,0.125965442381865,1.461587904523477e-05
234.37718021591718,0.126017205290854,1.4616273406934405e-05
234.39761363361322,0.1259542875975562,1.4615814599470751e-05
234.41804705107643,0.12571765662353268,1.4614168380510452e-05
234.43848036830605,0.12535322224294754,1.4611977111460986e-05
234.45891388529708,0.12485862788011831,1.4608718138831704e-05
234.47934730182897,0.12420432623667786,1.4604596975075924e-05
234.49978071788792,0.12331126887782749,1.4598851929850663e-05
234.52021403395338,0.12227217568026667,1.4591592856036395e-05
234.5406475495547,0.12101492772003417,1.4583508125358398e-05
234.56108096491516,0.11963171160692211,1.4574319614866259e-05
234.58151427981647,0.11807512761259013,1.4564350426148677e-05
234.60194769448572,0.11624403339572253,1.4552494242221147e-05
234.6223812089156,0.11428104791957264,1.4539055771476114e-05
234.6428145228856,0.11210036578998128,1.4524968204629179e-05
234.66324793662352,0.10972030094310288,1.4509171965288925e-05
234.6836814501221,0.10705454902907698,1.4491477942865361e-05
234.70411476316076,0.10424829803276439,1.4473118078888801e-05
234.72454817596736,0.10117321980138975,1.4453080944331133e-05
234.7449816885346,0.097802211083722,1.4431432317147e-05
234.76541500064195,0.09424310533618167,1.4408143859283007e-05
234.78584841251723,0.09044395616782308,1.4383740134727535e-05
234.80628182415967,0.0864105661683509,1.4357866431369066e-05
234.82671533556277,0.08215352533013862,1.4330038111765773e-05
234.84714864650596,0.07766722374330204,1.4301464940723058e-05
234.86758205697697,0.07296235715767821,1.4271837075202667e-05
234.88801556745602,0.06800326336819958,1.424004187564491e-05
234.9084488774679,0.06290965695076586,1.4207339565171753e-05
234.92888228701486,0.05754917198345513,1.4173164329782784e-05
234.94931569655455,0.05201431847623836,1.4138299459761607e-05
234.96974910563586,0.04631377666970346,1.4102264013604422e-05
234.99018251424422,0.040377085871265046,1.4064940487734023e-05
235.01061592285987,0.0342959527943716,1.4026516265381628e-05
235.03104933100985,0.028076419780415505,1.3987194705725121e-05
235.05148273869418,0.021669067866330462,1.394679474540637e-05
235.07191614637122,0.015184151443358579,1.3906006213549181e-05
235.09234945358912,0.008637899324888258,1.3865370861328453e-05
235.1127829603356,0.0020026516840460037,1.382435201211255e-05
235.1332163670886,-0.004664871256165353,1.3782744632716525e-05
235.15364967337518,-0.011362134022054804,1.3741177314123622e-05
235.17408317919035,-0.018096772343246588,1.3700000271660554e-05
235.1945165847792,-0.024807355785366497,1.3659161892285569e-05
235.21494989013445,-0.03148969900995211,1.3618380172246545e-05
235.23538329525036,-0.03810460316580108,1.3578231180207347e-05
235.25581679990864,-0.0446517433676566,1.3538904091060625e-05
235.27625020433334,-0.051149550601057775,1.3499770973227077e-05
235.29668350852444,-0.057564584344688474,1.3460978981976267e-05
235.31711701224413,-0.06388413007218016,1.3423689140913233e-05
235.3375504157375,-0.07012905580728727,1.3386760091480801e-05
235.35798371899,-0.07630709432480381,1.3350075503716002e-05
235.37841712178488,-0.08241162848208822,1.331411789095531e-05
235.3988506243477,-0.08843631896307451,1.327861274391342e-05
235.41928392667614,-0.09432517350240055,1.3244146998688701e-05
235.43971732853242,-0.10006502864039662,1.3210299183826189e-05
235.4601508301639,-0.10581437204527269,1.3177102419361337e-05
235.48058413155377,-0.11137820796956904,1.3144840688309606e-05
235.501017532486,-0.11684412052748253,1.3113021636457196e-05
235.5214509331854,-0.12222071924377957,1.3081352901150006e-05
235.54188433341915,-0.12744869696247974,1.3051763102823045e-05
235.5623177336456,-0.13256105626746809,1.3021814081050356e-05
235.5827511334137,-0.1375523812148175,1.299323281958947e-05
235.6031846327096,-0.14238423767513408,1.2965682437332566e-05
235.62361793201126,-0.14706451194764433,1.2938950912452469e-05
235.64405133084801,-0.15153055426576822,1.2913914397768361e-05
235.66448462921835,-0.1558497950745291,1.2889434089809789e-05
235.6849181273501,-0.15994484814132626,1.2866427825459697e-05
235.70535152525554,-0.1637831500483465,1.2845143402022143e-05
235.72578492292087,-0.16740619464708867,1.282497203015404e-05
235.7462183201278,-0.17078006188274958,1.2805956680685983e-05
235.7870851138432,-0.17674584612022062,1.2772477549677803e-05
235.8075184101108,-0.17936670828869927,1.2757749310761025e-05
235.82795190615434,-0.18175618555216783,1.2744576335842132e-05
235.84838520196354,-0.1838505157613339,1.2732808200854014e-05
235.86881859730056,-0.18567452190133882,1.2722803356981403e-05
235.8892520924128,-0.18724820153556238,1.271404462155983e-05
235.90968538705783,-0.18855714030013748,1.2706684562971037e-05
235.93011878169636,-0.1896086531893557,1.2700792220411785e-05
235.95055227587727,-0.1904033662248457,1.2696513379205958e-05
235.970985569591,-0.19098787198267847,1.2693508183687214e-05
235.99141896306537,-0.1913125413743265,1.2691607284946022e-05
236.0118523563142,-0.19140708353088987,1.2691026002365874e-05
236.03228574933019,-0.19132464418844405,1.2691518836066384e-05
236.05271914187324,-0.19100417368377365,1.2693462089476994e-05
236.07315253419074,-0.19050218478640688,1.2696015680557572e-05
236.0935859262754,-0.18987086241238724,1.2699600143028311e-05
236.11401931788714,-0.18902532559051277,1.2704251759587497e-05
236.13445270927332,-0.18804788873892353,1.2709744531112746e-05
236.1548860004259,-0.1869019807178113,1.2716280149174815e-05
236.17531949110708,-0.18559670557952646,1.2723542468557636e-05
236.19575288156193,-0.18420157062662185,1.273150142084123e-05
236.21618617155036,-0.182644725173069,1.2739922500288657e-05
236.23661966153304,-0.18095475259179028,1.274963155399394e-05
236.25705305105657,-0.17918168696488107,1.2759384568914009e-05
236.27748634011368,-0.17732209032132573,1.2770100335201952e-05
236.29791972916428,-0.17538537210153335,1.2780246250619505e-05
236.31835321775725,-0.17332933715308319,1.2791793362974774e-05
236.3387866058838,-0.17122753287135636,1.280387900159436e-05
236.35921989376948,-0.16903823682545682,1.2816031324520554e-05
236.37965338143113,-0.16678139623905266,1.2828412865827982e-05
236.40008676885918,-0.16445205359002657,1.284164138099247e-05
236.42052005581354,-0.16207474132099584,1.2854940554876986e-05
236.4409534425431,-0.15962324532935812,1.2868904738489547e-05
236.4613869290406,-0.15718611047491896,1.2882763893286208e-05
236.48182021506364,-0.15467371489557097,1.2896675586711159e-05
236.50225360086188,-0.152124061225592,1.2910697691858067e-05
236.52268708642805,-0.14957189282505767,1.2925258365216602e-05
236.54312037151976,-0.14695541819703287,1.2940083456318162e-05
236.56355375638668,-0.14437266366200835,1.2954701066163328e-05
236.58398714102077,-0.14173370547411157,1.2970000639429442e-05
236.60442062518268,-0.1391059202758439,1.2985200783156648e-05
236.62485390911752,-0.13641226779934248,1.3000179329653824e-05
236.64528729282029,-0.13376877614801702,1.301544065058774e-05
236.66572077605088,-0.13110933289460389,1.3030625789638447e-05
236.6861540590544,-0.1284201229963222,1.3046174486625444e-05
236.706587441593,-0.12572219909446178,1.3061729822244096e-05
236.72702072412358,-0.12304460749881929,1.3077403945653968e-05
236.7474542061973,-0.12038546882140272,1.3093157809539255e-05
236.76788758780458,-0.11765773428414869,1.310875034472381e-05
236.7883209694046,-0.11492917204028844,1.3124547597643345e-05
236.80875435054622,-0.11223755665310342,1.3140361271557528e-05
236.8291877312222,-0.1095038494422989,1.3156099053596575e-05
236.84962111189088,-0.1067657029857213,1.3172375722470267e-05
236.87005439210043,-0.1040630979110723,1.3188034708800678e-05
236.89048787184583,-0.10134229266854651,1.3203760293683915e-05
236.9109212515832,-0.09865413088953706,1.3219854977113416e-05
236.93135453086143,-0.09589296395393448,1.3235898013523981e-05
236.9517880096755,-0.09319178414469609,1.3251533114850843e-05
236.97222138848156,-0.09049787115704436,1.3267577782942516e-05
236.99265466682846,-0.08776878445917839,1.3283673589017564e-05
237.01308804471046,-0.08505284178874349,1.3299387590477455e-05
237.03352152258594,-0.08234015687981323,1.331534306951277e-05
237.05395480000152,-0.07960221609986556,1.3331469475873467e-05
237.07438817718503,-0.07690954804026973,1.3347286785919718e-05
237.09482165389636,-0.07418055302386961,1.3363511919948866e-05
237.11525503038138,-0.0714625459547194,1.337945176391975e-05
237.1356883066328,-0.06876152933850325,1.3395885159417752e-05
237.1561217824128,-0.06605485243797363,1.3412169815617002e-05
237.1765551579665,-0.06333750128232939,1.3428255174225614e-05
237.1969884332866,-0.06070212841248114,1.344427046733379e-05
237.21742180813453,-0.058047405006946454,1.3459864739595467e-05
237.23785528275766,-0.0553541225575703,1.347595098470405e-05
237.25828855714644,-0.052709555831725555,1.3491902404616559e-05
237.27872193106305,-0.050111894276984835,1.3507361646055956e-05
237.2991553047541,-0.04743351212678788,1.3523436745597372e-05
237.3195886782123,-0.04485074623793502,1.3539059385026666e-05
237.34002205143042,-0.04220683494265528,1.355517146823959e-05
237.3604553241894,-0.039662575507416115,1.3570352518690957e-05
237.38088879648421,-0.03706109731820853,1.3586229312799625e-05
237.401322168771,-0.034500167926955434,1.360229546313919e-05
237.42175544059864,-0.03192645304826981,1.3617829645237352e-05
237.44218891219498,-0.02939009328010443,1.363305639142169e-05
237.46262228331761,-0.02688327862867166,1.3648761587126077e-05
237.48305555421393,-0.02433705288937585,1.3663739603260845e-05
237.50348892487818,-0.021857331175957718,1.3679013005736449e-05
237.5239223953031,-0.019375302451926337,1.369449279054832e-05
237.54435566526809,-0.01688772743934355,1.3709976329271216e-05
237.564789035001,-0.014420602094443059,1.37245805542481e-05
237.58522250426176,-0.011934711756244627,1.3739770393551756e-05
237.60565577329544,-0.009520968242974931,1.3754360470502498e-05
237.62608914209704,-0.007105751345132219,1.3769741745779164e-05
237.646522510433,-0.004693047690481728,1.3784963294148345e-05
237.66695597876242,-0.0023064893339353946,1.379919925943245e-05
237.6873892463991,2.651194821837228e-05,1.3813798738789336e-05
237.70782261402928,0.0023807940048224028,1.3828267167880059e-05
237.72825608120183,0.004735814002701537,1.3842966140351443e-05
237.74868934814003,0.007014245605687808,1.3856892577242128e-05
237.76912271461333,0.00930626170382189,1.3871222038848164e-05
237.78955608107935,0.01159301471400004,1.3885114771211705e-05
237.809989447087,0.013885969412344136,1.389910590349883e-05
237.8304228126217,0.01613837208737132,1.3913009433613987e-05
237.85085617793084,0.018324522883327095,1.3927020213488834e-05
237.87128954300715,0.02055411823922603,1.3940854274574434e-05
237.89172290785064,0.022725763267242564,1.3954785558940043e-05
237.91215627222118,0.024895033820347544,1.3968072570291841e-05
237.9325895363654,0.027028426070804527,1.3980968683067313e-05
237.95302300003823,0.02914399709680821,1.3994326232138068e-05
237.97345636371756,0.03125560819471269,1.4007652934925846e-05
237.99388962693047,0.03331739405747298,1.4020238374662377e-05
238.01432308967924,0.03536501516718307,1.4033650692728453e-05
238.03475645241997,0.03741635731119499,1.4046539617684122e-05
238.05518971446872,0.039418375986803575,1.405929836511468e-05
238.07562307651824,0.0413964765061202,1.4071468836722078e-05
238.09605653809558,0.043375212596548876,1.4084440706558286e-05
238.11648979944584,0.04531509250699047,1.4096656187554085e-05
238.13692316056404,0.04727165577991618,1.4109454983558516e-05
238.15735662121006,0.049213282053121296,1.4121691275932105e-05
238.17778998162976,0.051104005222072174,1.413338468818239e-05
238.19822324181587,0.05300913185882755,1.4145739912699475e-05
238.2186566015298,0.05488092620550142,1.4157570832888145e-05
238.23909006101894,0.05677304512098322,1.4169476141062038e-05
238.25952332027373,0.05860186674482845,1.4181165431404453e-05
238.27995667905634,0.060473363102738265,1.4193348316981982e-05
238.30039013761416,0.062315698862993485,1.420459288899402e-05
238.32082339593035,0.06410294553968165,1.4215960150003622e-05
238.3412567537889,0.06593968584302526,1.4228387369073213e-05
238.36169011164748,0.06768895120681659,1.4239436510988976e-05
238.38212346880755,0.06951432669361492,1.4250610258156743e-05
238.40255682596035,0.07128149847785736,1.4262218414053094e-05
238.42299018265476,0.07306431569460083,1.427355058181391e-05
238.44342363910982,0.074801986501374,1.428462043124566e-05
238.46385689510498,0.07656268641200419,1.4295897571476868e-05
238.48429025086807,0.07827133160499794,1.4306950662177312e-05
238.50472350639757,0.0800327479120784,1.4318411455320038e-05
238.52515696145565,0.08175626695996285,1.4329460928939893e-05
238.54559031652025,0.08343946561221621,1.4340436048811537e-05
238.5660235708856,0.08506453101659152,1.4351241401251748e-05
238.58645702524518,0.08676811893385561,1.4361882128249868e-05
238.60689037914563,0.08845725078778607,1.4373151672106031e-05
238.62732373281324,0.09007478705762006,1.4383417306227381e-05
238.6477570860079,0.09167452006821607,1.4393583213636567e-05
238.66819043897704,0.09328525727973414,1.4404054224555313e-05
238.68862379170605,0.09484629362637956,1.44144466493812e-05
238.70905704420875,0.09644362780418114,1.4424457444947726e-05
238.7294904962473,0.09802047744295439,1.4434355251813238e-05
238.77035709961638,0.10112325534597856,1.445469939196843e-05
238.7907905507236,0.10263379357522961,1.4464221709518573e-05
238.8112238015965,0.10414100916492952,1.447405947862185e-05
238.8316571519972,0.10560668611922076,1.448369947493037e-05
238.8520905024052,0.1071095193183729,1.4493399458211878e-05
238.8725238523475,0.10855536134461193,1.4502947020285097e-05
238.8929572018169,0.10996509476961153,1.4512057505370607e-05
238.91339055129356,0.11141728086520675,1.4522201352680364e-05
238.93382390030456,0.11276548741752809,1.4531136139583495e-05
238.95425724884262,0.11402837368846733,1.4539318140533699e-05
238.97469059738796,0.1153352455737952,1.4547495907597162e-05
238.99512384546688,0.11655840249620877,1.4555796761948945e-05
239.01555729307438,0.11776796519779728,1.4563620171677099e-05
239.0359906406884,0.11892091045110875,1.4571568796712724e-05
239.056423887836,0.12006598228234598,1.4578693589901362e-05
239.07685733451217,0.12105878579019418,1.4585453989005528e-05
239.09729068119486,0.12206673127644246,1.4592161835679606e-05
239.11772392741113,0.12304031746493777,1.4598675021017098e-05
239.13815727338806,0.12387003446572142,1.4604152481261663e-05
239.15859071890736,0.12465309429605045,1.4609203783520769e-05
239.17902406419307,0.12533774270715076,1.461404386901502e-05
239.1994573092379,0.12589329943622352,1.4617503735829566e-05
239.2198907538259,0.12643003258224378,1.4620953617579822e-05
239.2403240984131,0.12679820174986123,1.4623368299633316e-05
239.2607573422938,0.12708808730114055,1.4625206489373077e-05
239.28119068618253,0.12727287049012953,1.4626450169205358e-05
239.30162412960635,0.12731192000638175,1.4626862210190958e-05
239.32205737278855,0.1272062645767352,1.4626244341390754e-05
239.34249071574595,0.12698968300179256,1.4624314904722511e-05
239.36292415823846,0.12664361170364752,1.4622253089435726e-05
239.38335740048933,0.12616070979354882,1.461907130139312e-05
239.40379074228258,0.12543639844984644,1.4614636256041318e-05
239.42422408407583,0.12454938033959596,1.4608690053218921e-05
239.4446574251633,0.12356339045914166,1.4602677328782297e-05
239.46509076625807,0.12235687583449806,1.4594233607909958e-05
239.48552410688717,0.12099966968114173,1.4585678896508267e-05
239.50595754727692,0.11941551883639095,1.4574922064135314e-05
239.5263907874396,0.11767796777752566,1.4563573565058767e-05
239.54682412713737,0.11568766732126533,1.4550589634146138e-05
239.56725736659428,0.1135175687063999,1.4536503385325497e-05
239.58769080582715,0.11110732552939079,1.4520444142634644e-05
239.6081241445936,0.10851374280212121,1.4503675635419492e-05
239.62855748311995,0.10567300397260872,1.4484738018108578e-05
239.64899082142074,0.10261659245929892,1.4465326460530883e-05
239.6694241594887,0.09933021478572523,1.4443743910497148e-05
239.68985749708372,0.09577133415993114,1.4420569771122235e-05
239.7102907342196,0.0920079099373918,1.4397068419223904e-05
239.730724171357,0.08801342972648543,1.4370866275506025e-05
239.7511575080207,0.08377728325366907,1.4343611248260711e-05
239.77159074445808,0.07935223931479826,1.431472574073307e-05
239.79202418043133,0.07463564152781355,1.4284605678552899e-05
239.81245751639653,0.0697291128042842,1.4253157592683031e-05
239.83289075166977,0.06452701132975419,1.4220201471246251e-05
239.85332408694376,0.059162177112789406,1.4186160932330504e-05
239.87375752174557,0.053609280591373557,1.4150680097767516e-05
239.8941907563203,0.047797546629680054,1.4113476260141842e-05
239.91462409066298,0.041802332362831644,1.4075563779941729e-05
239.93505752453348,0.03567822958303335,1.4036631496751881e-05
239.95549085817765,0.029370325374877673,1.3997178761304136e-05
239.9759240913554,0.022990097888105486,1.3956900408261456e-05
239.99635742452665,0.016461613955924645,1.3916497919987886e-05
240.01679085724027,0.009861381455125154,1.3875626756769561e-05
240.0372240894867,0.0032221156507358972,1.3835017857614022e-05
240.05765742172662,-0.0035008160135708882,1.3793861288140522e-05
240.0780908535089,-0.010210974946796441,1.3752526623027109e-05
240.09852408505685,-0.016942604515870874,1.3711456175523145e-05
240.11895741613262,-0.023629748002183412,1.3671282386074322e-05
240.13939074698283,-0.030310217158601313,1.3630866588685829e-05
240.1598240776002,-0.036903417743849004,1.3590508609029615e-05
240.18025740774465,-0.04347419212859602,1.3550469855933566e-05
240.20069073766354,-0.04995234527594089,1.3511431505453752e-05
240.2211240673496,-0.05638427303835614,1.3473106970122672e-05
240.24155739679554,-0.06269603591497355,1.3434874725185773e-05
240.26199062578235,-0.06892645314984511,1.3397421863612312e-05
240.28242395453708,-0.07509551493732566,1.3360337270678295e-05
240.30285738281964,-0.08116228453310037,1.3324316000051277e-05
240.32329071087588,-0.087166920286952,1.3289257158167595e-05
240.34372393869853,-0.09302716044297446,1.3254403254310375e-05
240.38459059340676,-0.1045367149193606,1.3187180158520629e-05
240.40502392029885,-0.11009920788643045,1.3154314641783134e-05
240.4254573469516,-0.11561625991947917,1.312238683470681e-05
240.44589057314442,-0.12097604244639709,1.3091272958964485e-05
240.4663238991052,-0.12623532204715002,1.3060980630730627e-05
240.48675722483313,-0.13135351109371735,1.3031595894348665e-05
240.5071906500889,-0.1363440750150424,1.3003278010649589e-05
240.52762387511757,-0.1411663660476921,1.2975560907174743e-05
240.5480571999069,-0.1458879930481039,1.294878102844851e-05
240.56849062423862,-0.15038698985473148,1.2922864820480044e-05
240.58892384833598,-0.15469751174210647,1.2898515776873675e-05
240.60935717220127,-0.1587883852619284,1.2875441765479501e-05
240.6297903958257,-0.16264897995996191,1.2853769038619084e-05
240.65022381899325,-0.16627028670637697,1.2833719769875421e-05
240.67065714191995,-0.16972689235584193,1.2814426628055032e-05
240.69109046438825,-0.17287042158878888,1.2796483421154043e-05
240.71152378662373,-0.1757728463494548,1.2780103358781132e-05
240.73195710862637,-0.17845486719515813,1.2764853772569065e-05
240.7523904303889,-0.18083739647497477,1.2751707584777089e-05
240.7728236516923,-0.18295921935533987,1.2739761351349136e-05
240.79325707275711,-0.18482028479905477,1.2729505459286264e-05
240.8136903935956,-0.18643685092823364,1.2720655425338476e-05
240.83412361396768,-0.18775157659163577,1.2713196238758592e-05
240.85455703410844,-0.18884746778648737,1.2707156817559268e-05
240.87499035400833,-0.18968426234580155,1.2702546563230952e-05
240.89542357344908,-0.19029482333810796,1.2699005296978178e-05
240.91585689265776,-0.19067305731333142,1.2697006309254592e-05
240.9362903116271,-0.19083215442914772,1.2696392556968643e-05
240.95672353013651,-0.1908049405241286,1.2696172974066609e-05
240.9771568486467,-0.19052772744199542,1.2697684026936122e-05
240.99759026645188,-0.19009917886374558,1.2700207393732618e-05
241.01802358426357,-0.1894696626236854,1.2703747940149714e-05
241.03845680160885,-0.18869612760438825,1.2708085059900107e-05
241.05889011871477,-0.18773161919560885,1.271361704769202e-05
241.07932353536307,-0.18666817711740435,1.2719359416356516e-05
241.09975675200985,-0.1853709344091774,1.2726572761325872e-05
241.12019006818446,-0.18393678202901206,1.2734427258398853e-05
241.14062348390144,-0.18240311631485395,1.2742900704393091e-05
241.1610566996169,-0.18074192941142583,1.2752074634592939e-05
241.18149001486017,-0.17898596867091301,1.2762101851320833e-05
241.20192332964507,-0.17706945958042022,1.2772686703655855e-05
241.22235664442996,-0.17510236895750603,1.2784127294522896e-05
241.24278995874192,-0.17302922393432119,1.2795751799724102e-05
241.2632232725955,-0.17089570166163753,1.2807744378903756e-05
241.28365668644255,-0.16868175452339343,1.2820263270126339e-05
241.3040898998297,-0.16640872319215422,1.2833182664186713e-05
241.3245232129848,-0.16410426043429616,1.284608275888181e-05
241.34495642567344,-0.1617285253582865,1.2859119266313215e-05
241.36538983812352,-0.15926106599366846,1.2873351742226048e-05
241.38582315034728,-0.15682163273309183,1.2886978898841401e-05
241.40625636233744,-0.1543245105604436,1.290093770967103e-05
241.4266897738562,-0.1517777639870962,1.2915629737697079e-05
241.44712308514863,-0.14920509873860283,1.2930301365932089e-05
241.46755639620824,-0.14662619818128023,1.2945242410678645e-05
241.48798960679414,-0.1440250113427063,1.2959906930533515e-05
241.50842301715602,-0.14137755332828536,1.297506858057633e-05
241.52885632727703,-0.13871670618727694,1.2990129074793294e-05
241.5492895369389,-0.136064704591997,1.3005010142893761e-05
241.56972294636944,-0.13341859603708,1.3020150251483995e-05
241.5901562555664,-0.1307330795309396,1.303572805019347e-05
241.61058946428966,-0.12802807484161327,1.3051154618762539e-05
241.63102277278813,-0.12536546631105897,1.3066392264921678e-05
241.65145618104725,-0.12263720945133624,1.3082196943859629e-05
241.6718893890793,-0.1199512217247309,1.3097729683292196e-05
241.69232269664644,-0.11719173212626358,1.3113645716046494e-05
241.71275600398076,-0.11447794577852265,1.3129580294152085e-05
241.75362261747796,-0.10903523852165586,1.3160945192911795e-05
241.7740558238802,-0.10630070336329306,1.3177088040359789e-05
241.79448923004384,-0.1036088910838516,1.3192777866209074e-05
241.81492253574834,-0.10087340111913623,1.3209444888776665e-05
241.83535574121925,-0.09814249174191031,1.3225362924722436e-05
241.85578914645157,-0.09541254989887396,1.3241760892384489e-05
241.87622245145758,-0.0926937045738213,1.3257468458212648e-05
241.89665565599717,-0.08995579913563319,1.3273684589246523e-05
241.91708896006458,-0.08722594133183346,1.3290036045983887e-05
241.93752236414002,-0.08448159989464832,1.3306253524330208e-05
241.9579555677483,-0.08174289696452544,1.3322448333544759e-05
241.9783888711172,-0.07907048847741971,1.3338329505118476e-05
241.9988222740285,-0.07634805871704971,1.3354338501552805e-05
242.01925557693903,-0.07365070349130509,1.337085726625645e-05
242.03968877937587,-0.07094502382786345,1.3387219804884388e-05
242.06012208135508,-0.06822439758553318,1.3403318816721946e-05
242.08055548333505,-0.06550339542636806,1.3419271164846328e-05
242.10098868484056,-0.06282445373011769,1.3435776174210454e-05
242.12142198588845,-0.06013050207529555,1.3452303808824773e-05
242.1418553869371,-0.0574694990657083,1.3467948257470926e-05
242.16228858751128,-0.054795096029327216,1.348387722956757e-05
242.18272188762785,-0.05213343242094354,1.350006639997977e-05
242.20315518774441,-0.049522032979167144,1.3515360352175312e-05
242.22358848738804,-0.04686635343456386,1.353171427972254e-05
242.24402178680612,-0.04423599632917935,1.354767380712429e-05
242.26445508575853,-0.04162717309956379,1.3563478613733617e-05
242.28488838470366,-0.03900241490997368,1.3579111134518028e-05
242.3053216831904,-0.03639886883620125,1.3595137514712106e-05
242.3257549812115,-0.03380416537862199,1.3610923831822551e-05
242.34618817923183,-0.031221924185068032,1.3626493181208333e-05
242.36662157678074,-0.028650787574552514,1.3642223708049585e-05
242.3870548738705,-0.02606943168914497,1.3657610263294886e-05
242.40748807095224,-0.023521574104099777,1.3673284762910434e-05
242.4279214675771,-0.02097227953083791,1.3688278310595678e-05
242.44835476396838,-0.01845316741159559,1.3703729535452326e-05
242.46878805988672,-0.01589791620059062,1.371910129185358e-05
242.50965465080662,-0.010905707865850604,1.374958366770987e-05
242.53008794602647,-0.008459113339880402,1.3764248510704606e-05
242.55052114078717,-0.006031936962761496,1.3779506738771404e-05
242.57095453531656,-0.0036115727999759453,1.3794247408944548e-05
242.59138782960508,-0.001203432199264241,1.3808753535306988e-05
242.61182102343446,0.0011661370624431954,1.3823211450920604e-05
242.63225431703177,0.0034782309459693277,1.3837498571946716e-05
242.65268771038973,0.005877737133655347,1.3852519711893462e-05
242.67312090328778,0.008152520967258013,1.3866434445597724e-05
242.69355419595377,0.010469743690312368,1.388068219287446e-05
242.7139875883804,0.012718244365410674,1.3894543423110658e-05
242.73442078034714,0.014957065806697393,1.3908288427552195e-05
242.75485407231463,0.017203272149078276,1.3922431423512012e-05
242.77528736380918,0.01938873320181243,1.3935411785828136e-05
242.79572065484535,0.021572770675966215,1.3949325087836297e-05
242.8161539456487,0.023750619459127067,1.396300452714862e-05
242.8365872362192,0.02587561457219344,1.3976377500969708e-05
242.85702062655037,0.027976472987038637,1.3989401360581734e-05
242.87745381642162,0.030108587664060875,1.4002855496381859e-05
242.89788710605353,0.03216929858002627,1.4015685481754836e-05
242.91832049546065,0.034214827315774535,1.4028543698374075e-05
242.9387536846334,0.03627559576612173,1.4041730696832657e-05
242.959186973334,0.03825160063405678,1.4054039061998722e-05
242.97962026180903,0.0402607975594876,1.4066923941241527e-05
243.0000535498184,0.042285755674472666,1.4079375590334811e-05
243.02048683758767,0.044298344821011804,1.4092168465229603e-05
243.04092012513138,0.04624800431774514,1.4104436402342461e-05
243.06135341244226,0.048219025485886385,1.4116976102388616e-05
243.0817866992802,0.05013877420492477,1.412894692114474e-05
243.1022199858926,0.052066946346560374,1.4141606735769003e-05
243.12265317227138,0.05399727208181872,1.4154013077352859e-05
243.14308655817877,0.055857380751264174,1.4166268334246248e-05
243.16351984385983,0.05772851931761907,1.4178220717679595e-05
243.1839530293073,0.05963338752165566,1.4190086583561453e-05
243.2043864145162,0.06140888564805562,1.4201410969141463e-05
243.22481959926517,0.06326924803907231,1.4213495151527786e-05
243.2452528837821,0.06506572952301794,1.4225117162241552e-05
243.2656861680589,0.06689870455420908,1.4236644330599454e-05
243.2861194518773,0.06864822284510505,1.4247981854801714e-05
243.3065527354629,0.07041718676993389,1.4259701125703463e-05
243.32698601858283,0.07214741521506281,1.4270073726140446e-05
243.34741940169624,0.07386258292132178,1.4281406368782672e-05
243.36785258434975,0.07557931523974512,1.4292234892923142e-05
243.3882858667639,0.07728142479137486,1.4303241617929193e-05
243.40871904871892,0.07895093229566878,1.431398557039253e-05
243.42915243044263,0.0806412525404595,1.4324771946255352e-05
243.44958571193274,0.08230745866995388,1.4335471698525025e-05
243.470018893182,0.0839722110223843,1.4346606054460531e-05
243.49045227397437,0.08560503358112909,1.435680654222855e-05
243.51088555452588,0.08726610283963676,1.4367604712199204e-05
243.53131883485185,0.08888232951872402,1.4378081822668231e-05
243.55175201471138,0.0904851207883077,1.4388384954745098e-05
243.5721853943396,0.09206554613610124,1.4398654031024925e-05
243.59261867372697,0.0936610505581906,1.4408802869522899e-05
243.61305185288802,0.09521841514705158,1.441898194948537e-05
243.63348523157765,0.09674731527473447,1.4428944397097059e-05
243.65391851004097,0.09829331343688827,1.4439083537720724e-05
243.67435168803786,0.0997771202472521,1.44485811175766e-05
243.69478496580268,0.10126562480537182,1.4458614233206e-05
243.71521834332816,0.10273347115986822,1.4468015208667143e-05
243.73565152062656,0.10414486320020463,1.4477672942769333e-05
243.75608479746006,0.1055940058508492,1.4486636887855612e-05
243.77651817405422,0.10699831974753973,1.4495876476453994e-05
243.7969513504213,0.10835754929513808,1.4504225459946277e-05
243.8173846265563,0.10971626894869675,1.4513347505090413e-05
243.83781790221838,0.11109101870778708,1.4522399011412004e-05
243.85825127765565,0.11234696488834682,1.453049262619084e-05
243.87868445262575,0.11361388669585241,1.4538951624204397e-05
243.89911772758933,0.11486465400717838,1.4546933524650883e-05
243.91955110209528,0.11603916973470561,1.4554575483925826e-05
243.93998427613406,0.11714880642439794,1.4561847218538409e-05
243.9604175501663,0.11830133308888754,1.456984978056647e-05
243.98085082374018,0.11937380098010711,1.4576732996655613e-05
244.00128409708122,0.12037643027425901,1.4583496203069479e-05
244.02171736994933,0.12130958572535444,1.4589444166790283e-05
244.04215064259188,0.12220147730612793,1.4595314017053074e-05
244.0625839150016,0.12304672026330288,1.4601242673146185e-05
244.0830171871712,0.12378986140063072,1.4606049876102958e-05
244.10345045888243,0.12449432139171769,1.4610473251629609e-05
244.12388363036007,0.1250687708815274,1.4614508047837828e-05
244.14431700159912,0.1255409191499111,1.4617834016692343e-05
244.16475027237902,0.1259719427047084,1.4620576926102558e-05
244.18518344292534,0.12637094442575023,1.4623687117377065e-05
244.20561681323306,0.12645090688445274,1.462356726569752e-05
244.22605008331448,0.12654091183695582,1.4624142482854104e-05
244.24648325292947,0.12647635801895166,1.4623701798316025e-05
244.2669165223051,0.1262363221442406,1.4622359047943917e-05
244.28734989145596,0.1260546847823023,1.462205734136171e-05
244.3077831601404,0.12544105073058726,1.4617091674605935e-05
244.32821632858395,0.12479096744342766,1.4612734853103632e-05
244.34864969680348,0.12395830376782693,1.4607217233949353e-05
244.36908296455658,0.1229883761588065,1.4600753592934026e-05
244.38951613206882,0.12180992046872474,1.4593097318970229e-05
244.40994939935626,0.12043990382976777,1.4584264734695531e-05
244.43038276641164,0.1188936425665005,1.4573859847803648e-05
244.45081593299255,0.11716186116997779,1.4563199294530446e-05
244.47124919934868,0.11513683016882917,1.4549568324380023e-05
244.49168256547273,0.11290955038800939,1.4534927591361647e-05
244.51211573112232,0.1104603068279918,1.451907522572757e-05
244.53254899654712,0.10776772271054622,1.4501458692597232e-05
244.5529822617391,0.10485069690345557,1.4482463056968345e-05
244.57341552645812,0.10166938101192353,1.4461774363377997e-05
244.59384879118443,0.09823198194167894,1.443906527516989e-05
244.61428205521224,0.09457479013843492,1.4415145463256529e-05
244.63471531923278,0.0906741874107314,1.4390106008380272e-05
244.65514858279494,0.08655558528231785,1.436392918329009e-05
244.6755817461235,0.08220609300029219,1.433619636136761e-05
244.69601500921272,0.07764434980161503,1.4306523169669157e-05
244.73688163447514,0.0677976418047834,1.4243326121699062e-05
244.75731479663227,0.0625149103774138,1.4209359277354268e-05
244.77774815833254,0.057052127797387234,1.4174597843896194e-05
244.79818131979846,0.051374966188584364,1.413834363647232e-05
244.81861458102503,0.0454823702916636,1.4100835080251828e-05
244.83904784202605,0.03945942925690501,1.4062920315191228e-05
244.85948120256216,0.03330803588084731,1.4024364242880495e-05
244.87991436285665,0.027095828431735546,1.3985519160875508e-05
244.90034762292635,0.020655423376411304,1.3945261272371146e-05
244.92078098276397,0.01416148152932709,1.3904699135098346e-05
244.94121414212714,0.007601224455211784,1.386465943482548e-05
244.9616474012655,0.0009514051329656174,1.3823768242602393e-05
244.9820805601703,-0.00572390188952379,1.3782838565227325e-05
245.00251391860365,-0.012433447447795683,1.3741865423816991e-05
245.0229471768107,-0.01909476303107557,1.3701068016146251e-05
245.04338043478492,-0.025774636542566863,1.3660481024965258e-05
245.0638136922862,-0.03241532862616471,1.3620759575361308e-05
245.08424694956193,-0.03904115762319654,1.3581044866111095e-05
245.10468020660483,-0.0455657446383793,1.3541805570886815e-05
245.12511336340685,-0.05195728641215744,1.3503268156260097e-05
245.14554671975202,-0.05832984294678577,1.346542635823983e-05
245.1659799758636,-0.06460704187892176,1.3427745746086127e-05
245.18641313174157,-0.07080979700768442,1.3390551367862556e-05
245.20684648714814,-0.07693957208156121,1.3354382784091653e-05
245.2272797423284,-0.08303010178155726,1.3318265309277792e-05
245.24771289726777,-0.08906493231967921,1.328220468609493e-05
245.26814615198236,-0.09495582206808145,1.3247218473064286e-05
245.28857950623205,-0.10078183881702647,1.3212608986040644e-05
245.3090126602474,-0.10652312215054284,1.317879265365624e-05
245.32944591402338,-0.11228562914347483,1.3145183471971408e-05
245.34987926734175,-0.11787726191316154,1.3112842916450014e-05
245.37031252041925,-0.12342213104323611,1.308094312597239e-05
245.39074567327043,-0.12883931945415314,1.3049659200986005e-05
245.41117892588954,-0.13408966486983437,1.3019174096688675e-05
245.43161227803648,-0.1391354671818955,1.2990294949442836e-05
245.45204542995634,-0.14407870574041265,1.2962109669557477e-05
245.4724786814113,-0.14888129532297117,1.2934929189807667e-05
245.49291203285975,-0.15348506826011482,1.2909251783158289e-05
245.5133451838483,-0.15785216893792886,1.2884319988493582e-05
245.53377843460476,-0.1619942301060353,1.2860659624000604e-05
245.55421168489556,-0.16590295822598594,1.2838487325256195e-05
245.57464493494626,-0.16956528339188265,1.2817663305147082e-05
245.5950781847714,-0.17297194564346183,1.2798965239117575e-05
245.61551143435645,-0.17611765143364408,1.2781436529969965e-05
245.6359446834831,-0.17900414832695566,1.2764935834158808e-05
245.65637793237693,-0.18165910663730286,1.2750090856199942e-05
245.67681118103792,-0.1840382416924641,1.2736616024962438e-05
245.69724452922674,-0.18606279740654974,1.2725240756383848e-05
245.7176776774213,-0.18795557784575123,1.2714498941934374e-05
245.7381109251437,-0.18954060044641632,1.2705455434215222e-05
245.75854407240695,-0.1908490578769441,1.2698178713558264e-05
245.77897741967172,-0.19192003191062676,1.2692545176156782e-05
245.79941066647007,-0.1927642756673761,1.2687509414958854e-05
245.81984391279548,-0.19337454279999192,1.2684457112280337e-05
245.84027715912816,-0.19377262869042708,1.2682102207648022e-05
245.8607104049879,-0.19396844916906703,1.2680945984594746e-05
245.8811436506221,-0.19390569004087752,1.2681474706277345e-05
245.9015767960227,-0.19373257558510182,1.2682300051665814e-05
245.92201014095917,-0.19329213310379303,1.268470903505322e-05
245.96287653012405,-0.1919144030123873,1.2692409045848205e-05
245.98330987412191,-0.19092230310987574,1.2697965958421304e-05
246.00374311789346,-0.18984842410073702,1.2704015163864079e-05
246.02417626143142,-0.18859450164382813,1.2710844613355669e-05
246.0446095047373,-0.1871881801943549,1.2718984579245833e-05
246.06504284757102,-0.1856548876589119,1.2727756231504059e-05
246.08547599017766,-0.1840201461332846,1.2736544821361567e-05
246.10590923254495,-0.1822787876069459,1.2746393641208188e-05
246.12634247445385,-0.1804073049281514,1.2756862410391875e-05
246.14677581636352,-0.1784166702463365,1.276788034656592e-05
246.167208957806,-0.17635325185025474,1.2779723704139389e-05
246.18764209877554,-0.17446153877708304,1.2786548614196289e-05
246.20807543952105,-0.17210899335343186,1.2797619029217483e-05
246.22850868025853,-0.1698141658625421,1.2810825672055288e-05
246.24894182030403,-0.16745115058075008,1.2824011118557057e-05
246.26937516035105,-0.16505020357911954,1.2837519003445934e-05
246.28980839993164,-0.16252692120991966,1.2851711492028647e-05
246.31024153927137,-0.1600150280368889,1.2865613128730238e-05
246.3306747783863,-0.1574373520090633,1.2879722775463449e-05
246.35110811702907,-0.15485056753371626,1.2894478616411502e-05
246.37154125544475,-0.1522322642291306,1.290936749719892e-05
246.39197449362837,-0.149574881469934,1.2924206218891068e-05
246.41240783134708,-0.14691210219183157,1.2939581606361387e-05
246.43284106882493,-0.14421574583669242,1.2954479702865805e-05
246.45327420607646,-0.1414687665033088,1.297058537129024e-05
246.47370744309592,-0.13876789675135012,1.2986051630616771e-05
246.4941407796432,-0.13602511289554847,1.3002109707472211e-05
246.51457391619624,-0.13328296726323297,1.3017640386587148e-05
246.53500715205155,-0.13054667814068605,1.3033638574798307e-05
246.55544048790034,-0.12777336453737337,1.3049664748414935e-05
246.57587362328923,-0.1250021200639479,1.3065470324316447e-05
246.59630685844604,-0.12225085694438768,1.3081253824872286e-05
246.61674009336275,-0.11946367031433416,1.309729474145795e-05
246.63717332782107,-0.11667714013769465,1.3113423653341505e-05
246.65760656204657,-0.11392371864546677,1.3129682686598334e-05
246.67803979603195,-0.11115336283272934,1.3145641809975322e-05
246.69847312979255,-0.10836026953112464,1.3162067802472523e-05
246.71890626308596,-0.10559790270466794,1.3178074717059652e-05
246.73933949614002,-0.10281158902090941,1.319436282802412e-05
246.75977262896777,-0.10006815671448777,1.3210350618969361e-05
246.78020596133138,-0.09728798231091752,1.3226718645089699e-05
246.80063919345412,-0.09455713285902904,1.324308181219887e-05
246.82107232535054,-0.09180895663428058,1.3258686198750925e-05
246.84150565701566,-0.0890269466429277,1.3275445665010722e-05
246.86193888820708,-0.08631039140010559,1.3291238392111554e-05
246.88237211917294,-0.08355665206425314,1.3307227240425651e-05
246.9028052499052,-0.08083451709248353,1.3323007977122383e-05
246.92323858016607,-0.07811298803329492,1.3339137873798818e-05
246.9436718102006,-0.07538815331245358,1.3355388890678105e-05
246.96410494000156,-0.07272082254772055,1.3371532860577824e-05
246.98453826956393,-0.06995694452724616,1.338757065812622e-05
247.00497149866715,-0.0672764224425955,1.3403280477345158e-05
247.02540462753677,-0.06454987575617205,1.3419657752092731e-05
247.04583785616705,-0.061868104894356325,1.3435610394682531e-05
247.06627118457254,-0.059176919209721825,1.3451521627409538e-05
247.08670431251085,-0.05647361934966084,1.3467878500460442e-05
247.1071375402098,-0.05386333438863932,1.3483460029158497e-05
247.12757086768397,-0.05117491008891453,1.3499285072308049e-05
247.14800409469171,-0.04851910675730263,1.3515697551157949e-05
247.1684372214586,-0.045860969943873446,1.3531406830602474e-05
247.18887044800067,-0.04322679964891247,1.3547587227273051e-05
247.20930377431068,-0.04064583491774923,1.356279397900739e-05
247.22973690014624,-0.038043540456066054,1.357899801126839e-05
247.250170125757,-0.03542703978046472,1.3594432916062433e-05
247.27060345113568,-0.032854414419270915,1.3609794620033633e-05
247.29103657603991,-0.03025413521000045,1.3625225091071366e-05
247.31146980071935,-0.027698048501288264,1.3640930507194215e-05
247.33190302516596,-0.025182851014812963,1.3656242479779051e-05
247.35233624937246,-0.022633749455494304,1.367151022205508e-05
247.37276947312057,-0.020100465601189117,1.3686870318543427e-05
247.39320269663585,-0.017572155677836872,1.3702164802611692e-05
247.41363591991103,-0.015124980011861284,1.371752799024776e-05
247.43406914296065,-0.012625517584223336,1.3732402110093146e-05
247.4545023655446,-0.010141385164704992,1.3748073818364359e-05
247.4749354878877,-0.00768682167637113,1.376294601568406e-05
247.49536881000677,-0.005254004970002076,1.3778454996345385e-05
247.5158020316594,-0.00282684360517911,1.379340522697236e-05
247.53623515307845,-0.00043810373259196687,1.3808066370072338e-05
247.5566684742589,0.0019158858475582007,1.3822866074222129e-05
247.57710169521306,0.004274559763701866,1.3837590029006742e-05
247.5975348156935,0.006646061995993399,1.3852409397067488e-05
247.61796803594916,0.008942055507868384,1.3867034819077678e-05
247.63840125597198,0.01121295048918714,1.3880822489577948e-05
247.65883447552187,0.013509804867755831,1.3895598436723515e-05
247.67926769507903,0.015741125334602413,1.3909468745265801e-05
247.7201341327891,0.02015365129695017,1.3937377236092442e-05
247.74056735141494,0.022293420784751623,1.3950328382560138e-05
247.76100046957436,0.024455979799800832,1.3964579877968941e-05
247.7814337874952,0.026577890154761957,1.3977603201593819e-05
247.8223001224178,0.030751340324774355,1.400432083463877e-05
247.8427334394073,0.03279228192468764,1.4016917195171427e-05
247.86316665593768,0.034838026535402966,1.4029536285462557e-05
247.88359987246804,0.03687159044419819,1.404309092526701e-05
247.90403298853198,0.03886697502999762,1.4055612590196024e-05
247.92446630435734,0.04079777089037888,1.4067240462620694e-05
247.94489951995638,0.04278307132275254,1.4080306955496178e-05
247.96533263508172,0.0447186161531405,1.4092384039548125e-05
247.98576594998303,0.04664635345226883,1.4104553749921652e-05
248.00619916465075,0.04854306969924538,1.4116739631748553e-05
248.02663227908488,0.05042993022335325,1.4128949812273156e-05
248.0470655930476,0.052288956081318824,1.414036244004856e-05
248.067498806784,0.05413457032823584,1.4152538858835875e-05
248.08793192027952,0.055966548569028364,1.416418312948926e-05
248.10836513355025,0.05781300368334682,1.4175653126806807e-05
248.1287984463561,0.05960492643721338,1.4186650492408969e-05
248.14923155892757,0.06139119114771022,1.41976661379713e-05
248.16966477102687,0.06317774852991874,1.4209064815536641e-05
248.19009808313422,0.06501224019502337,1.4221352001155474e-05
248.21053129476786,0.0667847843483007,1.4232626257128875e-05
248.25139761735045,0.07030952972104977,1.4255504556592948e-05
248.27183092805353,0.07210892554082389,1.4266669833526201e-05
248.29226403852954,0.07382938655455261,1.4278085776514361e-05
248.31269724877347,0.07558483128418728,1.4288961811498943e-05
248.33313055854524,0.07727636050887973,1.4299822822244233e-05
248.35356366832275,0.0790164871634568,1.43111558266345e-05
248.37399687763536,0.08072692302637294,1.4322254126104128e-05
248.39443008648232,0.08238385532574058,1.4332923155816069e-05
248.414863295322,0.08407775681819576,1.4343584935515353e-05
248.43529650370328,0.08573996927990672,1.4354471575739184e-05
248.45572971184447,0.087414644126738,1.4364879889966257e-05
248.4761629197601,0.08901813855589394,1.4375129609750792e-05
248.49659612721007,0.09065538802270795,1.4385610942983388e-05
248.5170293344272,0.09227822762654558,1.4396338156460618e-05
248.53746244140348,0.09388838100415867,1.4406678183244682e-05
248.55789574815572,0.09543920565050858,1.4416629448169797e-05
248.57832895443426,0.09702381660093615,1.4426767547179117e-05
248.59876206048648,0.0986094133232942,1.4437265086277869e-05
248.6191953663074,0.1001565781808516,1.4447214027451626e-05
248.6396285716619,0.10168044601423286,1.4457444509981592e-05
248.6600617770091,0.10320700575652164,1.4467442496480313e-05
248.68049488189718,0.10465607670936014,1.4476667339441187e-05
248.70092818631383,0.1061465618535554,1.448656982604658e-05
248.721361390737,0.10757818107923214,1.4495780167783816e-05
248.74179449469375,0.10896910639926913,1.4504954675284796e-05
248.7622277984192,0.11035042476039986,1.4513992009121681e-05
248.78266100190376,0.11167988187042706,1.4522804061670075e-05
248.8030941049292,0.11298472126593419,1.4531361455561696e-05
248.82352730772254,0.11425500776932715,1.4539723430335833e-05
248.84396061027655,0.11545723699951024,1.4547826842112615e-05
248.86439371237066,0.11661839115267508,1.4555450113545976e-05
248.88482691446552,0.11775251378281729,1.4562883043398669e-05
248.9052602160882,0.11882061265817473,1.456964493546904e-05
248.92569331748382,0.11980094639056389,1.4576209180787128e-05
248.94612651841453,0.12071228343528517,1.4582390219007301e-05
248.96655971910513,0.12161607334028114,1.4588817547624906e-05
248.98699301957095,0.12237607225533063,1.4593327300385288e-05
249.0074261198024,0.12307873482151915,1.4598000840621302e-05
249.02785931979452,0.12371473956538244,1.4602381489068813e-05
249.04829251932824,0.1242424643093226,1.4606089283460146e-05
249.06872571862914,0.12470279073812246,1.4608656726955713e-05
249.08915891768993,0.12504583838239156,1.4611069678739883e-05
249.10959201629157,0.12525706020243266,1.4612250604803888e-05
249.1300253146619,0.12534736726304238,1.4612997314834073e-05
249.15045851279137,0.12553738950701296,1.4615699498272363e-05
249.17089161069453,0.1252165608076583,1.461207266378529e-05
249.19132490813354,0.1249511467234196,1.461086223220246e-05
249.21175800533092,0.12448855118327604,1.4607125667088405e-05
249.2321912023035,0.12401557852400538,1.4604873315486514e-05
249.25262439904327,0.12324962849384753,1.4599212844875932e-05
249.27305769531085,0.12236135496900133,1.4593528581028191e-05
249.29349079135136,0.121311823131074,1.4586410154375524e-05
249.3139239871598,0.12008074830414925,1.4578581294842685e-05
249.33435728249606,0.11866819050966372,1.456893279769126e-05
249.35479037783807,0.11706467076292784,1.4558476815382257e-05
249.37522357271519,0.11519817058684961,1.4546018275062264e-05
249.39565676711936,0.1131742574474951,1.453276083117271e-05
249.41608996153082,0.11086132436087782,1.4517700379297295e-05
249.4365231554766,0.10836749826202641,1.4501795672262566e-05
249.4569563491823,0.10567300397260872,1.4483625101333822e-05
249.47738954266242,0.10269898749285022,1.4464494564110448e-05
249.4978227356769,0.09955803056442533,1.444405843126429e-05
249.51825592845125,0.09615977870120423,1.4421802006037283e-05
249.5386890209993,0.09251764138252301,1.4398534616634196e-05
249.55912231331604,0.08871389096823054,1.4373725155180013e-05
249.57955550515908,0.08461560519371454,1.4346966083837106e-05
249.59998859700863,0.08031702825298001,1.4320107441746569e-05
249.62042188816122,0.07580281408574378,1.4290424292763455e-05
249.64085507930577,0.0710173493002755,1.4260567296168047e-05
249.66128816999117,0.06608609714972928,1.4228832171305674e-05
249.68172136067733,0.06086472267136962,1.419551872220892e-05
249.70215465065849,0.055461353974678204,1.4161276497238036e-05
249.72258784064616,0.04983714706793198,1.4125534902093037e-05
249.7430209301674,0.044073646440996414,1.4088883265706595e-05
249.76345421945007,0.03809387039033612,1.4051410260354897e-05
249.78388740850642,0.031967776197525534,1.4012388042434349e-05
249.80432049732917,0.02567613490654152,1.3973081942763244e-05
249.82475368567975,0.01931082345142819,1.393294892534849e-05
249.84518697380554,0.012751503750236107,1.3892004566218895e-05
249.86562006169697,0.006135917003692693,1.3850987021372707e-05
249.88605324934906,-0.0005111038376349034,1.380954227973425e-05
249.90648653654353,-0.007209823197850853,1.3768337440444523e-05
249.92691962350364,-0.01394295552241142,1.3726861734050005e-05
249.9473528102244,-0.020684720715642597,1.3685255252037895e-05
249.96778599648678,-0.027360354171652407,1.36448591538619e-05
249.98821918251633,-0.03401354626549885,1.3604973630914245e-05
250.00865236830577,-0.040604464791819894,1.3565032326088742e-05
250.02908555386966,-0.04713871416376335,1.3525251724188284e-05
250.04951883920148,-0.05364822502763958,1.3485965626292167e-05
250.06995192405884,-0.060033748011625275,1.34479807915938e-05
250.0903851086914,-0.06636728096056932,1.341069267997158e-05
250.11081839285907,-0.07261736414962844,1.3373143627272794e-05
250.13125147701794,-0.07878854395934352,1.3336695939043824e-05
250.15168466071918,-0.08485347331810877,1.3300464517101033e-05
250.17211774418683,-0.09081458477233344,1.3265783137082975e-05
250.1925510274159,-0.09665522253725681,1.323169813239235e-05
250.21298421018582,-0.10243742850721618,1.3197957058806101e-05
250.2334173927229,-0.1081021963754524,1.3164852238568599e-05
250.2538505750199,-0.11367417262048825,1.3132460173974378e-05
250.27428375709133,-0.11912331698449263,1.3100557859768073e-05
250.2947169386971,-0.12444865261497255,1.3069988372067558e-05
250.31515002029482,-0.12968699298987413,1.3039465159830898e-05
250.3355833014357,-0.13476044542387644,1.3010321276192766e-05
250.35601648211014,-0.13963449980327616,1.2982296819723426e-05
250.37644956278382,-0.14438767853296658,1.2955277967799684e-05
250.3968828429861,-0.14902632733833435,1.2928922118261731e-05
250.41731602296204,-0.15342513643324518,1.2904409147397285e-05
250.4377491024643,-0.15762216041292051,1.2880341867246197e-05
250.4581822819746,-0.16164712641714035,1.2857734470698779e-05
250.47861556101998,-0.16544187403439914,1.2836551536065244e-05
250.49904863983102,-0.16902221353770075,1.2816143942618578e-05
250.51948181816988,-0.17229107753547382,1.2798206467479236e-05
250.53991499651602,-0.17546003274293648,1.2779924983361206e-05
250.56034817438922,-0.17831807953002488,1.2764002775126332e-05
250.58078135203687,-0.18080049321880987,1.2750459071225332e-05
250.6012144292181,-0.18318802787459468,1.2736902763283048e-05
250.62164770640084,-0.18526188722863626,1.272567494793691e-05
250.64208088310988,-0.18702241264194092,1.2716275865531082e-05
250.66251405959338,-0.18848806047477662,1.2707815698564538e-05
250.70338041162177,-0.19077448891425722,1.2695082032738844e-05
250.72381358717394,-0.1915651147105546,1.2690852504895634e-05
250.74424666249251,-0.1920834967574098,1.268791280184178e-05
250.76467993733968,-0.19245057425360312,1.2685875999238547e-05
250.78511311219336,-0.19253532206761667,1.268522919910209e-05
250.80554618657334,-0.19239694510076763,1.268602495717435e-05
250.8259794607293,-0.19204481828746398,1.2687840389833287e-05
250.84641263465164,-0.1915669117486354,1.2690691654789385e-05
250.86684570810758,-0.19088646031538842,1.2694799036592162e-05
250.88727888132416,-0.18999216525446605,1.2699870186285816e-05
250.90771215431596,-0.18926678607843087,1.2702861123877232e-05
250.92814522706612,-0.187930816036823,1.2713073966810128e-05
250.94857839935867,-0.18685758236274833,1.2717594223096759e-05
250.96901167141914,-0.1849313049308521,1.27283629864698e-05
250.98944474324526,-0.1835470212040325,1.273516164166273e-05
251.00987791483203,-0.18184709093742038,1.274492772012527e-05
251.03031108596042,-0.1800855324953662,1.2754345599208014e-05
251.0507442568487,-0.17821766059410254,1.2764682760727494e-05
251.07117742751143,-0.17619238324954448,1.2776164419931206e-05
251.09161059794133,-0.17415358188922891,1.2787638414640813e-05
251.11204386789905,-0.1720017774653525,1.2800029398546182e-05
251.1324769376297,-0.16975207282710372,1.2811927639468458e-05
251.15291010712826,-0.16751974460369878,1.2824682122545164e-05
251.17334317639325,-0.16519591511012663,1.283790523650838e-05
251.1937764451868,-0.16281826454413234,1.2851484450474212e-05
251.21420961375406,-0.16031789660382811,1.2866259809736134e-05
251.23464278208849,-0.1580445674420991,1.2878468027892408e-05
251.2550759501828,-0.15540535332129785,1.2893321349566675e-05
251.27550911781873,-0.15281669698888647,1.2907812118789967e-05
251.29594228544738,-0.1502627980294775,1.2922224836887602e-05
251.3163753526169,-0.1476133093949844,1.2937470194265328e-05
251.33680861932226,-0.1449293262505003,1.2953532802165447e-05
251.35724178602686,-0.14238361090418142,1.2967197172048272e-05
251.37767485225777,-0.1396811231249446,1.298262812105169e-05
251.39810811826464,-0.13693397101748003,1.2998544024266482e-05
251.41854128403065,-0.13389840639560505,1.3017541813897848e-05
251.4389743493375,-0.13150444857189011,1.3029447249848837e-05
251.4594075144123,-0.12874234229615333,1.3045076977598472e-05
251.47984077925503,-0.12600780637678255,1.3060954629348926e-05
251.50027384385612,-0.12324378379435473,1.3077205965353974e-05
251.5207070079996,-0.1204903581035949,1.3093171358374615e-05
251.54114027213654,-0.11771454387965608,1.3109221860571846e-05
251.56157343581435,-0.1149267293137699,1.3125551130443453e-05
251.58200649925857,-0.1121566147826974,1.3141755909777323e-05
251.60243966223788,-0.10941120303736565,1.3157804364884713e-05
251.62287292497786,-0.10661219350691171,1.3174110757782496e-05
251.64330598749075,-0.1038012085895683,1.3190517528592834e-05
251.66373914977157,-0.1010043491436781,1.3206723176067487e-05
251.68417241181305,-0.09824720190979104,1.322234441323251e-05
251.70460547339462,-0.09545064005716658,1.3239167281109017e-05
251.72503863474412,-0.09267060881521898,1.3255217476215744e-05
251.74547179585352,-0.08987285001477621,1.3271645261378343e-05
251.76590495650453,-0.08710881934260525,1.328806133551921e-05
251.78633811715554,-0.08432140257547643,1.3304555622267605e-05
251.8067712773336,-0.08155896168101946,1.3321045941199985e-05
251.8272045372869,-0.07879990821121918,1.3337276327159176e-05
251.84763759677298,-0.07605194795397763,1.3353703134286327e-05
251.86807075625256,-0.07331945792547519,1.3370223433578833e-05
251.888503815273,-0.07061603180307016,1.3385859707457492e-05
251.90893707406212,-0.06788088579045927,1.3401589425224726e-05
251.92937023237755,-0.06520747463446384,1.3417725141600043e-05
251.9498032906995,-0.0625481747450368,1.3433672014250592e-05
251.9702365485573,-0.05981830233100402,1.3449937537121838e-05
251.99066970617423,-0.0571466349460453,1.3466163793344222e-05
252.01110276356485,-0.05449168837300085,1.3481812589189015e-05
252.03153592049057,-0.051868862058603374,1.3497751355154209e-05
252.05196907717618,-0.0491977526227424,1.3513693254970783e-05
252.072402333637,-0.04657811042859769,1.352942606332907e-05
252.09283538986347,-0.04398918912599542,1.3545307834694733e-05
252.11326864585135,-0.04139050290522156,1.3560999611356043e-05
252.13370170137932,-0.0387904085031038,1.357664960444586e-05
252.15413485667523,-0.03618635338776072,1.3592171198037175e-05
252.17456791173026,-0.033649406745645566,1.3607784600080212e-05
252.19500116632844,-0.031081588525055118,1.3623316746699082e-05
252.21543432092585,-0.0285549457165754,1.3638668793037627e-05
252.23586747505033,-0.02602715356224959,1.3654293697799904e-05
252.25630062871642,-0.023525280304764088,1.3669553670124085e-05
252.2767337823825,-0.021007185192970304,1.368449820950629e-05
252.29716693557566,-0.018534660889815934,1.3699927898836388e-05
252.31759998877533,-0.016042692482520084,1.3715476735554432e-05
252.33803324151086,-0.013576960909121815,1.373066273571632e-05
252.3584663937727,-0.011130797401024546,1.3745706001311796e-05
252.37889944604103,-0.008709096696869766,1.376052917595838e-05
252.39933269784524,-0.00630343856213529,1.377530800035401e-05
252.41976584940858,-0.0038654516714488633,1.3790109588386158e-05
252.44019890051277,-0.0014784273697756294,1.3804592264519163e-05
252.46063205161772,0.0008615050090333699,1.3818935217963897e-05
252.4810653022505,0.0031987507358030884,1.383349201017225e-05
252.5014983526562,0.005554972910084988,1.3848044999691068e-05
252.52193150282983,0.007868164138459444,1.3862217864063091e-05
252.54236475253128,0.010138903540355664,1.3876130702461873e-05
252.56279790223925,0.012413245479646715,1.3890216166681488e-05
252.5832309514808,0.014673891209482275,1.3904526594102002e-05
252.603664100483,0.016849616755126667,1.3917898334590761e-05
252.62409734902758,0.01906592789976269,1.3932184708745686e-05
252.64453039757063,0.021231461917247493,1.3945059685102065e-05
252.6649635456415,0.02341066998611105,1.3959208229986339e-05
252.6853967934876,0.02553097538756124,1.3972521139827434e-05
252.7058298408665,0.027606097458101785,1.3985634378835084e-05
252.7262629882389,0.02967190054222069,1.399855814447723e-05
252.7466961351529,0.03176246497845344,1.4011638282037457e-05
252.76712928183406,0.03379624243625657,1.4024380405810144e-05
252.78756242827512,0.03586670386048022,1.4037484890106243e-05
252.8079955742578,0.03806315599762482,1.40529833870131e-05
252.82842872000765,0.03988606016072252,1.4062843374293034e-05
252.84886186575022,0.04185736401836959,1.4075720807051884e-05
252.86929501080158,0.043844679073274384,1.4088461225951003e-05
252.88972805585217,0.045829749607831066,1.4100844359698815e-05
252.91016130043135,0.04774281045070951,1.4112712350111637e-05
252.93059444478422,0.04970944284179256,1.4125456780608085e-05
252.9510274889035,0.05162358759698733,1.4137553018004227e-05
252.97146073278418,0.05355079728683039,1.4149843431473422e-05
252.99189387620572,0.05543901830621423,1.416188367941572e-05
253.0123269196265,0.05729813547603614,1.4173820060489128e-05
253.0327600625751,0.05918987195562303,1.4185655727486897e-05
253.0531933050661,0.06101974882974728,1.4197809900054255e-05
253.0736264475563,0.06284211437176726,1.4209292190054904e-05
253.0940594895801,0.06469674471136945,1.4220717614846638e-05
253.11449273136532,0.06650258123402335,1.4232902539596553e-05
253.1349258729242,0.06830686028018043,1.4244003375394634e-05
253.1553589140094,0.07005674535725992,1.4254780738806067e-05
253.17579205510265,0.07187923775848512,1.4266854680940072e-05
253.19622529573098,0.07359726981760838,1.4277774598628256e-05
253.21665833612496,0.07533242433946023,1.4288714134604168e-05
253.2370914762796,0.07705286502091495,1.4299618723511842e-05
253.25752471597661,0.0787724248598501,1.4310646357133867e-05
253.277957755432,0.08047262535801257,1.4321522172821176e-05
253.2983908946626,0.0822077116932843,1.4332895089085305e-05
253.31882403366035,0.08384714443023218,1.4343397503398156e-05
253.33925727218593,0.08553374481343771,1.4354200443609012e-05
253.35969031071727,0.08718200557353138,1.4364710101199918e-05
253.3801234487837,0.08884828297162847,1.4375866551652573e-05
253.4005566866108,0.0905148690232506,1.438694806894656e-05
253.42098972397798,0.0920471115535129,1.4396578227322411e-05
253.44142286134593,0.09363238443674163,1.4406746521557416e-05
253.46185589824745,0.0952812149436587,1.4418332732875904e-05
253.4822891349104,0.09673551924265272,1.4426853015987573e-05
253.502722271347,0.09827289529676478,1.443713486688082e-05
253.5231553073172,0.09980673246956721,1.4446684847694102e-05
253.54358854304883,0.1012856286218696,1.445635134785126e-05
253.56402167855413,0.1027853951027538,1.4466209128350467e-05
253.58445471382583,0.10427677383812334,1.4475311340540103e-05
253.6048878488582,0.10571656172635169,1.448467010382187e-05
253.62532108343294,0.10715234602056511,1.4494466998428467e-05
253.64575411777332,0.10856918189657506,1.4503309981852271e-05
253.6866204857506,0.11126929881231118,1.45213009640749e-05
253.70705351915967,0.11256730323161812,1.4529791429894343e-05
253.72748665256222,0.11386122663798581,1.4538358777577448e-05
253.74791968550562,0.11507279192741972,1.454630498420483e-05
253.76835291798488,0.11629859599765409,1.455442833247014e-05
253.7887860504561,0.1174772924303259,1.456244452531666e-05
253.80921918246895,0.11855333000620501,1.456963064368542e-05
253.8296523144818,0.11972649898567497,1.4577572934857458e-05
253.85008544578886,0.12080029637786226,1.4585015318087329e-05
253.8705185771032,0.12181927396831332,1.4592696057675816e-05
253.89095160818397,0.12244678199961034,1.4594907549529549e-05
253.9113848387933,0.12329165564878196,1.4600678225867741e-05
253.93181796917634,0.12399354941407048,1.4605307930986604e-05
253.95225099932577,0.12467024732705097,1.4609625387826957e-05
253.9726842290038,0.12525625821955805,1.4613524726131981e-05
253.99311735868832,0.12572479732584596,1.4617109667835943e-05
254.01355038790643,0.1260783609308401,1.4619061059566239e-05
254.0339835168852,0.1264623076343405,1.4622233563657743e-05
254.05441674540634,0.12646238792173597,1.462142731162718e-05
254.07484987392672,0.12650550311078596,1.4621716365536667e-05
254.0952829019734,0.12640867698068753,1.4621356953143531e-05
254.11571612979606,0.12618615412626225,1.4620034866606776e-05
254.13614925737784,0.12577245669907233,1.4617147728225309e-05
254.1565822847333,0.1254011059348289,1.4615618860988098e-05
254.17701541162387,0.12451644080816905,1.46091053273336e-05
254.19744863828237,0.12384872915756273,1.4605441250253595e-05
254.21788166469923,0.12264381771816671,1.4596573690292358e-05
254.2383147908913,0.12143784446069637,1.4588499611745016e-05
254.2587480166112,0.12004347446249342,1.4579323038203748e-05
254.27918104210403,0.11857827785423915,1.4570655025233746e-05
254.2996141675976,0.1166619924153066,1.4557241442141551e-05
254.3200472923927,0.11463828973655232,1.4544022144201806e-05
254.34048041718052,0.11236820419125243,1.452855783254745e-05
254.36091354150994,0.10994461410070837,1.4512691118290295e-05
254.38134666583937,0.10729385177750261,1.4495741143986204e-05
254.40177988969663,0.10441176875711228,1.4476926368408332e-05
254.42221291309397,0.10132704946062795,1.4456556919939585e-05
254.44264603649208,0.09801030999540646,1.4435358586132904e-05
254.4630790594165,0.09456465490695261,1.4414121064066103e-05
254.48351228211686,0.09067185689040884,1.4387913018721302e-05
254.50394540458365,0.08662307143140932,1.4362056244073847e-05
254.52437842680956,0.08240282041421533,1.4335128643758092e-05
254.54481164857862,0.07791226612816755,1.4305857521316482e-05
254.5652447703469,0.07321360209875072,1.4276051035093772e-05
254.58567789164226,0.06840252230848608,1.4246909806221501e-05
254.60611091247847,0.06314177194425218,1.421194432534893e-05
254.6265441333162,0.05773515121560452,1.4176973386767415e-05
254.64697725368023,0.05214626781423061,1.4141835668038946e-05
254.66741027405078,0.046393424715329895,1.4105028323819066e-05
254.6878434939572,0.040389620240291156,1.4066533354472521e-05
254.7082766133899,0.0343620376641469,1.4029156128830114e-05
254.72870963282912,0.028117926435035915,1.3990176683652766e-05
254.74914275180345,0.021589973786615466,1.3947918829785034e-05
254.76957597053843,0.015123136532673328,1.3907397435035251e-05
254.79000898904633,0.008858479710834078,1.3870944070997073e-05
254.81044210732216,0.002164676094520938,1.3829204499484344e-05
254.83087532512582,-0.004160702574093942,1.3792674272206431e-05
254.8513083427024,-0.011262066296109884,1.3745834495802429e-05
254.8717414600469,-0.018022555499086296,1.3704151962798977e-05
254.8921745771513,-0.02470495720436859,1.366364563469203e-05
254.91260779403092,-0.03137800112883658,1.3622864979738573e-05
254.93304081044334,-0.03795190544923471,1.3583427165606881e-05
254.95347392661643,-0.04446079798851736,1.3544203387560653e-05
254.97390704256395,-0.050875875862073316,1.3505470535986531e-05
254.99434015827865,-0.05726486465250041,1.3466886224481175e-05
255.01477317375247,-0.06351612436459973,1.3429577806383463e-05
255.03520638876944,-0.06969286246472675,1.3392811135827698e-05
255.0556395035528,-0.07579700817538022,1.3356260464904896e-05
255.07607261809608,-0.08182978312106995,1.3320182925289585e-05
255.09650563241303,-0.08776370933518479,1.3286110186397029e-05
255.11693884626584,-0.09363404572749626,1.3251466943141002e-05
255.1373719601106,-0.09947079179322053,1.321670254296708e-05
255.15780497349624,-0.10521270228416607,1.318309728952707e-05
255.17823818665056,-0.11075489977510748,1.3151796393505189e-05
255.19867129933118,-0.11637982324345753,1.3118850805056221e-05
255.21910431201832,-0.12179947009410388,1.3086472137999144e-05
255.23953742424055,-0.12713588228457073,1.3055844094633045e-05
255.25997063622344,-0.132344224860853,1.3026254703274365e-05
255.28040364797926,-0.13741021583531246,1.2997350584760491e-05
255.30083675927017,-0.1423033812349031,1.2969410267994884e-05
255.32126997055457,-0.14704778661495788,1.2942081342576428e-05
255.34170298137906,-0.151393812797778,1.2918840661954883e-05
255.36213609197148,-0.15589337499726535,1.2892606150435305e-05
255.3825692023238,-0.15990747457081717,1.2870607693672949e-05
256.3429249703695,-0.1337979632555723,1.3018576483944059e-05
256.36335796722415,-0.13104245293658753,1.3034021386732074e-05
256.38379106383945,-0.12831688595010937,1.3049982486715558e-05
256.40422426022997,-0.12557834879838864,1.3065650769047787e-05
256.4246572561533,-0.12260657183933205,1.3083768943349256e-05
256.4450903518373,-0.12010554391580595,1.3096957599717108e-05
256.46552354729647,-0.11736209687430352,1.3112727368132373e-05
256.4859566425148,-0.1146423069505114,1.3128434667037823e-05
256.5063896375068,-0.11192355098510874,1.3144081489642025e-05
256.52682273226674,-0.10915234558950283,1.316055522506938e-05
256.547255826561,-0.10644298407496858,1.317671470273503e-05
256.5676889206152,-0.10367904123317079,1.3192747108887381e-05
256.58812191444304,-0.10086936368391462,1.3209313164862591e-05
256.6085551080396,-0.09814053322610561,1.3225100885374595e-05
256.62898820116243,-0.0953808725295535,1.3241544030784212e-05
256.6698542867234,-0.08988995344491776,1.3273804048390366e-05
256.69028747914854,-0.0871025540153335,1.329005004721877e-05
256.71072057134734,-0.08433998218035132,1.330636693001203e-05
256.73115356331255,-0.08156691628386628,1.3323229224622135e-05
256.75158675480634,-0.07884689248131722,1.3339479605914764e-05
256.7720198460738,-0.07612543359161049,1.3355387506854506e-05
256.7924528371077,-0.07339319552128341,1.337148207649498e-05
256.81288592790224,-0.07063846320095409,1.3387762462143916e-05
256.83331911823916,-0.06794834832379988,1.3403792596801658e-05
256.85375210857455,-0.0652228176674727,1.3420263785749727e-05
256.8741851984378,-0.06247538349730374,1.3436835344859292e-05
256.8946183880762,-0.059814717970391375,1.3453027209846723e-05
256.91505147748103,-0.05709660037906654,1.346966451276334e-05
256.93548446641216,-0.054411354390242084,1.3485934912936656e-05
256.95591755535133,-0.051735735081538725,1.3501447314224188e-05
256.9763507438256,-0.049087725216405496,1.3517144044204732e-05
256.99678373205825,-0.04641030420699829,1.3533559783106354e-05
257.0172168200661,-0.04373532469361514,1.354988715536872e-05
257.0376500078419,-0.04109550427136666,1.3565812270006008e-05
257.0580829951432,-0.03848380504767776,1.3581731203405156e-05
257.0785160822197,-0.03588419884679266,1.3597468195100782e-05
257.0989490692955,-0.03325991868557735,1.3613259217778747e-05
257.119382255667,-0.030666724974149476,1.362869074152922e-05
257.13981534204504,-0.028088700920944773,1.3644770190462448e-05
257.16024842819024,-0.02550970616100063,1.366072388781587e-05
257.1806815138625,-0.02294905895488661,1.3675852669276457e-05
257.2011145993092,-0.020430046301195427,1.3691489700017197e-05
257.2215476845231,-0.01787600450192041,1.3707004720775345e-05
257.2419806694961,-0.01541042182568708,1.3721882659712498e-05
257.26241385401227,-0.012929835732630884,1.3735934391462895e-05
257.28284693852765,-0.01043578388378466,1.3751750731009262e-05
257.30327992256935,-0.007987561519865655,1.3766991458759317e-05
257.323713106387,-0.005542835422442613,1.3782164839165468e-05
257.34414618997107,-0.003084540137705651,1.3797427559453039e-05
257.36457917331427,-0.0007012953434397588,1.3811810180792179e-05
257.38501225619984,0.001684615747462323,1.3826331457245378e-05
257.40544543885335,0.004051393967870305,1.3840770049185785e-05
257.425878521266,0.006392217469549729,1.3855458120479581e-05
257.4463115034523,0.00873247974366163,1.3869949988013702e-05
257.4667446854073,0.011012609169782767,1.3884059756825376e-05
257.48717776688864,0.013287481840340303,1.3897891640007297e-05
257.50761074837646,0.015522621819707098,1.3911536565956262e-05
257.5280438293994,0.017816852947471238,1.3925716028950202e-05
257.548477010183,0.020049990832967435,1.3939806400150305e-05
257.5689099907395,0.022263660710515477,1.3953672270947864e-05
257.5893430708311,0.024503560992873125,1.3967838433211466e-05
257.6097762509162,0.026678440654660886,1.3981546247111643e-05
257.63020923054137,0.028832588370505022,1.3994928533200515e-05
257.6506423099345,0.03095763684019481,1.4008153288372584e-05
257.6710753890875,0.03308420054540049,1.4021249576796689e-05
257.69150846801494,0.035153524715646964,1.4034588997459363e-05
257.71194154647674,0.037249873821113645,1.4047957474420695e-05
257.7323746246984,0.03931812064393102,1.4060783751476976e-05
257.75280780292815,0.04131630339398948,1.4073490321329344e-05
257.7732407806907,0.04326641104677523,1.4085790152464827e-05
257.79367385798105,0.04530466178386997,1.409789180579389e-05
257.8141068352779,0.047248965485101886,1.411062814996415e-05
257.83454001211066,0.049227788210164866,1.4123266228973156e-05
257.85497308870254,0.05116460411277969,1.4135716603357275e-05
257.8754061653017,0.05310180450746397,1.4148166843901807e-05
257.89583924120234,0.05495556746824653,1.4160021499352928e-05
257.9162723170957,0.05686603960846501,1.41723363747838e-05
257.93670539276354,0.05866861805563481,1.4183393118285532e-05
257.95713836796494,0.06053403386556498,1.4195685210146807e-05
257.97757154292776,0.062379348720553215,1.4207473228870352e-05
257.9980045176635,0.06420134619291432,1.4219141151383549e-05
258.0184375921672,0.06598600678732502,1.4230951480948229e-05
258.03887076619867,0.06771275724413535,1.4242047800113785e-05
258.0593037402359,0.0695401536378667,1.4253845073345696e-05
258.07973681380827,0.07129836286940279,1.426491429422669e-05
258.100169787147,0.07300928441043868,1.4276154404998783e-05
258.1206029602472,0.07479762277803556,1.4287677328458161e-05
258.14103603312105,0.07641439557494702,1.429715653006732e-05
258.16146910552925,0.07815482964183687,1.430856882421188e-05
258.18190217793017,0.07997520847352126,1.4321445019887339e-05
258.2023352498727,0.08154586753079687,1.4331201582769393e-05
258.22276832157513,0.08324116151882707,1.4341737416798777e-05
258.24320129305124,0.08488439751571471,1.4352028734214851e-05
258.2636344640632,0.08655721047285422,1.4362931585495217e-05
258.2840675350744,0.08815564043925883,1.4373115319691853e-05
258.30450050561194,0.08980866557548775,1.438404365714331e-05
258.3249336759254,0.09148084789252556,1.4394805991100506e-05
258.34536674599804,0.09308117620257927,1.4405164043115394e-05
258.36579971584433,0.09471700520980918,1.441606050766535e-05
258.4066659546079,0.09788901186897818,1.443607283543345e-05
258.4270989235156,0.09948354857580227,1.4446437558578168e-05
258.4475319921985,0.10107203828295351,1.44572536121665e-05
258.46796516064205,0.1025705670691389,1.4466775763376734e-05
